BEGIN TRANSACTION;

INSERT INTO public.patient (medical_insurance_id, name, birthday, gender, address, password) VALUES (169, 'Cheryle Dyer', '1936-03-25', 'other', 'Imagination st.', 'jgh6ryh');
INSERT INTO public.patient (medical_insurance_id, name, birthday, gender, address, password) VALUES (130, 'Terry Allbee', '1990-08-06', 'male', 'Moiwa st.', 'hy43fgb5');
INSERT INTO public.patient (medical_insurance_id, name, birthday, gender, address, password) VALUES (275, 'Eric Masi', '1995-10-07', 'male', 'Moiwa st.', 'gr34g24c');
INSERT INTO public.patient (medical_insurance_id, name, birthday, gender, address, password) VALUES (254, 'Jason Mitchell', '1957-03-19', 'other', 'Imagination st.', 'asdwwqeqwe');
INSERT INTO public.patient (medical_insurance_id, name, birthday, gender, address, password) VALUES (381, 'Michael Chambers', '1968-08-08', 'other', 'Street st.', 'jgh6ryh');
INSERT INTO public.patient (medical_insurance_id, name, birthday, gender, address, password) VALUES (328, 'David Pierce', '1969-08-13', 'female', 'Main st.', 'jgh6ryh');
INSERT INTO public.patient (medical_insurance_id, name, birthday, gender, address, password) VALUES (125, 'Robert Hall', '1958-05-28', 'male', 'Moiwa st.', 'pashbk334w');
INSERT INTO public.patient (medical_insurance_id, name, birthday, gender, address, password) VALUES (53, 'Steven Sharp', '1987-07-26', 'other', 'Street st.', 'asdjwekfb');
INSERT INTO public.patient (medical_insurance_id, name, birthday, gender, address, password) VALUES (27, 'Linda Roscoe', '1920-06-27', 'other', 'Street st.', 'pswrd1');
INSERT INTO public.patient (medical_insurance_id, name, birthday, gender, address, password) VALUES (359, 'Thomas Sindelar', '1965-10-07', 'female', 'Mob st.', 'zxfgew2');
INSERT INTO public.patient (medical_insurance_id, name, birthday, gender, address, password) VALUES (149, 'Jimmy Tinson', '1941-08-17', 'other', 'Kojima st.', 'hy43fgb5');
INSERT INTO public.patient (medical_insurance_id, name, birthday, gender, address, password) VALUES (303, 'Ashley Weiland', '1938-11-06', 'female', 'Tea st.', 'jgh6ryh');
INSERT INTO public.patient (medical_insurance_id, name, birthday, gender, address, password) VALUES (146, 'Preston Gochenour', '1974-05-16', 'female', 'Moiwa st.', 'asdwwqeqwe');
INSERT INTO public.patient (medical_insurance_id, name, birthday, gender, address, password) VALUES (393, 'Susan Franca', '1935-10-10', 'other', 'Moiwa st.', 'asdjwekfb');
INSERT INTO public.patient (medical_insurance_id, name, birthday, gender, address, password) VALUES (214, 'Leticia Nunez', '1932-07-03', 'male', 'Street st.', 'zxfgew2');
INSERT INTO public.patient (medical_insurance_id, name, birthday, gender, address, password) VALUES (81, 'Tiffany Mckoan', '1977-03-04', 'male', 'Street st.', 'asdwwqeqwe');
INSERT INTO public.patient (medical_insurance_id, name, birthday, gender, address, password) VALUES (345, 'Nancy Keiper', '1919-06-14', 'other', 'Kojima st.', 'hy43fgb5');
INSERT INTO public.patient (medical_insurance_id, name, birthday, gender, address, password) VALUES (269, 'James Rich', '1937-09-27', 'female', 'LoveMyself st.', 'gr34g24c');
INSERT INTO public.patient (medical_insurance_id, name, birthday, gender, address, password) VALUES (348, 'Elaine Goodwin', '1990-05-27', 'other', 'Main st.', 'gr34g24c');
INSERT INTO public.patient (medical_insurance_id, name, birthday, gender, address, password) VALUES (79, 'Mary Dotson', '1949-02-19', 'female', 'Main st.', 'jgh6ryh');
INSERT INTO public.patient (medical_insurance_id, name, birthday, gender, address, password) VALUES (156, 'Louise Benjamin', '1919-12-18', 'other', 'Mob st.', 'zxfgew2');
INSERT INTO public.patient (medical_insurance_id, name, birthday, gender, address, password) VALUES (331, 'Mel Eisenberg', '1915-04-15', 'male', 'Imagination st.', 'hy43fgb5');
INSERT INTO public.patient (medical_insurance_id, name, birthday, gender, address, password) VALUES (42, 'Mary Wadsworth', '1951-05-07', 'other', 'Mob st.', 'pswrd1');
INSERT INTO public.patient (medical_insurance_id, name, birthday, gender, address, password) VALUES (112, 'Tracey Webster', '1952-09-26', 'male', 'Moiwa st.', 'asdwwqeqwe');
INSERT INTO public.patient (medical_insurance_id, name, birthday, gender, address, password) VALUES (198, 'Christine Brown', '1930-02-13', 'female', 'Street st.', 'hy43fgb5');
INSERT INTO public.patient (medical_insurance_id, name, birthday, gender, address, password) VALUES (284, 'Christine Lawson', '1915-06-01', 'female', 'Tea st.', 'pashbk334w');
INSERT INTO public.patient (medical_insurance_id, name, birthday, gender, address, password) VALUES (327, 'Mark Mcclendon', '1913-07-11', 'other', 'Tea st.', 'pswrd1');
INSERT INTO public.patient (medical_insurance_id, name, birthday, gender, address, password) VALUES (330, 'Mathew Cooper', '1985-10-26', 'other', 'Kojima st.', 'pashbk334w');
INSERT INTO public.patient (medical_insurance_id, name, birthday, gender, address, password) VALUES (17, 'Dorothy Marston', '1915-01-24', 'other', 'Moiwa st.', 'gr34g24c');
INSERT INTO public.patient (medical_insurance_id, name, birthday, gender, address, password) VALUES (93, 'Christina Rooney', '1923-06-19', 'female', 'Main st.', 'asdjwekfb');
INSERT INTO public.patient (medical_insurance_id, name, birthday, gender, address, password) VALUES (131, 'Bernard Simpson', '1922-05-16', 'other', 'Moiwa st.', 'hy43fgb5');
INSERT INTO public.patient (medical_insurance_id, name, birthday, gender, address, password) VALUES (389, 'Michael Edwards', '1935-10-10', 'female', 'LoveMyself st.', 'zxfgew2');
INSERT INTO public.patient (medical_insurance_id, name, birthday, gender, address, password) VALUES (181, 'Joshua Saunders', '1929-02-26', 'other', 'Imagination st.', 'jgh6ryh');
INSERT INTO public.patient (medical_insurance_id, name, birthday, gender, address, password) VALUES (390, 'Emmanuel Vega', '1969-01-20', 'other', 'Mob st.', 'zxfgew2');
INSERT INTO public.patient (medical_insurance_id, name, birthday, gender, address, password) VALUES (305, 'Mary Black', '1968-06-19', 'male', 'Mob st.', 'hy43fgb5');
INSERT INTO public.patient (medical_insurance_id, name, birthday, gender, address, password) VALUES (7, 'Pamela Monteros', '1972-09-23', 'male', 'Main st.', 'pashbk334w');
INSERT INTO public.patient (medical_insurance_id, name, birthday, gender, address, password) VALUES (353, 'Thomas Quella', '1927-01-22', 'female', 'Tea st.', 'hy43fgb5');
INSERT INTO public.patient (medical_insurance_id, name, birthday, gender, address, password) VALUES (278, 'Carol Montgomery', '1994-06-12', 'other', 'Imagination st.', 'zxfgew2');
INSERT INTO public.patient (medical_insurance_id, name, birthday, gender, address, password) VALUES (114, 'Augustine Stockton', '1922-12-13', 'other', 'Street st.', 'asdjwekfb');
INSERT INTO public.patient (medical_insurance_id, name, birthday, gender, address, password) VALUES (95, 'John Wilbert', '1975-02-12', 'other', 'Tea st.', 'zxfgew2');


INSERT INTO public.drug (id, quantity_in_stock, expire_date, name, cost) VALUES (9, 19, '2024-08-18', 'MegaMedicine', 3408);
INSERT INTO public.drug (id, quantity_in_stock, expire_date, name, cost) VALUES (10, 23, '2025-03-27', 'Supermedicine', 3671);
INSERT INTO public.drug (id, quantity_in_stock, expire_date, name, cost) VALUES (11, 19, '2027-04-25', 'Medicinetol', 1491);
INSERT INTO public.drug (id, quantity_in_stock, expire_date, name, cost) VALUES (12, 25, '2029-10-05', 'GoodMedicine', 676);

INSERT INTO public.staff (ssn, role_id, office, hiring_date, salary, password, first_name, last_name, birthday) VALUES (91, 'primary doctor', 51, '2012-10-16', 52874, 'jgh6ryh', 'Randall', 'Miller', '1950-03-06');
INSERT INTO public.staff (ssn, role_id, office, hiring_date, salary, password, first_name, last_name, birthday) VALUES (351, 'seller', 65, '2001-09-23', 38719, 'pswrd1', 'Tamela', 'Perkins', '1954-02-22');
INSERT INTO public.staff (ssn, role_id, office, hiring_date, salary, password, first_name, last_name, birthday) VALUES (194, 'receptionist', 397, '2014-04-19', 41657, 'jgh6ryh', 'William', 'Gallion', '1954-10-14');
INSERT INTO public.staff (ssn, role_id, office, hiring_date, salary, password, first_name, last_name, birthday) VALUES (319, 'receptionist', 389, '2016-03-05', 39775, 'asdjwekfb', 'Norma', 'Crumbley', '1951-10-20');
INSERT INTO public.staff (ssn, role_id, office, hiring_date, salary, password, first_name, last_name, birthday) VALUES (48, 'nurse', 107, '2009-03-01', 56624, 'jgh6ryh', 'Sarah', 'Gibson', '1976-01-21');
INSERT INTO public.staff (ssn, role_id, office, hiring_date, salary, password, first_name, last_name, birthday) VALUES (387, 'nurse', 77, '2008-11-11', 30882, 'pashbk334w', 'Gary', 'Thalls', '1968-07-27');
INSERT INTO public.staff (ssn, role_id, office, hiring_date, salary, password, first_name, last_name, birthday) VALUES (101, 'doctor', 117, '2016-01-12', 41937, 'asdwwqeqwe', 'John', 'Robinson', '1970-12-24');
INSERT INTO public.staff (ssn, role_id, office, hiring_date, salary, password, first_name, last_name, birthday) VALUES (117, 'staff', 224, '2014-04-03', 56845, 'jgh6ryh', 'Kathleen', 'Holliday', '1951-06-20');
INSERT INTO public.staff (ssn, role_id, office, hiring_date, salary, password, first_name, last_name, birthday) VALUES (103, 'doctor', 173, '2004-01-11', 51825, 'gr34g24c', 'Melanie', 'Vanbrunt', '1964-03-26');
INSERT INTO public.staff (ssn, role_id, office, hiring_date, salary, password, first_name, last_name, birthday) VALUES (361, 'seller', 213, '2015-05-21', 55033, 'zxfgew2', 'Lola', 'Holcomb', '1953-02-15');
INSERT INTO public.staff (ssn, role_id, office, hiring_date, salary, password, first_name, last_name, birthday) VALUES (203, 'staff', 284, '2007-01-26', 34612, 'gr34g24c', 'Arlene', 'Smith', '1952-05-21');
INSERT INTO public.staff (ssn, role_id, office, hiring_date, salary, password, first_name, last_name, birthday) VALUES (335, 'nurse', 58, '2007-09-17', 48916, 'pswrd1', 'Chandra', 'Mcclaren', '1958-09-23');
INSERT INTO public.staff (ssn, role_id, office, hiring_date, salary, password, first_name, last_name, birthday) VALUES (119, 'seller', 294, '2017-01-22', 40407, 'hy43fgb5', 'Nicole', 'Smith', '1962-02-19');
INSERT INTO public.staff (ssn, role_id, office, hiring_date, salary, password, first_name, last_name, birthday) VALUES (35, 'doctor', 78, '2002-10-11', 41948, 'gr34g24c', 'Marty', 'Rice', '1955-04-20');
INSERT INTO public.staff (ssn, role_id, office, hiring_date, salary, password, first_name, last_name, birthday) VALUES (158, 'receptionist', 307, '2014-08-24', 48506, 'pashbk334w', 'Eugene', 'Scerbo', '1961-04-06');
INSERT INTO public.staff (ssn, role_id, office, hiring_date, salary, password, first_name, last_name, birthday) VALUES (0, 'nurse', 194, '2001-11-26', 49178, 'asdjwekfb', 'Clyde', 'Lozon', '1957-09-07');
INSERT INTO public.staff (ssn, role_id, office, hiring_date, salary, password, first_name, last_name, birthday) VALUES (395, 'seller', 27, '2003-01-17', 30485, 'zxfgew2', 'Lillian', 'Hong', '1970-01-23');
INSERT INTO public.staff (ssn, role_id, office, hiring_date, salary, password, first_name, last_name, birthday) VALUES (85, 'seller', 395, '2009-08-19', 53909, 'jgh6ryh', 'Jose', 'Gadson', '1960-09-05');
INSERT INTO public.staff (ssn, role_id, office, hiring_date, salary, password, first_name, last_name, birthday) VALUES (28, 'staff', 140, '2002-02-07', 47276, 'jgh6ryh', 'Thomas', 'Butterworth', '1967-04-17');
INSERT INTO public.staff (ssn, role_id, office, hiring_date, salary, password, first_name, last_name, birthday) VALUES (191, 'receptionist', 155, '2017-03-07', 54714, 'hy43fgb5', 'Francisco', 'Nelson', '1954-12-20');
INSERT INTO public.staff (ssn, role_id, office, hiring_date, salary, password, first_name, last_name, birthday) VALUES (290, 'staff', 334, '2017-12-26', 56732, 'pswrd1', 'Inez', 'Cash', '1973-11-28');
INSERT INTO public.staff (ssn, role_id, office, hiring_date, salary, password, first_name, last_name, birthday) VALUES (172, 'nurse', 267, '2014-09-19', 48556, 'hy43fgb5', 'Larry', 'Anderson', '1967-12-02');
INSERT INTO public.staff (ssn, role_id, office, hiring_date, salary, password, first_name, last_name, birthday) VALUES (204, 'receptionist', 158, '2004-06-25', 33673, 'gr34g24c', 'Angelina', 'Townsend', '1958-01-06');
INSERT INTO public.staff (ssn, role_id, office, hiring_date, salary, password, first_name, last_name, birthday) VALUES (276, 'seller', 206, '2001-07-24', 30602, 'zxfgew2', 'Travis', 'Chupp', '1975-10-25');
INSERT INTO public.staff (ssn, role_id, office, hiring_date, salary, password, first_name, last_name, birthday) VALUES (141, 'seller', 379, '2019-05-17', 46697, 'pswrd1', 'Jacquelyn', 'Jessup', '1955-07-11');
INSERT INTO public.staff (ssn, role_id, office, hiring_date, salary, password, first_name, last_name, birthday) VALUES (75, 'doctor', 6, '2018-09-21', 34640, 'asdwwqeqwe', 'Lois', 'Pratt', '1970-12-08');
INSERT INTO public.staff (ssn, role_id, office, hiring_date, salary, password, first_name, last_name, birthday) VALUES (234, 'nurse', 313, '2015-03-07', 56283, 'gr34g24c', 'Justin', 'Coleman', '1979-08-23');
INSERT INTO public.staff (ssn, role_id, office, hiring_date, salary, password, first_name, last_name, birthday) VALUES (226, 'seller', 249, '2017-12-06', 47252, 'gr34g24c', 'Max', 'Radcliff', '1979-08-15');
INSERT INTO public.staff (ssn, role_id, office, hiring_date, salary, password, first_name, last_name, birthday) VALUES (201, 'seller', 74, '2008-03-05', 38809, 'asdwwqeqwe', 'Betty', 'Parker', '1952-03-25');
INSERT INTO public.staff (ssn, role_id, office, hiring_date, salary, password, first_name, last_name, birthday) VALUES (355, 'staff', 241, '2010-03-01', 44630, 'jgh6ryh', 'Mark', 'Wong', '1972-11-22');
INSERT INTO public.staff (ssn, role_id, office, hiring_date, salary, password, first_name, last_name, birthday) VALUES (367, 'doctor', 335, '2017-01-12', 35360, 'asdwwqeqwe', 'Amy', 'Richards', '1951-11-22');
INSERT INTO public.staff (ssn, role_id, office, hiring_date, salary, password, first_name, last_name, birthday) VALUES (19, 'seller', 320, '2015-07-06', 56539, 'pswrd1', 'Raeann', 'Paschal', '1973-01-27');
INSERT INTO public.staff (ssn, role_id, office, hiring_date, salary, password, first_name, last_name, birthday) VALUES (251, 'seller', 45, '2019-10-24', 34330, 'asdjwekfb', 'Shirley', 'Schradle', '1966-07-17');
INSERT INTO public.staff (ssn, role_id, office, hiring_date, salary, password, first_name, last_name, birthday) VALUES (98, 'doctor', 199, '2005-12-02', 50001, 'asdjwekfb', 'Kay', 'Hilliard', '1970-08-21');
INSERT INTO public.staff (ssn, role_id, office, hiring_date, salary, password, first_name, last_name, birthday) VALUES (69, 'staff', 357, '2017-07-26', 49299, 'zxfgew2', 'Maria', 'Patterson', '1955-08-23');
INSERT INTO public.staff (ssn, role_id, office, hiring_date, salary, password, first_name, last_name, birthday) VALUES (135, 'doctor', 31, '2009-01-23', 58144, 'jgh6ryh', 'Robert', 'Miniard', '1970-05-22');
INSERT INTO public.staff (ssn, role_id, office, hiring_date, salary, password, first_name, last_name, birthday) VALUES (316, 'staff', 186, '2002-05-13', 54516, 'gr34g24c', 'Victoria', 'Whitmer', '1974-08-16');
INSERT INTO public.staff (ssn, role_id, office, hiring_date, salary, password, first_name, last_name, birthday) VALUES (238, 'doctor', 113, '2009-12-25', 44101, 'jgh6ryh', 'Michael', 'Stevenson', '1972-09-01');
INSERT INTO public.staff (ssn, role_id, office, hiring_date, salary, password, first_name, last_name, birthday) VALUES (1, 'nurse', 297, '2016-05-08', 55872, 'gr34g24c', 'Jack', 'Pitt', '1951-12-10');
INSERT INTO public.staff (ssn, role_id, office, hiring_date, salary, password, first_name, last_name, birthday) VALUES (349, 'nurse', 96, '2005-09-28', 49637, 'zxfgew2', 'Diana', 'Root', '1971-05-25');
INSERT INTO public.staff (ssn, role_id, office, hiring_date, salary, password, first_name, last_name, birthday) VALUES (323, 'seller', 385, '2012-11-14', 44930, 'pashbk334w', 'Teresa', 'Vogel', '1980-07-21');
INSERT INTO public.staff (ssn, role_id, office, hiring_date, salary, password, first_name, last_name, birthday) VALUES (143, 'seller', 53, '2004-10-28', 53500, 'asdwwqeqwe', 'Georgia', 'Preston', '1973-07-18');
INSERT INTO public.staff (ssn, role_id, office, hiring_date, salary, password, first_name, last_name, birthday) VALUES (180, 'receptionist', 183, '2013-07-25', 46376, 'zxfgew2', 'Thomas', 'Knight', '1963-11-28');
INSERT INTO public.staff (ssn, role_id, office, hiring_date, salary, password, first_name, last_name, birthday) VALUES (12, 'receptionist', 147, '2005-07-01', 56876, 'asdjwekfb', 'Kristina', 'Hammond', '1951-11-14');
INSERT INTO public.staff (ssn, role_id, office, hiring_date, salary, password, first_name, last_name, birthday) VALUES (102, 'doctor', 372, '2001-06-13', 49877, 'pswrd1', 'Stepanie', 'Griggs', '1972-10-20');
INSERT INTO public.staff (ssn, role_id, office, hiring_date, salary, password, first_name, last_name, birthday) VALUES (99, 'doctor', 367, '2001-11-01', 55607, 'gr34g24c', 'Ryan', 'Sevin', '1971-10-24');
INSERT INTO public.staff (ssn, role_id, office, hiring_date, salary, password, first_name, last_name, birthday) VALUES (165, 'seller', 230, '2012-12-20', 45189, 'gr34g24c', 'Henry', 'Maldonado', '1975-05-09');
INSERT INTO public.staff (ssn, role_id, office, hiring_date, salary, password, first_name, last_name, birthday) VALUES (296, 'staff', 75, '2009-12-12', 59308, 'pashbk334w', 'William', 'Masi', '1960-10-13');
INSERT INTO public.staff (ssn, role_id, office, hiring_date, salary, password, first_name, last_name, birthday) VALUES (157, 'staff', 86, '2005-06-24', 47089, 'gr34g24c', 'Virginia', 'Cargile', '1977-11-28');
INSERT INTO public.staff (ssn, role_id, office, hiring_date, salary, password, first_name, last_name, birthday) VALUES (218, 'nurse', 153, '2011-11-15', 37971, 'jgh6ryh', 'Crystal', 'White', '1970-03-23');
INSERT INTO public.staff (ssn, role_id, office, hiring_date, salary, password, first_name, last_name, birthday) VALUES (260, 'staff', 250, '2003-12-26', 55938, 'hy43fgb5', 'Armida', 'Burr', '1965-03-16');
INSERT INTO public.staff (ssn, role_id, office, hiring_date, salary, password, first_name, last_name, birthday) VALUES (397, 'seller', 148, '2002-01-02', 53160, 'pashbk334w', 'Herman', 'Thomas', '1968-12-12');
INSERT INTO public.staff (ssn, role_id, office, hiring_date, salary, password, first_name, last_name, birthday) VALUES (16, 'doctor', 369, '2010-09-21', 47346, 'asdwwqeqwe', 'Eric', 'Harden', '1975-12-20');
INSERT INTO public.staff (ssn, role_id, office, hiring_date, salary, password, first_name, last_name, birthday) VALUES (67, 'staff', 325, '2015-01-17', 57411, 'jgh6ryh', 'John', 'Benites', '1980-02-03');
INSERT INTO public.staff (ssn, role_id, office, hiring_date, salary, password, first_name, last_name, birthday) VALUES (50, 'doctor', 193, '2009-05-13', 44035, 'hy43fgb5', 'Erica', 'Gladden', '1956-09-01');
INSERT INTO public.staff (ssn, role_id, office, hiring_date, salary, password, first_name, last_name, birthday) VALUES (317, 'nurse', 264, '2004-12-16', 30387, 'pswrd1', 'Donovan', 'Jordan', '1970-12-10');
INSERT INTO public.staff (ssn, role_id, office, hiring_date, salary, password, first_name, last_name, birthday) VALUES (321, 'receptionist', 303, '2010-02-01', 55584, 'asdjwekfb', 'Kathy', 'Thomas', '1961-04-12');
INSERT INTO public.staff (ssn, role_id, office, hiring_date, salary, password, first_name, last_name, birthday) VALUES (285, 'nurse', 271, '2011-05-10', 47878, 'gr34g24c', 'Sharon', 'Webb', '1966-06-16');
INSERT INTO public.staff (ssn, role_id, office, hiring_date, salary, password, first_name, last_name, birthday) VALUES (189, 'staff', 258, '2015-02-20', 35128, 'jgh6ryh', 'Carl', 'Cline', '1962-01-16');
INSERT INTO public.staff (ssn, role_id, office, hiring_date, salary, password, first_name, last_name, birthday) VALUES (64, 'staff', 137, '2004-02-10', 52598, 'pashbk334w', 'Anthony', 'Sharkey', '1976-02-15');
INSERT INTO public.staff (ssn, role_id, office, hiring_date, salary, password, first_name, last_name, birthday) VALUES (378, 'doctor', 98, '2011-07-05', 31389, 'zxfgew2', 'Kenneth', 'Lafarge', '1958-02-10');
INSERT INTO public.staff (ssn, role_id, office, hiring_date, salary, password, first_name, last_name, birthday) VALUES (76, 'seller', 309, '2007-05-21', 53870, 'asdjwekfb', 'Margaret', 'Newton', '1974-06-10');
INSERT INTO public.staff (ssn, role_id, office, hiring_date, salary, password, first_name, last_name, birthday) VALUES (261, 'nurse', 254, '2010-02-06', 39670, 'pashbk334w', 'Robert', 'Boyd', '1961-09-13');
INSERT INTO public.staff (ssn, role_id, office, hiring_date, salary, password, first_name, last_name, birthday) VALUES (227, 'seller', 257, '2016-07-22', 31864, 'gr34g24c', 'Randy', 'Sachez', '1966-05-05');
INSERT INTO public.staff (ssn, role_id, office, hiring_date, salary, password, first_name, last_name, birthday) VALUES (73, 'seller', 399, '2006-08-18', 46788, 'asdwwqeqwe', 'Deidra', 'Garcia', '1975-07-16');
INSERT INTO public.staff (ssn, role_id, office, hiring_date, salary, password, first_name, last_name, birthday) VALUES (11, 'doctor', 0, '2019-07-13', 42115, 'zxfgew2', 'Sharon', 'Rivera', '1975-04-13');
INSERT INTO public.staff (ssn, role_id, office, hiring_date, salary, password, first_name, last_name, birthday) VALUES (289, 'receptionist', 122, '2015-09-20', 37200, 'asdjwekfb', 'Colette', 'Greene', '1959-11-20');
INSERT INTO public.staff (ssn, role_id, office, hiring_date, salary, password, first_name, last_name, birthday) VALUES (339, 'nurse', 353, '2009-04-21', 45856, 'zxfgew2', 'Joan', 'Blackwood', '1951-09-05');
INSERT INTO public.staff (ssn, role_id, office, hiring_date, salary, password, first_name, last_name, birthday) VALUES (153, 'seller', 291, '2001-04-17', 38607, 'hy43fgb5', 'Fredda', 'Mcclellan', '1977-12-05');
INSERT INTO public.staff (ssn, role_id, office, hiring_date, salary, password, first_name, last_name, birthday) VALUES (293, 'doctor', 73, '2014-12-11', 54334, 'hy43fgb5', 'Ardith', 'Beasley', '1966-09-27');
INSERT INTO public.staff (ssn, role_id, office, hiring_date, salary, password, first_name, last_name, birthday) VALUES (58, 'receptionist', 366, '2012-08-01', 59681, 'asdjwekfb', 'Tara', 'Cody', '1975-12-27');
INSERT INTO public.staff (ssn, role_id, office, hiring_date, salary, password, first_name, last_name, birthday) VALUES (287, 'staff', 396, '2011-06-23', 56649, 'asdwwqeqwe', 'Richard', 'Rubio', '1951-02-01');
INSERT INTO public.staff (ssn, role_id, office, hiring_date, salary, password, first_name, last_name, birthday) VALUES (206, 'staff', 351, '2006-12-27', 50575, 'asdjwekfb', 'Jefferson', 'Meyer', '1980-01-05');
INSERT INTO public.staff (ssn, role_id, office, hiring_date, salary, password, first_name, last_name, birthday) VALUES (312, 'staff', 37, '2006-03-06', 30089, 'hy43fgb5', 'Nathan', 'Pugh', '1955-03-10');
INSERT INTO public.staff (ssn, role_id, office, hiring_date, salary, password, first_name, last_name, birthday) VALUES (224, 'receptionist', 52, '2013-10-01', 57073, 'pswrd1', 'Debbie', 'Bunker', '1952-08-02');
INSERT INTO public.staff (ssn, role_id, office, hiring_date, salary, password, first_name, last_name, birthday) VALUES (205, 'seller', 163, '2004-06-11', 53174, 'asdwwqeqwe', 'James', 'Mowers', '1952-02-26');
INSERT INTO public.staff (ssn, role_id, office, hiring_date, salary, password, first_name, last_name, birthday) VALUES (171, 'nurse', 192, '2017-05-07', 42071, 'gr34g24c', 'Jerry', 'Val', '1954-02-02');
INSERT INTO public.staff (ssn, role_id, office, hiring_date, salary, password, first_name, last_name, birthday) VALUES (38, 'staff', 188, '2000-09-08', 44165, 'pswrd1', 'Beau', 'Wright', '1950-12-19');
INSERT INTO public.staff (ssn, role_id, office, hiring_date, salary, password, first_name, last_name, birthday) VALUES (315, 'seller', 355, '2016-11-21', 46503, 'asdwwqeqwe', 'Michael', 'Meyer', '1959-01-21');
INSERT INTO public.staff (ssn, role_id, office, hiring_date, salary, password, first_name, last_name, birthday) VALUES (318, 'seller', 61, '2014-10-14', 54892, 'asdjwekfb', 'Carolyn', 'Young', '1974-10-22');
INSERT INTO public.staff (ssn, role_id, office, hiring_date, salary, password, first_name, last_name, birthday) VALUES (255, 'staff', 272, '2003-10-11', 41594, 'zxfgew2', 'Mark', 'Parker', '1962-12-23');
INSERT INTO public.staff (ssn, role_id, office, hiring_date, salary, password, first_name, last_name, birthday) VALUES (57, 'nurse', 182, '2001-12-08', 37465, 'asdwwqeqwe', 'Erik', 'Parent', '1964-11-22');
INSERT INTO public.staff (ssn, role_id, office, hiring_date, salary, password, first_name, last_name, birthday) VALUES (20, 'doctor', 178, '2018-06-20', 38425, 'hy43fgb5', 'Theresa', 'Oddo', '1979-09-22');
INSERT INTO public.staff (ssn, role_id, office, hiring_date, salary, password, first_name, last_name, birthday) VALUES (77, 'doctor', 211, '2018-04-13', 55939, 'jgh6ryh', 'Michael', 'Aragaki', '1957-01-09');
INSERT INTO public.staff (ssn, role_id, office, hiring_date, salary, password, first_name, last_name, birthday) VALUES (126, 'receptionist', 114, '2002-10-09', 37148, 'pashbk334w', 'Sandra', 'Casey', '1964-01-28');
INSERT INTO public.staff (ssn, role_id, office, hiring_date, salary, password, first_name, last_name, birthday) VALUES (320, 'staff', 364, '2001-06-02', 38132, 'asdwwqeqwe', 'Marcia', 'Fitch', '1965-07-07');
INSERT INTO public.staff (ssn, role_id, office, hiring_date, salary, password, first_name, last_name, birthday) VALUES (132, 'seller', 266, '2015-07-24', 38944, 'asdjwekfb', 'Jeffery', 'Thrift', '1970-10-21');
INSERT INTO public.staff (ssn, role_id, office, hiring_date, salary, password, first_name, last_name, birthday) VALUES (258, 'doctor', 299, '2014-02-18', 56872, 'asdjwekfb', 'Steven', 'Whalen', '1954-04-05');
INSERT INTO public.staff (ssn, role_id, office, hiring_date, salary, password, first_name, last_name, birthday) VALUES (279, 'seller', 227, '2000-12-15', 41730, 'jgh6ryh', 'Vivian', 'Schell', '1967-01-22');
INSERT INTO public.staff (ssn, role_id, office, hiring_date, salary, password, first_name, last_name, birthday) VALUES (100, 'staff', 181, '2000-11-09', 35160, 'gr34g24c', 'Leonard', 'Delao', '1958-08-23');
INSERT INTO public.staff (ssn, role_id, office, hiring_date, salary, password, first_name, last_name, birthday) VALUES (33, 'receptionist', 82, '2010-01-03', 54313, 'pswrd1', 'Richard', 'Henry', '1952-10-23');
INSERT INTO public.staff (ssn, role_id, office, hiring_date, salary, password, first_name, last_name, birthday) VALUES (223, 'seller', 25, '2017-02-17', 46698, 'hy43fgb5', 'Jovita', 'Parker', '1975-11-09');
INSERT INTO public.staff (ssn, role_id, office, hiring_date, salary, password, first_name, last_name, birthday) VALUES (24, 'receptionist', 265, '2005-09-26', 32814, 'asdwwqeqwe', 'Howard', 'Mcclung', '1954-05-19');
INSERT INTO public.staff (ssn, role_id, office, hiring_date, salary, password, first_name, last_name, birthday) VALUES (392, 'staff', 21, '2002-03-15', 36290, 'jgh6ryh', 'Sharon', 'Holmes', '1958-08-07');
INSERT INTO public.staff (ssn, role_id, office, hiring_date, salary, password, first_name, last_name, birthday) VALUES (94, 'staff', 228, '2019-09-04', 49634, 'asdjwekfb', 'Richard', 'Mooneyham', '1977-05-08');
INSERT INTO public.staff (ssn, role_id, office, hiring_date, salary, password, first_name, last_name, birthday) VALUES (147, 'nurse', 343, '2019-05-08', 48167, 'jgh6ryh', 'Stuart', 'Walker', '1963-08-04');
INSERT INTO public.staff (ssn, role_id, office, hiring_date, salary, password, first_name, last_name, birthday) VALUES (140, 'doctor', 244, '2018-01-06', 59507, 'asdwwqeqwe', 'Bobby', 'Armitage', '1955-05-02');
INSERT INTO public.staff (ssn, role_id, office, hiring_date, salary, password, first_name, last_name, birthday) VALUES (246, 'nurse', 393, '2000-12-09', 49086, 'pashbk334w', 'Viola', 'Mckeon', '1971-01-10');
INSERT INTO public.staff (ssn, role_id, office, hiring_date, salary, password, first_name, last_name, birthday) VALUES (310, 'doctor', 285, '2019-11-02', 30356, 'hy43fgb5', 'Taylor', 'Wilbon', '1955-04-26');
INSERT INTO public.staff (ssn, role_id, office, hiring_date, salary, password, first_name, last_name, birthday) VALUES (8, 'seller', 55, '2011-10-07', 51013, 'jgh6ryh', 'Brendan', 'Zorn', '1974-10-13');


INSERT INTO public.appointment (patient_id, doctor_id, date, slot) VALUES (198, 293, '2018-09-03', '17:00');
INSERT INTO public.appointment (patient_id, doctor_id, date, slot) VALUES (393, 98, '2015-11-01', '18:00');
INSERT INTO public.appointment (patient_id, doctor_id, date, slot) VALUES (93, 378, '2015-02-06', '17:00');
INSERT INTO public.appointment (patient_id, doctor_id, date, slot) VALUES (275, 238, '2017-02-18', '10:00');
INSERT INTO public.appointment (patient_id, doctor_id, date, slot) VALUES (79, 11, '2012-05-17', '14:00');
INSERT INTO public.appointment (patient_id, doctor_id, date, slot) VALUES (381, 98, '2019-08-23', '21:00');
INSERT INTO public.appointment (patient_id, doctor_id, date, slot) VALUES (42, 135, '2014-06-24', '19:00');
INSERT INTO public.appointment (patient_id, doctor_id, date, slot) VALUES (53, 238, '2015-04-07', '8:00');
INSERT INTO public.appointment (patient_id, doctor_id, date, slot) VALUES (328, 20, '2016-02-13', '23:00');
INSERT INTO public.appointment (patient_id, doctor_id, date, slot) VALUES (353, 140, '2014-09-14', '16:00');
INSERT INTO public.appointment (patient_id, doctor_id, date, slot) VALUES (169, 16, '2018-08-20', '14:00');
INSERT INTO public.appointment (patient_id, doctor_id, date, slot) VALUES (328, 102, '2014-05-02', '14:00');
INSERT INTO public.appointment (patient_id, doctor_id, date, slot) VALUES (345, 98, '2015-12-06', '11:00');
INSERT INTO public.appointment (patient_id, doctor_id, date, slot) VALUES (17, 77, '2019-07-21', '5:00');
INSERT INTO public.appointment (patient_id, doctor_id, date, slot) VALUES (269, 310, '2012-06-14', '22:00');
INSERT INTO public.appointment (patient_id, doctor_id, date, slot) VALUES (125, 50, '2013-11-03', '7:00');
INSERT INTO public.appointment (patient_id, doctor_id, date, slot) VALUES (79, 140, '2019-03-25', '8:00');
INSERT INTO public.appointment (patient_id, doctor_id, date, slot) VALUES (42, 75, '2012-01-18', '8:00');
INSERT INTO public.appointment (patient_id, doctor_id, date, slot) VALUES (254, 258, '2019-08-03', '9:00');
INSERT INTO public.appointment (patient_id, doctor_id, date, slot) VALUES (214, 35, '2011-09-11', '18:00');
INSERT INTO public.appointment (patient_id, doctor_id, date, slot) VALUES (7, 98, '2017-07-20', '12:00');
INSERT INTO public.appointment (patient_id, doctor_id, date, slot) VALUES (27, 77, '2014-08-17', '6:00');
INSERT INTO public.appointment (patient_id, doctor_id, date, slot) VALUES (254, 16, '2019-09-03', '17:00');
INSERT INTO public.appointment (patient_id, doctor_id, date, slot) VALUES (7, 20, '2013-03-14', '11:00');
INSERT INTO public.appointment (patient_id, doctor_id, date, slot) VALUES (348, 16, '2018-03-19', '2:00');
INSERT INTO public.appointment (patient_id, doctor_id, date, slot) VALUES (278, 238, '2017-12-28', '2:00');
INSERT INTO public.appointment (patient_id, doctor_id, date, slot) VALUES (303, 50, '2013-01-21', '19:00');
INSERT INTO public.appointment (patient_id, doctor_id, date, slot) VALUES (146, 98, '2012-10-13', '11:00');
INSERT INTO public.appointment (patient_id, doctor_id, date, slot) VALUES (169, 75, '2019-06-22', '7:00');
INSERT INTO public.appointment (patient_id, doctor_id, date, slot) VALUES (131, 99, '2015-09-16', '17:00');
INSERT INTO public.appointment (patient_id, doctor_id, date, slot) VALUES (390, 135, '2017-04-17', '18:00');
INSERT INTO public.appointment (patient_id, doctor_id, date, slot) VALUES (42, 367, '2013-11-16', '22:00');
INSERT INTO public.appointment (patient_id, doctor_id, date, slot) VALUES (198, 140, '2014-06-08', '5:00');
INSERT INTO public.appointment (patient_id, doctor_id, date, slot) VALUES (146, 98, '2013-01-20', '19:00');
INSERT INTO public.appointment (patient_id, doctor_id, date, slot) VALUES (381, 135, '2011-10-09', '3:00');
INSERT INTO public.appointment (patient_id, doctor_id, date, slot) VALUES (284, 367, '2012-11-26', '14:00');
INSERT INTO public.appointment (patient_id, doctor_id, date, slot) VALUES (345, 310, '2016-09-08', '2:00');
INSERT INTO public.appointment (patient_id, doctor_id, date, slot) VALUES (112, 102, '2014-11-18', '8:00');
INSERT INTO public.appointment (patient_id, doctor_id, date, slot) VALUES (348, 135, '2019-02-06', '19:00');
INSERT INTO public.appointment (patient_id, doctor_id, date, slot) VALUES (17, 378, '2018-12-02', '15:00');
INSERT INTO public.appointment (patient_id, doctor_id, date, slot) VALUES (181, 77, '2012-01-12', '5:00');
INSERT INTO public.appointment (patient_id, doctor_id, date, slot) VALUES (130, 50, '2018-09-19', '5:00');
INSERT INTO public.appointment (patient_id, doctor_id, date, slot) VALUES (156, 75, '2018-12-17', '0:00');
INSERT INTO public.appointment (patient_id, doctor_id, date, slot) VALUES (114, 50, '2018-10-09', '13:00');
INSERT INTO public.appointment (patient_id, doctor_id, date, slot) VALUES (303, 310, '2010-04-20', '18:00');
INSERT INTO public.appointment (patient_id, doctor_id, date, slot) VALUES (95, 238, '2019-03-18', '2:00');
INSERT INTO public.appointment (patient_id, doctor_id, date, slot) VALUES (125, 238, '2018-01-06', '1:00');
INSERT INTO public.appointment (patient_id, doctor_id, date, slot) VALUES (198, 99, '2018-10-20', '17:00');
INSERT INTO public.appointment (patient_id, doctor_id, date, slot) VALUES (156, 378, '2016-10-12', '14:00');
INSERT INTO public.appointment (patient_id, doctor_id, date, slot) VALUES (393, 140, '2014-12-28', '20:00');
INSERT INTO public.appointment (patient_id, doctor_id, date, slot) VALUES (345, 103, '2019-06-01', '0:00');
INSERT INTO public.appointment (patient_id, doctor_id, date, slot) VALUES (381, 135, '2017-09-06', '16:00');
INSERT INTO public.appointment (patient_id, doctor_id, date, slot) VALUES (381, 102, '2014-04-21', '22:00');
INSERT INTO public.appointment (patient_id, doctor_id, date, slot) VALUES (181, 20, '2012-10-14', '9:00');
INSERT INTO public.appointment (patient_id, doctor_id, date, slot) VALUES (81, 102, '2011-04-21', '19:00');
INSERT INTO public.appointment (patient_id, doctor_id, date, slot) VALUES (269, 140, '2015-11-27', '19:00');
INSERT INTO public.appointment (patient_id, doctor_id, date, slot) VALUES (27, 238, '2013-11-09', '14:00');
INSERT INTO public.appointment (patient_id, doctor_id, date, slot) VALUES (27, 140, '2015-07-05', '20:00');
INSERT INTO public.appointment (patient_id, doctor_id, date, slot) VALUES (93, 102, '2013-05-27', '13:00');
INSERT INTO public.appointment (patient_id, doctor_id, date, slot) VALUES (198, 140, '2012-01-05', '3:00');
INSERT INTO public.appointment (patient_id, doctor_id, date, slot) VALUES (125, 35, '2015-01-08', '20:00');
INSERT INTO public.appointment (patient_id, doctor_id, date, slot) VALUES (125, 135, '2012-07-09', '2:00');
INSERT INTO public.appointment (patient_id, doctor_id, date, slot) VALUES (328, 20, '2015-04-23', '4:00');
INSERT INTO public.appointment (patient_id, doctor_id, date, slot) VALUES (390, 103, '2016-02-24', '4:00');
INSERT INTO public.appointment (patient_id, doctor_id, date, slot) VALUES (275, 101, '2016-06-24', '12:00');
INSERT INTO public.appointment (patient_id, doctor_id, date, slot) VALUES (390, 99, '2017-09-06', '2:00');
INSERT INTO public.appointment (patient_id, doctor_id, date, slot) VALUES (130, 140, '2015-02-23', '20:00');
INSERT INTO public.appointment (patient_id, doctor_id, date, slot) VALUES (214, 238, '2011-09-16', '10:00');
INSERT INTO public.appointment (patient_id, doctor_id, date, slot) VALUES (181, 102, '2012-03-13', '19:00');
INSERT INTO public.appointment (patient_id, doctor_id, date, slot) VALUES (214, 258, '2015-05-02', '20:00');
INSERT INTO public.appointment (patient_id, doctor_id, date, slot) VALUES (42, 140, '2019-08-17', '5:00');
INSERT INTO public.appointment (patient_id, doctor_id, date, slot) VALUES (254, 101, '2016-08-07', '16:00');
INSERT INTO public.appointment (patient_id, doctor_id, date, slot) VALUES (278, 91, '2014-12-21', '20:00');
INSERT INTO public.appointment (patient_id, doctor_id, date, slot) VALUES (95, 367, '2016-01-13', '19:00');
INSERT INTO public.appointment (patient_id, doctor_id, date, slot) VALUES (169, 91, '2017-05-11', '18:00');
INSERT INTO public.appointment (patient_id, doctor_id, date, slot) VALUES (390, 99, '2015-08-16', '20:00');
INSERT INTO public.appointment (patient_id, doctor_id, date, slot) VALUES (327, 16, '2019-08-11', '9:00');
INSERT INTO public.appointment (patient_id, doctor_id, date, slot) VALUES (93, 238, '2015-11-08', '16:00');
INSERT INTO public.appointment (patient_id, doctor_id, date, slot) VALUES (275, 258, '2010-05-06', '3:00');
INSERT INTO public.appointment (patient_id, doctor_id, date, slot) VALUES (156, 11, '2019-12-15', '11:00');
INSERT INTO public.appointment (patient_id, doctor_id, date, slot) VALUES (27, 50, '2019-11-04', '5:00');
INSERT INTO public.appointment (patient_id, doctor_id, date, slot) VALUES (93, 258, '2018-02-17', '22:00');
INSERT INTO public.appointment (patient_id, doctor_id, date, slot) VALUES (393, 102, '2013-05-20', '5:00');
INSERT INTO public.appointment (patient_id, doctor_id, date, slot) VALUES (149, 102, '2012-06-09', '7:00');
INSERT INTO public.appointment (patient_id, doctor_id, date, slot) VALUES (7, 99, '2018-04-19', '1:00');
INSERT INTO public.appointment (patient_id, doctor_id, date, slot) VALUES (331, 238, '2013-08-12', '17:00');
INSERT INTO public.appointment (patient_id, doctor_id, date, slot) VALUES (131, 77, '2012-11-01', '1:00');
INSERT INTO public.appointment (patient_id, doctor_id, date, slot) VALUES (112, 98, '2017-03-07', '18:00');
INSERT INTO public.appointment (patient_id, doctor_id, date, slot) VALUES (330, 20, '2017-12-14', '16:00');
INSERT INTO public.appointment (patient_id, doctor_id, date, slot) VALUES (198, 16, '2019-11-11', '4:00');
INSERT INTO public.appointment (patient_id, doctor_id, date, slot) VALUES (53, 378, '2013-03-22', '11:00');
INSERT INTO public.appointment (patient_id, doctor_id, date, slot) VALUES (81, 103, '2013-05-17', '15:00');
INSERT INTO public.appointment (patient_id, doctor_id, date, slot) VALUES (53, 20, '2014-09-16', '13:00');
INSERT INTO public.appointment (patient_id, doctor_id, date, slot) VALUES (381, 135, '2016-08-14', '3:00');
INSERT INTO public.appointment (patient_id, doctor_id, date, slot) VALUES (181, 91, '2013-06-10', '19:00');
INSERT INTO public.appointment (patient_id, doctor_id, date, slot) VALUES (345, 11, '2018-09-01', '6:00');
INSERT INTO public.appointment (patient_id, doctor_id, date, slot) VALUES (328, 91, '2013-09-11', '13:00');
INSERT INTO public.appointment (patient_id, doctor_id, date, slot) VALUES (130, 101, '2015-05-22', '20:00');
INSERT INTO public.appointment (patient_id, doctor_id, date, slot) VALUES (331, 11, '2012-07-16', '17:00');
INSERT INTO public.appointment (patient_id, doctor_id, date, slot) VALUES (359, 77, '2015-11-09', '19:00');
INSERT INTO public.appointment (patient_id, doctor_id, date, slot) VALUES (198, 91, '2018-06-02', '13:00');
INSERT INTO public.appointment (patient_id, doctor_id, date, slot) VALUES (381, 35, '2019-09-23', '8:00');
INSERT INTO public.appointment (patient_id, doctor_id, date, slot) VALUES (275, 101, '2012-08-05', '5:00');
INSERT INTO public.appointment (patient_id, doctor_id, date, slot) VALUES (112, 367, '2011-04-10', '18:00');
INSERT INTO public.appointment (patient_id, doctor_id, date, slot) VALUES (7, 75, '2016-12-20', '20:00');
INSERT INTO public.appointment (patient_id, doctor_id, date, slot) VALUES (348, 310, '2015-05-05', '12:00');
INSERT INTO public.appointment (patient_id, doctor_id, date, slot) VALUES (278, 20, '2012-08-18', '22:00');
INSERT INTO public.appointment (patient_id, doctor_id, date, slot) VALUES (328, 367, '2014-11-07', '0:00');
INSERT INTO public.appointment (patient_id, doctor_id, date, slot) VALUES (345, 20, '2017-09-24', '6:00');
INSERT INTO public.appointment (patient_id, doctor_id, date, slot) VALUES (198, 20, '2015-10-15', '9:00');
INSERT INTO public.appointment (patient_id, doctor_id, date, slot) VALUES (393, 20, '2016-11-17', '6:00');
INSERT INTO public.appointment (patient_id, doctor_id, date, slot) VALUES (156, 258, '2010-11-06', '23:00');
INSERT INTO public.appointment (patient_id, doctor_id, date, slot) VALUES (42, 98, '2014-10-08', '15:00');
INSERT INTO public.appointment (patient_id, doctor_id, date, slot) VALUES (284, 35, '2016-12-07', '6:00');
INSERT INTO public.appointment (patient_id, doctor_id, date, slot) VALUES (114, 20, '2019-06-19', '7:00');
INSERT INTO public.appointment (patient_id, doctor_id, date, slot) VALUES (278, 135, '2013-11-07', '15:00');
INSERT INTO public.appointment (patient_id, doctor_id, date, slot) VALUES (95, 367, '2018-09-12', '13:00');
INSERT INTO public.appointment (patient_id, doctor_id, date, slot) VALUES (278, 238, '2013-03-21', '23:00');
INSERT INTO public.appointment (patient_id, doctor_id, date, slot) VALUES (42, 20, '2014-04-03', '5:00');
INSERT INTO public.appointment (patient_id, doctor_id, date, slot) VALUES (112, 140, '2012-11-24', '0:00');
INSERT INTO public.appointment (patient_id, doctor_id, date, slot) VALUES (131, 102, '2019-01-01', '8:00');
INSERT INTO public.appointment (patient_id, doctor_id, date, slot) VALUES (81, 99, '2010-12-01', '2:00');
INSERT INTO public.appointment (patient_id, doctor_id, date, slot) VALUES (359, 75, '2018-07-28', '7:00');
INSERT INTO public.appointment (patient_id, doctor_id, date, slot) VALUES (112, 20, '2019-04-26', '8:00');
INSERT INTO public.appointment (patient_id, doctor_id, date, slot) VALUES (359, 16, '2012-10-14', '8:00');
INSERT INTO public.appointment (patient_id, doctor_id, date, slot) VALUES (390, 11, '2012-10-05', '6:00');
INSERT INTO public.appointment (patient_id, doctor_id, date, slot) VALUES (95, 238, '2018-03-27', '19:00');
INSERT INTO public.appointment (patient_id, doctor_id, date, slot) VALUES (275, 35, '2017-06-08', '18:00');
INSERT INTO public.appointment (patient_id, doctor_id, date, slot) VALUES (114, 102, '2012-10-11', '7:00');
INSERT INTO public.appointment (patient_id, doctor_id, date, slot) VALUES (327, 77, '2014-06-08', '16:00');
INSERT INTO public.appointment (patient_id, doctor_id, date, slot) VALUES (278, 20, '2015-11-16', '1:00');
INSERT INTO public.appointment (patient_id, doctor_id, date, slot) VALUES (156, 258, '2010-09-06', '14:00');
INSERT INTO public.appointment (patient_id, doctor_id, date, slot) VALUES (328, 91, '2010-06-08', '11:00');
INSERT INTO public.appointment (patient_id, doctor_id, date, slot) VALUES (359, 11, '2016-05-18', '15:00');
INSERT INTO public.appointment (patient_id, doctor_id, date, slot) VALUES (254, 50, '2011-01-23', '22:00');
INSERT INTO public.appointment (patient_id, doctor_id, date, slot) VALUES (149, 11, '2019-09-12', '4:00');
INSERT INTO public.appointment (patient_id, doctor_id, date, slot) VALUES (17, 102, '2017-05-11', '20:00');
INSERT INTO public.appointment (patient_id, doctor_id, date, slot) VALUES (284, 75, '2017-04-18', '14:00');
INSERT INTO public.appointment (patient_id, doctor_id, date, slot) VALUES (125, 11, '2019-01-24', '15:00');
INSERT INTO public.appointment (patient_id, doctor_id, date, slot) VALUES (275, 98, '2014-03-05', '5:00');
INSERT INTO public.appointment (patient_id, doctor_id, date, slot) VALUES (79, 99, '2019-08-20', '7:00');
INSERT INTO public.appointment (patient_id, doctor_id, date, slot) VALUES (254, 378, '2014-10-15', '10:00');
INSERT INTO public.appointment (patient_id, doctor_id, date, slot) VALUES (389, 140, '2010-07-02', '23:00');
INSERT INTO public.appointment (patient_id, doctor_id, date, slot) VALUES (146, 378, '2018-10-10', '9:00');
INSERT INTO public.appointment (patient_id, doctor_id, date, slot) VALUES (17, 258, '2014-08-07', '14:00');
INSERT INTO public.appointment (patient_id, doctor_id, date, slot) VALUES (81, 238, '2016-11-13', '19:00');
INSERT INTO public.appointment (patient_id, doctor_id, date, slot) VALUES (284, 50, '2014-10-03', '14:00');
INSERT INTO public.appointment (patient_id, doctor_id, date, slot) VALUES (112, 91, '2019-01-09', '2:00');
INSERT INTO public.appointment (patient_id, doctor_id, date, slot) VALUES (156, 102, '2015-04-16', '7:00');
INSERT INTO public.appointment (patient_id, doctor_id, date, slot) VALUES (131, 102, '2014-05-11', '4:00');
INSERT INTO public.appointment (patient_id, doctor_id, date, slot) VALUES (393, 77, '2019-09-02', '20:00');
INSERT INTO public.appointment (patient_id, doctor_id, date, slot) VALUES (303, 367, '2014-12-14', '19:00');
INSERT INTO public.appointment (patient_id, doctor_id, date, slot) VALUES (254, 135, '2017-01-08', '18:00');
INSERT INTO public.appointment (patient_id, doctor_id, date, slot) VALUES (381, 75, '2017-12-09', '22:00');
INSERT INTO public.appointment (patient_id, doctor_id, date, slot) VALUES (112, 103, '2019-06-19', '17:00');
INSERT INTO public.appointment (patient_id, doctor_id, date, slot) VALUES (331, 75, '2012-06-08', '22:00');
INSERT INTO public.appointment (patient_id, doctor_id, date, slot) VALUES (114, 258, '2017-03-23', '18:00');
INSERT INTO public.appointment (patient_id, doctor_id, date, slot) VALUES (345, 75, '2014-02-01', '9:00');
INSERT INTO public.appointment (patient_id, doctor_id, date, slot) VALUES (53, 99, '2010-06-17', '2:00');
INSERT INTO public.appointment (patient_id, doctor_id, date, slot) VALUES (146, 238, '2011-02-22', '19:00');
INSERT INTO public.appointment (patient_id, doctor_id, date, slot) VALUES (353, 367, '2017-08-10', '1:00');
INSERT INTO public.appointment (patient_id, doctor_id, date, slot) VALUES (348, 258, '2019-04-07', '18:00');
INSERT INTO public.appointment (patient_id, doctor_id, date, slot) VALUES (112, 103, '2010-06-26', '22:00');
INSERT INTO public.appointment (patient_id, doctor_id, date, slot) VALUES (53, 310, '2015-04-27', '21:00');
INSERT INTO public.appointment (patient_id, doctor_id, date, slot) VALUES (330, 258, '2016-01-22', '6:00');
INSERT INTO public.appointment (patient_id, doctor_id, date, slot) VALUES (275, 16, '2012-01-19', '2:00');
INSERT INTO public.appointment (patient_id, doctor_id, date, slot) VALUES (130, 102, '2011-12-01', '13:00');
INSERT INTO public.appointment (patient_id, doctor_id, date, slot) VALUES (53, 135, '2019-06-12', '13:00');
INSERT INTO public.appointment (patient_id, doctor_id, date, slot) VALUES (348, 293, '2010-05-14', '5:00');
INSERT INTO public.appointment (patient_id, doctor_id, date, slot) VALUES (156, 310, '2011-03-12', '23:00');
INSERT INTO public.appointment (patient_id, doctor_id, date, slot) VALUES (114, 98, '2014-04-14', '14:00');
INSERT INTO public.appointment (patient_id, doctor_id, date, slot) VALUES (125, 238, '2011-07-06', '20:00');
INSERT INTO public.appointment (patient_id, doctor_id, date, slot) VALUES (327, 102, '2013-07-09', '10:00');
INSERT INTO public.appointment (patient_id, doctor_id, date, slot) VALUES (328, 135, '2013-03-18', '1:00');
INSERT INTO public.appointment (patient_id, doctor_id, date, slot) VALUES (149, 310, '2018-12-08', '6:00');
INSERT INTO public.appointment (patient_id, doctor_id, date, slot) VALUES (305, 378, '2014-12-19', '23:00');
INSERT INTO public.appointment (patient_id, doctor_id, date, slot) VALUES (353, 367, '2010-11-04', '19:00');
INSERT INTO public.appointment (patient_id, doctor_id, date, slot) VALUES (214, 310, '2011-01-09', '9:00');
INSERT INTO public.appointment (patient_id, doctor_id, date, slot) VALUES (331, 101, '2016-05-19', '19:00');
INSERT INTO public.appointment (patient_id, doctor_id, date, slot) VALUES (269, 103, '2011-11-03', '4:00');
INSERT INTO public.appointment (patient_id, doctor_id, date, slot) VALUES (169, 367, '2011-03-09', '7:00');
INSERT INTO public.appointment (patient_id, doctor_id, date, slot) VALUES (181, 102, '2010-03-10', '4:00');
INSERT INTO public.appointment (patient_id, doctor_id, date, slot) VALUES (359, 99, '2010-04-04', '3:00');
INSERT INTO public.appointment (patient_id, doctor_id, date, slot) VALUES (359, 102, '2016-10-05', '5:00');
INSERT INTO public.appointment (patient_id, doctor_id, date, slot) VALUES (348, 101, '2015-09-25', '22:00');
INSERT INTO public.appointment (patient_id, doctor_id, date, slot) VALUES (330, 91, '2012-11-20', '9:00');
INSERT INTO public.appointment (patient_id, doctor_id, date, slot) VALUES (27, 98, '2015-05-23', '10:00');
INSERT INTO public.appointment (patient_id, doctor_id, date, slot) VALUES (381, 20, '2013-04-26', '8:00');
INSERT INTO public.appointment (patient_id, doctor_id, date, slot) VALUES (146, 99, '2019-11-26', '21:00');
INSERT INTO public.appointment (patient_id, doctor_id, date, slot) VALUES (269, 101, '2018-09-18', '7:00');
INSERT INTO public.appointment (patient_id, doctor_id, date, slot) VALUES (181, 310, '2017-01-07', '15:00');
INSERT INTO public.appointment (patient_id, doctor_id, date, slot) VALUES (17, 101, '2018-03-14', '23:00');
INSERT INTO public.appointment (patient_id, doctor_id, date, slot) VALUES (393, 101, '2015-08-02', '10:00');
INSERT INTO public.appointment (patient_id, doctor_id, date, slot) VALUES (93, 367, '2011-12-03', '2:00');
INSERT INTO public.appointment (patient_id, doctor_id, date, slot) VALUES (7, 238, '2010-03-28', '22:00');
INSERT INTO public.appointment (patient_id, doctor_id, date, slot) VALUES (42, 91, '2019-02-03', '13:00');
INSERT INTO public.appointment (patient_id, doctor_id, date, slot) VALUES (181, 75, '2013-07-06', '5:00');
INSERT INTO public.appointment (patient_id, doctor_id, date, slot) VALUES (169, 77, '2010-10-20', '4:00');
INSERT INTO public.appointment (patient_id, doctor_id, date, slot) VALUES (131, 16, '2016-05-27', '15:00');
INSERT INTO public.appointment (patient_id, doctor_id, date, slot) VALUES (328, 50, '2019-07-11', '21:00');
INSERT INTO public.appointment (patient_id, doctor_id, date, slot) VALUES (27, 50, '2019-03-16', '14:00');
INSERT INTO public.appointment (patient_id, doctor_id, date, slot) VALUES (181, 77, '2016-03-27', '15:00');
INSERT INTO public.appointment (patient_id, doctor_id, date, slot) VALUES (93, 20, '2014-10-26', '23:00');
INSERT INTO public.appointment (patient_id, doctor_id, date, slot) VALUES (27, 367, '2018-02-23', '7:00');
INSERT INTO public.appointment (patient_id, doctor_id, date, slot) VALUES (327, 102, '2017-09-22', '2:00');
INSERT INTO public.appointment (patient_id, doctor_id, date, slot) VALUES (381, 258, '2017-02-03', '0:00');
INSERT INTO public.appointment (patient_id, doctor_id, date, slot) VALUES (17, 50, '2017-04-26', '3:00');
INSERT INTO public.appointment (patient_id, doctor_id, date, slot) VALUES (284, 103, '2017-07-08', '13:00');
INSERT INTO public.appointment (patient_id, doctor_id, date, slot) VALUES (284, 91, '2015-02-26', '16:00');
INSERT INTO public.appointment (patient_id, doctor_id, date, slot) VALUES (381, 135, '2010-05-01', '17:00');
INSERT INTO public.appointment (patient_id, doctor_id, date, slot) VALUES (331, 310, '2011-02-12', '9:00');
INSERT INTO public.appointment (patient_id, doctor_id, date, slot) VALUES (345, 20, '2014-09-03', '7:00');
INSERT INTO public.appointment (patient_id, doctor_id, date, slot) VALUES (125, 101, '2012-03-10', '21:00');
INSERT INTO public.appointment (patient_id, doctor_id, date, slot) VALUES (7, 135, '2018-06-18', '1:00');
INSERT INTO public.appointment (patient_id, doctor_id, date, slot) VALUES (17, 75, '2019-10-27', '21:00');
INSERT INTO public.appointment (patient_id, doctor_id, date, slot) VALUES (348, 20, '2018-08-08', '19:00');
INSERT INTO public.appointment (patient_id, doctor_id, date, slot) VALUES (156, 75, '2015-09-25', '8:00');
INSERT INTO public.appointment (patient_id, doctor_id, date, slot) VALUES (169, 135, '2016-10-07', '14:00');
INSERT INTO public.appointment (patient_id, doctor_id, date, slot) VALUES (7, 98, '2011-08-08', '13:00');
INSERT INTO public.appointment (patient_id, doctor_id, date, slot) VALUES (381, 91, '2011-02-08', '16:00');
INSERT INTO public.appointment (patient_id, doctor_id, date, slot) VALUES (146, 77, '2014-12-06', '1:00');
INSERT INTO public.appointment (patient_id, doctor_id, date, slot) VALUES (53, 75, '2019-11-20', '0:00');
INSERT INTO public.appointment (patient_id, doctor_id, date, slot) VALUES (79, 91, '2011-01-23', '10:00');
INSERT INTO public.appointment (patient_id, doctor_id, date, slot) VALUES (125, 293, '2019-11-11', '2:00');
INSERT INTO public.appointment (patient_id, doctor_id, date, slot) VALUES (278, 77, '2019-11-05', '10:00');
INSERT INTO public.appointment (patient_id, doctor_id, date, slot) VALUES (131, 310, '2017-04-15', '19:00');
INSERT INTO public.appointment (patient_id, doctor_id, date, slot) VALUES (269, 77, '2012-10-10', '2:00');
INSERT INTO public.appointment (patient_id, doctor_id, date, slot) VALUES (348, 310, '2014-05-12', '18:00');
INSERT INTO public.appointment (patient_id, doctor_id, date, slot) VALUES (125, 16, '2018-08-01', '9:00');
INSERT INTO public.appointment (patient_id, doctor_id, date, slot) VALUES (331, 98, '2012-12-25', '20:00');
INSERT INTO public.appointment (patient_id, doctor_id, date, slot) VALUES (27, 102, '2019-05-19', '2:00');
INSERT INTO public.appointment (patient_id, doctor_id, date, slot) VALUES (42, 258, '2016-12-19', '22:00');
INSERT INTO public.appointment (patient_id, doctor_id, date, slot) VALUES (331, 16, '2017-06-03', '6:00');
INSERT INTO public.appointment (patient_id, doctor_id, date, slot) VALUES (348, 101, '2014-10-25', '3:00');
INSERT INTO public.appointment (patient_id, doctor_id, date, slot) VALUES (254, 16, '2014-02-24', '4:00');
INSERT INTO public.appointment (patient_id, doctor_id, date, slot) VALUES (278, 103, '2016-10-21', '1:00');
INSERT INTO public.appointment (patient_id, doctor_id, date, slot) VALUES (17, 238, '2014-07-23', '15:00');
INSERT INTO public.appointment (patient_id, doctor_id, date, slot) VALUES (131, 91, '2014-04-27', '17:00');
INSERT INTO public.appointment (patient_id, doctor_id, date, slot) VALUES (284, 135, '2018-06-26', '1:00');
INSERT INTO public.appointment (patient_id, doctor_id, date, slot) VALUES (42, 140, '2018-06-23', '23:00');
INSERT INTO public.appointment (patient_id, doctor_id, date, slot) VALUES (181, 258, '2010-08-26', '2:00');
INSERT INTO public.appointment (patient_id, doctor_id, date, slot) VALUES (81, 99, '2016-02-16', '22:00');
INSERT INTO public.appointment (patient_id, doctor_id, date, slot) VALUES (131, 101, '2018-05-17', '20:00');
INSERT INTO public.appointment (patient_id, doctor_id, date, slot) VALUES (112, 16, '2017-01-21', '18:00');
INSERT INTO public.appointment (patient_id, doctor_id, date, slot) VALUES (303, 50, '2014-07-05', '14:00');
INSERT INTO public.appointment (patient_id, doctor_id, date, slot) VALUES (214, 16, '2015-06-17', '8:00');
INSERT INTO public.appointment (patient_id, doctor_id, date, slot) VALUES (254, 135, '2014-03-04', '10:00');
INSERT INTO public.appointment (patient_id, doctor_id, date, slot) VALUES (353, 367, '2011-07-15', '16:00');
INSERT INTO public.appointment (patient_id, doctor_id, date, slot) VALUES (389, 103, '2012-05-22', '13:00');
INSERT INTO public.appointment (patient_id, doctor_id, date, slot) VALUES (146, 77, '2014-10-20', '15:00');
INSERT INTO public.appointment (patient_id, doctor_id, date, slot) VALUES (254, 101, '2016-08-22', '21:00');
INSERT INTO public.appointment (patient_id, doctor_id, date, slot) VALUES (393, 11, '2012-08-10', '21:00');
INSERT INTO public.appointment (patient_id, doctor_id, date, slot) VALUES (93, 140, '2015-04-09', '6:00');
INSERT INTO public.appointment (patient_id, doctor_id, date, slot) VALUES (146, 101, '2019-01-27', '13:00');
INSERT INTO public.appointment (patient_id, doctor_id, date, slot) VALUES (345, 11, '2016-11-08', '13:00');
INSERT INTO public.appointment (patient_id, doctor_id, date, slot) VALUES (330, 50, '2012-04-26', '3:00');
INSERT INTO public.appointment (patient_id, doctor_id, date, slot) VALUES (112, 293, '2012-09-07', '15:00');
INSERT INTO public.appointment (patient_id, doctor_id, date, slot) VALUES (53, 99, '2010-10-14', '7:00');
INSERT INTO public.appointment (patient_id, doctor_id, date, slot) VALUES (112, 140, '2019-04-27', '10:00');
INSERT INTO public.appointment (patient_id, doctor_id, date, slot) VALUES (348, 50, '2019-04-15', '15:00');
INSERT INTO public.appointment (patient_id, doctor_id, date, slot) VALUES (93, 11, '2010-06-24', '18:00');
INSERT INTO public.appointment (patient_id, doctor_id, date, slot) VALUES (17, 293, '2010-11-27', '3:00');
INSERT INTO public.appointment (patient_id, doctor_id, date, slot) VALUES (305, 378, '2015-08-17', '12:00');
INSERT INTO public.appointment (patient_id, doctor_id, date, slot) VALUES (198, 35, '2013-09-19', '15:00');
INSERT INTO public.appointment (patient_id, doctor_id, date, slot) VALUES (303, 75, '2013-10-25', '17:00');
INSERT INTO public.appointment (patient_id, doctor_id, date, slot) VALUES (53, 238, '2011-09-20', '12:00');
INSERT INTO public.appointment (patient_id, doctor_id, date, slot) VALUES (381, 135, '2011-05-27', '0:00');
INSERT INTO public.appointment (patient_id, doctor_id, date, slot) VALUES (303, 258, '2012-08-23', '13:00');
INSERT INTO public.appointment (patient_id, doctor_id, date, slot) VALUES (303, 75, '2019-11-03', '8:00');
INSERT INTO public.appointment (patient_id, doctor_id, date, slot) VALUES (254, 103, '2014-01-15', '0:00');
INSERT INTO public.appointment (patient_id, doctor_id, date, slot) VALUES (149, 258, '2016-11-08', '14:00');
INSERT INTO public.appointment (patient_id, doctor_id, date, slot) VALUES (79, 16, '2010-11-20', '7:00');
INSERT INTO public.appointment (patient_id, doctor_id, date, slot) VALUES (79, 293, '2018-04-27', '4:00');
INSERT INTO public.appointment (patient_id, doctor_id, date, slot) VALUES (149, 140, '2015-02-02', '15:00');
INSERT INTO public.appointment (patient_id, doctor_id, date, slot) VALUES (93, 378, '2015-02-01', '6:00');
INSERT INTO public.appointment (patient_id, doctor_id, date, slot) VALUES (328, 367, '2011-03-02', '23:00');
INSERT INTO public.appointment (patient_id, doctor_id, date, slot) VALUES (328, 102, '2017-09-14', '11:00');
INSERT INTO public.appointment (patient_id, doctor_id, date, slot) VALUES (348, 103, '2015-08-28', '11:00');
INSERT INTO public.appointment (patient_id, doctor_id, date, slot) VALUES (181, 258, '2010-12-06', '2:00');
INSERT INTO public.appointment (patient_id, doctor_id, date, slot) VALUES (327, 50, '2017-08-08', '2:00');
INSERT INTO public.appointment (patient_id, doctor_id, date, slot) VALUES (156, 378, '2019-05-24', '14:00');
INSERT INTO public.appointment (patient_id, doctor_id, date, slot) VALUES (130, 238, '2016-09-27', '20:00');
INSERT INTO public.appointment (patient_id, doctor_id, date, slot) VALUES (114, 35, '2017-11-19', '22:00');
INSERT INTO public.appointment (patient_id, doctor_id, date, slot) VALUES (169, 11, '2016-06-19', '7:00');
INSERT INTO public.appointment (patient_id, doctor_id, date, slot) VALUES (42, 258, '2013-08-06', '6:00');
INSERT INTO public.appointment (patient_id, doctor_id, date, slot) VALUES (112, 11, '2011-06-01', '19:00');
INSERT INTO public.appointment (patient_id, doctor_id, date, slot) VALUES (198, 50, '2014-07-04', '13:00');
INSERT INTO public.appointment (patient_id, doctor_id, date, slot) VALUES (27, 75, '2016-07-20', '7:00');
INSERT INTO public.appointment (patient_id, doctor_id, date, slot) VALUES (81, 11, '2012-12-03', '3:00');
INSERT INTO public.appointment (patient_id, doctor_id, date, slot) VALUES (112, 367, '2019-06-02', '7:00');
INSERT INTO public.appointment (patient_id, doctor_id, date, slot) VALUES (112, 238, '2017-11-06', '1:00');
INSERT INTO public.appointment (patient_id, doctor_id, date, slot) VALUES (42, 98, '2018-01-07', '1:00');
INSERT INTO public.appointment (patient_id, doctor_id, date, slot) VALUES (275, 16, '2015-01-15', '23:00');
INSERT INTO public.appointment (patient_id, doctor_id, date, slot) VALUES (149, 140, '2012-08-04', '18:00');
INSERT INTO public.appointment (patient_id, doctor_id, date, slot) VALUES (27, 16, '2016-08-04', '8:00');
INSERT INTO public.appointment (patient_id, doctor_id, date, slot) VALUES (348, 16, '2013-04-24', '10:00');
INSERT INTO public.appointment (patient_id, doctor_id, date, slot) VALUES (81, 11, '2019-06-17', '6:00');
INSERT INTO public.appointment (patient_id, doctor_id, date, slot) VALUES (156, 75, '2017-04-19', '16:00');
INSERT INTO public.appointment (patient_id, doctor_id, date, slot) VALUES (305, 293, '2018-08-05', '20:00');
INSERT INTO public.appointment (patient_id, doctor_id, date, slot) VALUES (214, 16, '2019-09-10', '4:00');
INSERT INTO public.appointment (patient_id, doctor_id, date, slot) VALUES (305, 367, '2013-07-20', '15:00');
INSERT INTO public.appointment (patient_id, doctor_id, date, slot) VALUES (79, 11, '2012-04-28', '8:00');
INSERT INTO public.appointment (patient_id, doctor_id, date, slot) VALUES (95, 140, '2015-03-02', '19:00');
INSERT INTO public.appointment (patient_id, doctor_id, date, slot) VALUES (254, 77, '2012-06-04', '7:00');
INSERT INTO public.appointment (patient_id, doctor_id, date, slot) VALUES (42, 103, '2011-07-15', '3:00');
INSERT INTO public.appointment (patient_id, doctor_id, date, slot) VALUES (7, 16, '2013-11-16', '15:00');
INSERT INTO public.appointment (patient_id, doctor_id, date, slot) VALUES (284, 135, '2018-05-20', '7:00');
INSERT INTO public.appointment (patient_id, doctor_id, date, slot) VALUES (330, 102, '2010-05-17', '23:00');
INSERT INTO public.appointment (patient_id, doctor_id, date, slot) VALUES (331, 367, '2011-07-08', '5:00');
INSERT INTO public.appointment (patient_id, doctor_id, date, slot) VALUES (303, 378, '2010-05-22', '13:00');
INSERT INTO public.appointment (patient_id, doctor_id, date, slot) VALUES (303, 91, '2010-02-21', '19:00');
INSERT INTO public.appointment (patient_id, doctor_id, date, slot) VALUES (359, 378, '2011-09-23', '18:00');
INSERT INTO public.appointment (patient_id, doctor_id, date, slot) VALUES (330, 238, '2018-09-26', '11:00');
INSERT INTO public.appointment (patient_id, doctor_id, date, slot) VALUES (198, 258, '2017-06-02', '14:00');
INSERT INTO public.appointment (patient_id, doctor_id, date, slot) VALUES (359, 378, '2011-06-18', '10:00');
INSERT INTO public.appointment (patient_id, doctor_id, date, slot) VALUES (130, 367, '2011-07-09', '16:00');
INSERT INTO public.appointment (patient_id, doctor_id, date, slot) VALUES (198, 103, '2013-04-14', '12:00');
INSERT INTO public.appointment (patient_id, doctor_id, date, slot) VALUES (17, 50, '2013-03-03', '10:00');
INSERT INTO public.appointment (patient_id, doctor_id, date, slot) VALUES (112, 20, '2019-10-25', '18:00');
INSERT INTO public.appointment (patient_id, doctor_id, date, slot) VALUES (93, 35, '2018-03-06', '11:00');
INSERT INTO public.appointment (patient_id, doctor_id, date, slot) VALUES (198, 35, '2012-03-06', '13:00');
INSERT INTO public.appointment (patient_id, doctor_id, date, slot) VALUES (42, 293, '2010-02-19', '9:00');
INSERT INTO public.appointment (patient_id, doctor_id, date, slot) VALUES (156, 367, '2015-05-27', '6:00');
INSERT INTO public.appointment (patient_id, doctor_id, date, slot) VALUES (305, 258, '2015-07-17', '12:00');
INSERT INTO public.appointment (patient_id, doctor_id, date, slot) VALUES (284, 258, '2014-10-09', '15:00');
INSERT INTO public.appointment (patient_id, doctor_id, date, slot) VALUES (17, 11, '2015-11-08', '3:00');
INSERT INTO public.appointment (patient_id, doctor_id, date, slot) VALUES (146, 35, '2010-04-13', '17:00');
INSERT INTO public.appointment (patient_id, doctor_id, date, slot) VALUES (131, 35, '2018-06-17', '10:00');
INSERT INTO public.appointment (patient_id, doctor_id, date, slot) VALUES (27, 310, '2011-01-16', '23:00');
INSERT INTO public.appointment (patient_id, doctor_id, date, slot) VALUES (345, 50, '2011-06-09', '1:00');
INSERT INTO public.appointment (patient_id, doctor_id, date, slot) VALUES (348, 258, '2013-12-03', '11:00');
INSERT INTO public.appointment (patient_id, doctor_id, date, slot) VALUES (359, 135, '2016-10-25', '13:00');
INSERT INTO public.appointment (patient_id, doctor_id, date, slot) VALUES (353, 101, '2016-09-24', '18:00');
INSERT INTO public.appointment (patient_id, doctor_id, date, slot) VALUES (331, 98, '2015-05-07', '23:00');
INSERT INTO public.appointment (patient_id, doctor_id, date, slot) VALUES (149, 11, '2014-12-06', '22:00');
INSERT INTO public.appointment (patient_id, doctor_id, date, slot) VALUES (149, 50, '2018-06-16', '7:00');
INSERT INTO public.appointment (patient_id, doctor_id, date, slot) VALUES (275, 135, '2015-04-26', '16:00');
INSERT INTO public.appointment (patient_id, doctor_id, date, slot) VALUES (381, 99, '2018-08-20', '4:00');
INSERT INTO public.appointment (patient_id, doctor_id, date, slot) VALUES (393, 101, '2010-03-02', '21:00');
INSERT INTO public.appointment (patient_id, doctor_id, date, slot) VALUES (390, 99, '2019-11-13', '19:00');
INSERT INTO public.appointment (patient_id, doctor_id, date, slot) VALUES (114, 140, '2013-06-13', '22:00');
INSERT INTO public.appointment (patient_id, doctor_id, date, slot) VALUES (305, 75, '2018-08-17', '8:00');
INSERT INTO public.appointment (patient_id, doctor_id, date, slot) VALUES (305, 293, '2018-07-09', '15:00');
INSERT INTO public.appointment (patient_id, doctor_id, date, slot) VALUES (305, 11, '2016-05-16', '18:00');
INSERT INTO public.appointment (patient_id, doctor_id, date, slot) VALUES (93, 258, '2010-11-05', '3:00');
INSERT INTO public.appointment (patient_id, doctor_id, date, slot) VALUES (328, 367, '2019-05-28', '14:00');
INSERT INTO public.appointment (patient_id, doctor_id, date, slot) VALUES (131, 50, '2015-09-23', '0:00');
INSERT INTO public.appointment (patient_id, doctor_id, date, slot) VALUES (348, 11, '2011-05-23', '9:00');
INSERT INTO public.appointment (patient_id, doctor_id, date, slot) VALUES (269, 258, '2017-06-06', '14:00');
INSERT INTO public.appointment (patient_id, doctor_id, date, slot) VALUES (284, 91, '2016-04-16', '4:00');
INSERT INTO public.appointment (patient_id, doctor_id, date, slot) VALUES (149, 101, '2019-06-03', '7:00');
INSERT INTO public.appointment (patient_id, doctor_id, date, slot) VALUES (278, 91, '2019-02-06', '15:00');
INSERT INTO public.appointment (patient_id, doctor_id, date, slot) VALUES (169, 103, '2010-01-23', '10:00');
INSERT INTO public.appointment (patient_id, doctor_id, date, slot) VALUES (42, 238, '2018-05-04', '23:00');
INSERT INTO public.appointment (patient_id, doctor_id, date, slot) VALUES (130, 238, '2015-04-15', '10:00');
INSERT INTO public.appointment (patient_id, doctor_id, date, slot) VALUES (331, 77, '2010-12-17', '11:00');
INSERT INTO public.appointment (patient_id, doctor_id, date, slot) VALUES (95, 258, '2012-10-25', '18:00');
INSERT INTO public.appointment (patient_id, doctor_id, date, slot) VALUES (114, 75, '2018-06-11', '10:00');
INSERT INTO public.appointment (patient_id, doctor_id, date, slot) VALUES (330, 20, '2014-05-22', '19:00');
INSERT INTO public.appointment (patient_id, doctor_id, date, slot) VALUES (275, 20, '2016-05-18', '0:00');
INSERT INTO public.appointment (patient_id, doctor_id, date, slot) VALUES (348, 367, '2016-11-25', '8:00');
INSERT INTO public.appointment (patient_id, doctor_id, date, slot) VALUES (198, 35, '2018-07-13', '7:00');
INSERT INTO public.appointment (patient_id, doctor_id, date, slot) VALUES (114, 99, '2015-08-24', '2:00');
INSERT INTO public.appointment (patient_id, doctor_id, date, slot) VALUES (131, 135, '2010-04-14', '4:00');
INSERT INTO public.appointment (patient_id, doctor_id, date, slot) VALUES (214, 98, '2016-02-19', '16:00');
INSERT INTO public.appointment (patient_id, doctor_id, date, slot) VALUES (181, 135, '2014-04-08', '0:00');
INSERT INTO public.appointment (patient_id, doctor_id, date, slot) VALUES (305, 293, '2011-12-19', '2:00');
INSERT INTO public.appointment (patient_id, doctor_id, date, slot) VALUES (331, 258, '2012-09-20', '17:00');
INSERT INTO public.appointment (patient_id, doctor_id, date, slot) VALUES (79, 35, '2019-02-20', '11:00');
INSERT INTO public.appointment (patient_id, doctor_id, date, slot) VALUES (254, 367, '2013-06-24', '9:00');
INSERT INTO public.appointment (patient_id, doctor_id, date, slot) VALUES (95, 11, '2014-08-10', '22:00');
INSERT INTO public.appointment (patient_id, doctor_id, date, slot) VALUES (303, 293, '2010-09-10', '2:00');
INSERT INTO public.appointment (patient_id, doctor_id, date, slot) VALUES (198, 16, '2018-07-18', '15:00');
INSERT INTO public.appointment (patient_id, doctor_id, date, slot) VALUES (393, 258, '2012-12-18', '9:00');
INSERT INTO public.appointment (patient_id, doctor_id, date, slot) VALUES (275, 11, '2016-11-20', '15:00');
INSERT INTO public.appointment (patient_id, doctor_id, date, slot) VALUES (331, 378, '2012-12-08', '7:00');
INSERT INTO public.appointment (patient_id, doctor_id, date, slot) VALUES (389, 238, '2018-03-19', '18:00');
INSERT INTO public.appointment (patient_id, doctor_id, date, slot) VALUES (7, 35, '2016-11-28', '4:00');
INSERT INTO public.appointment (patient_id, doctor_id, date, slot) VALUES (330, 77, '2015-02-08', '21:00');
INSERT INTO public.appointment (patient_id, doctor_id, date, slot) VALUES (198, 310, '2018-06-06', '13:00');
INSERT INTO public.appointment (patient_id, doctor_id, date, slot) VALUES (169, 367, '2019-07-13', '22:00');
INSERT INTO public.appointment (patient_id, doctor_id, date, slot) VALUES (112, 310, '2015-01-05', '3:00');
INSERT INTO public.appointment (patient_id, doctor_id, date, slot) VALUES (381, 310, '2017-01-07', '2:00');
INSERT INTO public.appointment (patient_id, doctor_id, date, slot) VALUES (327, 238, '2011-08-24', '11:00');
INSERT INTO public.appointment (patient_id, doctor_id, date, slot) VALUES (112, 238, '2010-07-24', '17:00');
INSERT INTO public.appointment (patient_id, doctor_id, date, slot) VALUES (278, 293, '2013-07-17', '2:00');
INSERT INTO public.appointment (patient_id, doctor_id, date, slot) VALUES (146, 101, '2012-06-05', '19:00');
INSERT INTO public.appointment (patient_id, doctor_id, date, slot) VALUES (327, 101, '2018-12-03', '17:00');
INSERT INTO public.appointment (patient_id, doctor_id, date, slot) VALUES (389, 103, '2010-05-08', '0:00');
INSERT INTO public.appointment (patient_id, doctor_id, date, slot) VALUES (27, 20, '2016-01-16', '17:00');
INSERT INTO public.appointment (patient_id, doctor_id, date, slot) VALUES (389, 11, '2013-02-09', '7:00');
INSERT INTO public.appointment (patient_id, doctor_id, date, slot) VALUES (95, 50, '2012-12-26', '7:00');
INSERT INTO public.appointment (patient_id, doctor_id, date, slot) VALUES (214, 98, '2012-06-20', '15:00');
INSERT INTO public.appointment (patient_id, doctor_id, date, slot) VALUES (389, 11, '2017-07-25', '4:00');
INSERT INTO public.appointment (patient_id, doctor_id, date, slot) VALUES (381, 135, '2013-12-04', '0:00');
INSERT INTO public.appointment (patient_id, doctor_id, date, slot) VALUES (130, 20, '2013-04-03', '7:00');
INSERT INTO public.appointment (patient_id, doctor_id, date, slot) VALUES (278, 102, '2010-05-06', '14:00');
INSERT INTO public.appointment (patient_id, doctor_id, date, slot) VALUES (303, 101, '2017-02-01', '10:00');
INSERT INTO public.appointment (patient_id, doctor_id, date, slot) VALUES (327, 99, '2017-02-26', '22:00');
INSERT INTO public.appointment (patient_id, doctor_id, date, slot) VALUES (381, 258, '2010-12-17', '11:00');
INSERT INTO public.appointment (patient_id, doctor_id, date, slot) VALUES (381, 102, '2012-05-10', '16:00');
INSERT INTO public.appointment (patient_id, doctor_id, date, slot) VALUES (278, 16, '2015-09-06', '5:00');
INSERT INTO public.appointment (patient_id, doctor_id, date, slot) VALUES (390, 102, '2012-03-24', '15:00');
INSERT INTO public.appointment (patient_id, doctor_id, date, slot) VALUES (53, 103, '2018-12-05', '10:00');
INSERT INTO public.appointment (patient_id, doctor_id, date, slot) VALUES (146, 135, '2012-11-06', '12:00');
INSERT INTO public.appointment (patient_id, doctor_id, date, slot) VALUES (125, 50, '2014-10-27', '16:00');
INSERT INTO public.appointment (patient_id, doctor_id, date, slot) VALUES (381, 378, '2012-12-20', '4:00');
INSERT INTO public.appointment (patient_id, doctor_id, date, slot) VALUES (95, 35, '2014-05-15', '13:00');
INSERT INTO public.appointment (patient_id, doctor_id, date, slot) VALUES (278, 101, '2013-06-17', '16:00');
INSERT INTO public.appointment (patient_id, doctor_id, date, slot) VALUES (156, 135, '2014-04-08', '8:00');
INSERT INTO public.appointment (patient_id, doctor_id, date, slot) VALUES (114, 238, '2019-05-15', '21:00');
INSERT INTO public.appointment (patient_id, doctor_id, date, slot) VALUES (331, 101, '2016-11-06', '14:00');
INSERT INTO public.appointment (patient_id, doctor_id, date, slot) VALUES (305, 77, '2015-11-06', '5:00');
INSERT INTO public.appointment (patient_id, doctor_id, date, slot) VALUES (181, 103, '2019-02-09', '10:00');
INSERT INTO public.appointment (patient_id, doctor_id, date, slot) VALUES (130, 102, '2015-11-22', '19:00');
INSERT INTO public.appointment (patient_id, doctor_id, date, slot) VALUES (198, 75, '2015-08-16', '12:00');
INSERT INTO public.appointment (patient_id, doctor_id, date, slot) VALUES (130, 140, '2015-12-16', '7:00');
INSERT INTO public.appointment (patient_id, doctor_id, date, slot) VALUES (359, 293, '2012-04-25', '10:00');
INSERT INTO public.appointment (patient_id, doctor_id, date, slot) VALUES (254, 258, '2014-11-03', '13:00');
INSERT INTO public.appointment (patient_id, doctor_id, date, slot) VALUES (146, 103, '2010-10-04', '2:00');
INSERT INTO public.appointment (patient_id, doctor_id, date, slot) VALUES (327, 101, '2011-10-08', '1:00');
INSERT INTO public.appointment (patient_id, doctor_id, date, slot) VALUES (390, 91, '2019-06-21', '1:00');
INSERT INTO public.appointment (patient_id, doctor_id, date, slot) VALUES (327, 98, '2010-01-18', '21:00');
INSERT INTO public.appointment (patient_id, doctor_id, date, slot) VALUES (389, 35, '2013-11-15', '6:00');
INSERT INTO public.appointment (patient_id, doctor_id, date, slot) VALUES (156, 135, '2018-03-13', '4:00');
INSERT INTO public.appointment (patient_id, doctor_id, date, slot) VALUES (331, 101, '2012-05-27', '14:00');
INSERT INTO public.appointment (patient_id, doctor_id, date, slot) VALUES (131, 35, '2014-11-28', '22:00');
INSERT INTO public.appointment (patient_id, doctor_id, date, slot) VALUES (42, 99, '2018-11-21', '17:00');
INSERT INTO public.appointment (patient_id, doctor_id, date, slot) VALUES (328, 98, '2014-12-27', '15:00');
INSERT INTO public.appointment (patient_id, doctor_id, date, slot) VALUES (359, 11, '2011-04-26', '20:00');
INSERT INTO public.appointment (patient_id, doctor_id, date, slot) VALUES (393, 77, '2016-07-14', '14:00');
INSERT INTO public.appointment (patient_id, doctor_id, date, slot) VALUES (214, 35, '2017-04-16', '1:00');
INSERT INTO public.appointment (patient_id, doctor_id, date, slot) VALUES (169, 102, '2012-08-09', '15:00');
INSERT INTO public.appointment (patient_id, doctor_id, date, slot) VALUES (393, 35, '2019-10-20', '19:00');
INSERT INTO public.appointment (patient_id, doctor_id, date, slot) VALUES (381, 293, '2013-09-02', '7:00');
INSERT INTO public.appointment (patient_id, doctor_id, date, slot) VALUES (214, 20, '2014-04-11', '5:00');
INSERT INTO public.appointment (patient_id, doctor_id, date, slot) VALUES (130, 99, '2016-05-16', '6:00');
INSERT INTO public.appointment (patient_id, doctor_id, date, slot) VALUES (284, 11, '2019-06-24', '20:00');
INSERT INTO public.appointment (patient_id, doctor_id, date, slot) VALUES (330, 11, '2013-10-17', '7:00');
INSERT INTO public.appointment (patient_id, doctor_id, date, slot) VALUES (156, 35, '2015-06-07', '5:00');
INSERT INTO public.appointment (patient_id, doctor_id, date, slot) VALUES (305, 238, '2019-10-08', '12:00');
INSERT INTO public.appointment (patient_id, doctor_id, date, slot) VALUES (330, 293, '2013-02-22', '19:00');
INSERT INTO public.appointment (patient_id, doctor_id, date, slot) VALUES (130, 378, '2018-12-15', '2:00');
INSERT INTO public.appointment (patient_id, doctor_id, date, slot) VALUES (146, 77, '2010-06-20', '18:00');
INSERT INTO public.appointment (patient_id, doctor_id, date, slot) VALUES (331, 20, '2010-05-16', '23:00');
INSERT INTO public.appointment (patient_id, doctor_id, date, slot) VALUES (389, 103, '2014-11-09', '18:00');
INSERT INTO public.appointment (patient_id, doctor_id, date, slot) VALUES (81, 98, '2017-10-23', '5:00');
INSERT INTO public.appointment (patient_id, doctor_id, date, slot) VALUES (42, 101, '2017-09-17', '0:00');
INSERT INTO public.appointment (patient_id, doctor_id, date, slot) VALUES (17, 77, '2012-06-25', '14:00');
INSERT INTO public.appointment (patient_id, doctor_id, date, slot) VALUES (79, 101, '2019-10-01', '3:00');
INSERT INTO public.appointment (patient_id, doctor_id, date, slot) VALUES (149, 11, '2016-02-25', '20:00');
INSERT INTO public.appointment (patient_id, doctor_id, date, slot) VALUES (114, 378, '2013-03-21', '1:00');
INSERT INTO public.appointment (patient_id, doctor_id, date, slot) VALUES (214, 293, '2016-06-02', '11:00');
INSERT INTO public.appointment (patient_id, doctor_id, date, slot) VALUES (169, 20, '2014-01-28', '19:00');
INSERT INTO public.appointment (patient_id, doctor_id, date, slot) VALUES (156, 310, '2010-12-12', '21:00');
INSERT INTO public.appointment (patient_id, doctor_id, date, slot) VALUES (254, 140, '2012-08-14', '4:00');
INSERT INTO public.appointment (patient_id, doctor_id, date, slot) VALUES (330, 35, '2016-05-11', '2:00');
INSERT INTO public.appointment (patient_id, doctor_id, date, slot) VALUES (353, 238, '2012-01-18', '19:00');
INSERT INTO public.appointment (patient_id, doctor_id, date, slot) VALUES (284, 16, '2010-08-07', '20:00');
INSERT INTO public.appointment (patient_id, doctor_id, date, slot) VALUES (327, 91, '2016-09-07', '22:00');
INSERT INTO public.appointment (patient_id, doctor_id, date, slot) VALUES (345, 102, '2016-02-25', '13:00');
INSERT INTO public.appointment (patient_id, doctor_id, date, slot) VALUES (149, 310, '2019-02-23', '5:00');
INSERT INTO public.appointment (patient_id, doctor_id, date, slot) VALUES (275, 91, '2018-02-11', '20:00');
INSERT INTO public.appointment (patient_id, doctor_id, date, slot) VALUES (169, 99, '2017-01-19', '3:00');
INSERT INTO public.appointment (patient_id, doctor_id, date, slot) VALUES (7, 102, '2018-07-23', '16:00');
INSERT INTO public.appointment (patient_id, doctor_id, date, slot) VALUES (156, 367, '2016-04-25', '8:00');
INSERT INTO public.appointment (patient_id, doctor_id, date, slot) VALUES (95, 91, '2017-09-07', '7:00');
INSERT INTO public.appointment (patient_id, doctor_id, date, slot) VALUES (348, 35, '2013-02-01', '17:00');
INSERT INTO public.appointment (patient_id, doctor_id, date, slot) VALUES (156, 101, '2016-12-02', '9:00');
INSERT INTO public.appointment (patient_id, doctor_id, date, slot) VALUES (114, 98, '2010-09-09', '19:00');
INSERT INTO public.appointment (patient_id, doctor_id, date, slot) VALUES (327, 258, '2018-12-17', '7:00');
INSERT INTO public.appointment (patient_id, doctor_id, date, slot) VALUES (389, 310, '2018-11-04', '1:00');
INSERT INTO public.appointment (patient_id, doctor_id, date, slot) VALUES (303, 310, '2012-06-24', '4:00');
INSERT INTO public.appointment (patient_id, doctor_id, date, slot) VALUES (131, 103, '2015-04-09', '11:00');
INSERT INTO public.appointment (patient_id, doctor_id, date, slot) VALUES (278, 140, '2011-10-27', '17:00');
INSERT INTO public.appointment (patient_id, doctor_id, date, slot) VALUES (81, 378, '2014-06-19', '15:00');
INSERT INTO public.appointment (patient_id, doctor_id, date, slot) VALUES (198, 135, '2016-06-26', '4:00');
INSERT INTO public.appointment (patient_id, doctor_id, date, slot) VALUES (42, 101, '2014-01-12', '4:00');
INSERT INTO public.appointment (patient_id, doctor_id, date, slot) VALUES (328, 20, '2011-10-17', '20:00');
INSERT INTO public.appointment (patient_id, doctor_id, date, slot) VALUES (278, 75, '2013-01-19', '10:00');
INSERT INTO public.appointment (patient_id, doctor_id, date, slot) VALUES (214, 101, '2019-02-12', '15:00');
INSERT INTO public.appointment (patient_id, doctor_id, date, slot) VALUES (42, 367, '2013-07-11', '7:00');
INSERT INTO public.appointment (patient_id, doctor_id, date, slot) VALUES (93, 135, '2010-10-07', '1:00');
INSERT INTO public.appointment (patient_id, doctor_id, date, slot) VALUES (79, 102, '2015-01-01', '14:00');
INSERT INTO public.appointment (patient_id, doctor_id, date, slot) VALUES (390, 293, '2014-02-05', '14:00');
INSERT INTO public.appointment (patient_id, doctor_id, date, slot) VALUES (114, 135, '2010-02-13', '13:00');
INSERT INTO public.appointment (patient_id, doctor_id, date, slot) VALUES (42, 367, '2018-03-07', '19:00');
INSERT INTO public.appointment (patient_id, doctor_id, date, slot) VALUES (278, 310, '2011-01-26', '10:00');
INSERT INTO public.appointment (patient_id, doctor_id, date, slot) VALUES (95, 11, '2015-02-09', '4:00');
INSERT INTO public.appointment (patient_id, doctor_id, date, slot) VALUES (130, 238, '2010-04-06', '19:00');
INSERT INTO public.appointment (patient_id, doctor_id, date, slot) VALUES (269, 98, '2018-07-20', '6:00');
INSERT INTO public.appointment (patient_id, doctor_id, date, slot) VALUES (328, 310, '2014-03-09', '1:00');
INSERT INTO public.appointment (patient_id, doctor_id, date, slot) VALUES (348, 310, '2011-05-09', '17:00');
INSERT INTO public.appointment (patient_id, doctor_id, date, slot) VALUES (27, 103, '2015-12-08', '22:00');
INSERT INTO public.appointment (patient_id, doctor_id, date, slot) VALUES (17, 140, '2011-04-11', '9:00');
INSERT INTO public.appointment (patient_id, doctor_id, date, slot) VALUES (254, 258, '2019-11-16', '5:00');
INSERT INTO public.appointment (patient_id, doctor_id, date, slot) VALUES (81, 91, '2017-09-20', '19:00');
INSERT INTO public.appointment (patient_id, doctor_id, date, slot) VALUES (53, 101, '2019-06-05', '0:00');
INSERT INTO public.appointment (patient_id, doctor_id, date, slot) VALUES (353, 20, '2012-07-12', '15:00');
INSERT INTO public.appointment (patient_id, doctor_id, date, slot) VALUES (345, 135, '2011-05-22', '1:00');
INSERT INTO public.appointment (patient_id, doctor_id, date, slot) VALUES (79, 293, '2014-11-15', '4:00');
INSERT INTO public.appointment (patient_id, doctor_id, date, slot) VALUES (27, 20, '2013-06-01', '23:00');
INSERT INTO public.appointment (patient_id, doctor_id, date, slot) VALUES (254, 91, '2011-01-16', '19:00');
INSERT INTO public.appointment (patient_id, doctor_id, date, slot) VALUES (254, 75, '2013-04-17', '14:00');
INSERT INTO public.appointment (patient_id, doctor_id, date, slot) VALUES (7, 310, '2019-05-10', '18:00');
INSERT INTO public.appointment (patient_id, doctor_id, date, slot) VALUES (275, 16, '2012-08-09', '20:00');
INSERT INTO public.appointment (patient_id, doctor_id, date, slot) VALUES (305, 378, '2012-07-12', '10:00');
INSERT INTO public.appointment (patient_id, doctor_id, date, slot) VALUES (348, 99, '2018-08-12', '16:00');
INSERT INTO public.appointment (patient_id, doctor_id, date, slot) VALUES (348, 378, '2010-04-20', '7:00');
INSERT INTO public.appointment (patient_id, doctor_id, date, slot) VALUES (81, 140, '2016-01-10', '7:00');
INSERT INTO public.appointment (patient_id, doctor_id, date, slot) VALUES (348, 293, '2011-09-12', '9:00');
INSERT INTO public.appointment (patient_id, doctor_id, date, slot) VALUES (114, 20, '2019-08-14', '15:00');
INSERT INTO public.appointment (patient_id, doctor_id, date, slot) VALUES (327, 11, '2012-09-14', '22:00');
INSERT INTO public.appointment (patient_id, doctor_id, date, slot) VALUES (130, 293, '2014-06-05', '7:00');
INSERT INTO public.appointment (patient_id, doctor_id, date, slot) VALUES (27, 310, '2011-09-22', '12:00');
INSERT INTO public.appointment (patient_id, doctor_id, date, slot) VALUES (328, 20, '2016-10-20', '21:00');
INSERT INTO public.appointment (patient_id, doctor_id, date, slot) VALUES (275, 140, '2012-11-21', '5:00');
INSERT INTO public.appointment (patient_id, doctor_id, date, slot) VALUES (331, 310, '2014-01-26', '19:00');
INSERT INTO public.appointment (patient_id, doctor_id, date, slot) VALUES (125, 99, '2015-08-10', '19:00');
INSERT INTO public.appointment (patient_id, doctor_id, date, slot) VALUES (348, 101, '2010-03-12', '6:00');
INSERT INTO public.appointment (patient_id, doctor_id, date, slot) VALUES (169, 140, '2011-06-23', '7:00');
INSERT INTO public.appointment (patient_id, doctor_id, date, slot) VALUES (198, 75, '2014-08-02', '21:00');
INSERT INTO public.appointment (patient_id, doctor_id, date, slot) VALUES (42, 310, '2014-03-24', '20:00');
INSERT INTO public.appointment (patient_id, doctor_id, date, slot) VALUES (27, 258, '2018-09-03', '18:00');
INSERT INTO public.appointment (patient_id, doctor_id, date, slot) VALUES (149, 50, '2018-08-24', '10:00');
INSERT INTO public.appointment (patient_id, doctor_id, date, slot) VALUES (303, 20, '2016-05-05', '8:00');
INSERT INTO public.appointment (patient_id, doctor_id, date, slot) VALUES (53, 50, '2017-06-13', '2:00');
INSERT INTO public.appointment (patient_id, doctor_id, date, slot) VALUES (53, 102, '2014-05-02', '9:00');
INSERT INTO public.appointment (patient_id, doctor_id, date, slot) VALUES (328, 258, '2017-07-07', '23:00');
INSERT INTO public.appointment (patient_id, doctor_id, date, slot) VALUES (93, 310, '2018-12-17', '1:00');
INSERT INTO public.appointment (patient_id, doctor_id, date, slot) VALUES (112, 135, '2011-11-21', '22:00');
INSERT INTO public.appointment (patient_id, doctor_id, date, slot) VALUES (278, 293, '2019-05-05', '18:00');
INSERT INTO public.appointment (patient_id, doctor_id, date, slot) VALUES (345, 258, '2019-03-01', '14:00');
INSERT INTO public.appointment (patient_id, doctor_id, date, slot) VALUES (81, 77, '2017-06-20', '6:00');
INSERT INTO public.appointment (patient_id, doctor_id, date, slot) VALUES (131, 101, '2016-12-04', '19:00');
INSERT INTO public.appointment (patient_id, doctor_id, date, slot) VALUES (17, 258, '2019-09-17', '5:00');
INSERT INTO public.appointment (patient_id, doctor_id, date, slot) VALUES (284, 20, '2013-01-25', '10:00');
INSERT INTO public.appointment (patient_id, doctor_id, date, slot) VALUES (278, 16, '2017-07-14', '7:00');
INSERT INTO public.appointment (patient_id, doctor_id, date, slot) VALUES (156, 103, '2013-10-05', '2:00');
INSERT INTO public.appointment (patient_id, doctor_id, date, slot) VALUES (131, 101, '2013-05-19', '1:00');
INSERT INTO public.appointment (patient_id, doctor_id, date, slot) VALUES (198, 99, '2015-01-26', '13:00');
INSERT INTO public.appointment (patient_id, doctor_id, date, slot) VALUES (42, 50, '2014-11-25', '14:00');
INSERT INTO public.appointment (patient_id, doctor_id, date, slot) VALUES (331, 101, '2013-02-02', '21:00');
INSERT INTO public.appointment (patient_id, doctor_id, date, slot) VALUES (303, 102, '2012-09-04', '18:00');
INSERT INTO public.appointment (patient_id, doctor_id, date, slot) VALUES (156, 101, '2013-09-01', '19:00');
INSERT INTO public.appointment (patient_id, doctor_id, date, slot) VALUES (181, 99, '2015-05-14', '9:00');
INSERT INTO public.appointment (patient_id, doctor_id, date, slot) VALUES (130, 35, '2012-04-13', '5:00');
INSERT INTO public.appointment (patient_id, doctor_id, date, slot) VALUES (169, 258, '2011-04-27', '20:00');
INSERT INTO public.appointment (patient_id, doctor_id, date, slot) VALUES (181, 258, '2011-07-15', '8:00');
INSERT INTO public.appointment (patient_id, doctor_id, date, slot) VALUES (181, 135, '2012-07-07', '6:00');
INSERT INTO public.appointment (patient_id, doctor_id, date, slot) VALUES (93, 77, '2018-04-06', '5:00');
INSERT INTO public.appointment (patient_id, doctor_id, date, slot) VALUES (181, 99, '2011-11-03', '7:00');
INSERT INTO public.appointment (patient_id, doctor_id, date, slot) VALUES (53, 75, '2014-05-07', '5:00');
INSERT INTO public.appointment (patient_id, doctor_id, date, slot) VALUES (114, 91, '2019-12-07', '22:00');
INSERT INTO public.appointment (patient_id, doctor_id, date, slot) VALUES (169, 11, '2013-02-08', '22:00');
INSERT INTO public.appointment (patient_id, doctor_id, date, slot) VALUES (359, 35, '2019-09-28', '5:00');
INSERT INTO public.appointment (patient_id, doctor_id, date, slot) VALUES (330, 102, '2017-03-27', '5:00');
INSERT INTO public.appointment (patient_id, doctor_id, date, slot) VALUES (381, 77, '2013-08-22', '10:00');
INSERT INTO public.appointment (patient_id, doctor_id, date, slot) VALUES (278, 310, '2011-04-02', '21:00');
INSERT INTO public.appointment (patient_id, doctor_id, date, slot) VALUES (345, 140, '2016-02-13', '4:00');
INSERT INTO public.appointment (patient_id, doctor_id, date, slot) VALUES (214, 77, '2013-08-20', '10:00');
INSERT INTO public.appointment (patient_id, doctor_id, date, slot) VALUES (393, 101, '2016-01-16', '8:00');
INSERT INTO public.appointment (patient_id, doctor_id, date, slot) VALUES (390, 103, '2015-01-12', '4:00');
INSERT INTO public.appointment (patient_id, doctor_id, date, slot) VALUES (331, 11, '2015-01-23', '17:00');
INSERT INTO public.appointment (patient_id, doctor_id, date, slot) VALUES (198, 11, '2015-01-17', '9:00');
INSERT INTO public.appointment (patient_id, doctor_id, date, slot) VALUES (27, 378, '2012-06-27', '1:00');
INSERT INTO public.appointment (patient_id, doctor_id, date, slot) VALUES (330, 135, '2012-04-17', '2:00');
INSERT INTO public.appointment (patient_id, doctor_id, date, slot) VALUES (214, 77, '2016-07-01', '11:00');
INSERT INTO public.appointment (patient_id, doctor_id, date, slot) VALUES (27, 367, '2010-04-13', '13:00');
INSERT INTO public.appointment (patient_id, doctor_id, date, slot) VALUES (156, 102, '2012-07-05', '9:00');
INSERT INTO public.appointment (patient_id, doctor_id, date, slot) VALUES (169, 310, '2013-05-03', '10:00');
INSERT INTO public.appointment (patient_id, doctor_id, date, slot) VALUES (389, 310, '2012-11-17', '2:00');
INSERT INTO public.appointment (patient_id, doctor_id, date, slot) VALUES (393, 367, '2017-01-27', '15:00');
INSERT INTO public.appointment (patient_id, doctor_id, date, slot) VALUES (169, 91, '2017-03-28', '0:00');
INSERT INTO public.appointment (patient_id, doctor_id, date, slot) VALUES (181, 258, '2019-01-07', '7:00');
INSERT INTO public.appointment (patient_id, doctor_id, date, slot) VALUES (27, 258, '2010-06-25', '10:00');
INSERT INTO public.appointment (patient_id, doctor_id, date, slot) VALUES (254, 77, '2011-03-22', '22:00');
INSERT INTO public.appointment (patient_id, doctor_id, date, slot) VALUES (130, 20, '2016-06-17', '10:00');
INSERT INTO public.appointment (patient_id, doctor_id, date, slot) VALUES (27, 135, '2013-05-16', '19:00');
INSERT INTO public.appointment (patient_id, doctor_id, date, slot) VALUES (112, 20, '2017-09-01', '17:00');
INSERT INTO public.appointment (patient_id, doctor_id, date, slot) VALUES (330, 293, '2015-11-07', '9:00');
INSERT INTO public.appointment (patient_id, doctor_id, date, slot) VALUES (156, 101, '2010-12-12', '22:00');
INSERT INTO public.appointment (patient_id, doctor_id, date, slot) VALUES (359, 20, '2018-01-27', '21:00');
INSERT INTO public.appointment (patient_id, doctor_id, date, slot) VALUES (389, 35, '2011-05-06', '6:00');
INSERT INTO public.appointment (patient_id, doctor_id, date, slot) VALUES (114, 11, '2011-08-20', '4:00');
INSERT INTO public.appointment (patient_id, doctor_id, date, slot) VALUES (389, 16, '2019-11-04', '21:00');
INSERT INTO public.appointment (patient_id, doctor_id, date, slot) VALUES (327, 35, '2016-12-04', '5:00');
INSERT INTO public.appointment (patient_id, doctor_id, date, slot) VALUES (214, 238, '2015-04-16', '23:00');
INSERT INTO public.appointment (patient_id, doctor_id, date, slot) VALUES (390, 135, '2018-04-19', '4:00');
INSERT INTO public.appointment (patient_id, doctor_id, date, slot) VALUES (353, 140, '2018-07-04', '1:00');
INSERT INTO public.appointment (patient_id, doctor_id, date, slot) VALUES (7, 20, '2018-02-22', '0:00');
INSERT INTO public.appointment (patient_id, doctor_id, date, slot) VALUES (269, 258, '2013-08-14', '17:00');
INSERT INTO public.appointment (patient_id, doctor_id, date, slot) VALUES (130, 35, '2016-12-03', '11:00');
INSERT INTO public.appointment (patient_id, doctor_id, date, slot) VALUES (305, 50, '2016-10-03', '19:00');
INSERT INTO public.appointment (patient_id, doctor_id, date, slot) VALUES (348, 75, '2015-10-17', '12:00');
INSERT INTO public.appointment (patient_id, doctor_id, date, slot) VALUES (79, 293, '2010-04-19', '15:00');
INSERT INTO public.appointment (patient_id, doctor_id, date, slot) VALUES (214, 20, '2019-02-16', '17:00');
INSERT INTO public.appointment (patient_id, doctor_id, date, slot) VALUES (381, 140, '2016-09-07', '0:00');
INSERT INTO public.appointment (patient_id, doctor_id, date, slot) VALUES (114, 77, '2017-02-17', '8:00');
INSERT INTO public.appointment (patient_id, doctor_id, date, slot) VALUES (381, 50, '2018-06-28', '18:00');
INSERT INTO public.appointment (patient_id, doctor_id, date, slot) VALUES (17, 367, '2016-03-06', '13:00');
INSERT INTO public.appointment (patient_id, doctor_id, date, slot) VALUES (130, 101, '2017-06-06', '2:00');
INSERT INTO public.appointment (patient_id, doctor_id, date, slot) VALUES (198, 20, '2011-07-27', '3:00');
INSERT INTO public.appointment (patient_id, doctor_id, date, slot) VALUES (149, 135, '2010-06-04', '4:00');
INSERT INTO public.appointment (patient_id, doctor_id, date, slot) VALUES (254, 75, '2013-12-03', '5:00');
INSERT INTO public.appointment (patient_id, doctor_id, date, slot) VALUES (17, 101, '2012-10-26', '14:00');
INSERT INTO public.appointment (patient_id, doctor_id, date, slot) VALUES (93, 258, '2010-03-10', '19:00');
INSERT INTO public.appointment (patient_id, doctor_id, date, slot) VALUES (112, 77, '2011-01-13', '0:00');
INSERT INTO public.appointment (patient_id, doctor_id, date, slot) VALUES (81, 77, '2011-11-13', '7:00');
INSERT INTO public.appointment (patient_id, doctor_id, date, slot) VALUES (331, 102, '2010-02-14', '10:00');
INSERT INTO public.appointment (patient_id, doctor_id, date, slot) VALUES (17, 75, '2018-02-28', '5:00');
INSERT INTO public.appointment (patient_id, doctor_id, date, slot) VALUES (130, 20, '2019-02-12', '22:00');
INSERT INTO public.appointment (patient_id, doctor_id, date, slot) VALUES (327, 310, '2016-02-21', '14:00');
INSERT INTO public.appointment (patient_id, doctor_id, date, slot) VALUES (149, 98, '2010-09-14', '14:00');
INSERT INTO public.appointment (patient_id, doctor_id, date, slot) VALUES (131, 91, '2013-06-22', '11:00');
INSERT INTO public.appointment (patient_id, doctor_id, date, slot) VALUES (254, 367, '2018-03-17', '14:00');
INSERT INTO public.appointment (patient_id, doctor_id, date, slot) VALUES (156, 135, '2010-08-16', '9:00');
INSERT INTO public.appointment (patient_id, doctor_id, date, slot) VALUES (269, 91, '2013-01-10', '2:00');
INSERT INTO public.appointment (patient_id, doctor_id, date, slot) VALUES (27, 98, '2014-04-08', '13:00');
INSERT INTO public.appointment (patient_id, doctor_id, date, slot) VALUES (330, 258, '2018-10-07', '19:00');
INSERT INTO public.appointment (patient_id, doctor_id, date, slot) VALUES (330, 238, '2014-10-09', '22:00');
INSERT INTO public.appointment (patient_id, doctor_id, date, slot) VALUES (79, 11, '2012-04-16', '11:00');
INSERT INTO public.appointment (patient_id, doctor_id, date, slot) VALUES (278, 367, '2015-03-10', '0:00');
INSERT INTO public.appointment (patient_id, doctor_id, date, slot) VALUES (284, 293, '2012-03-01', '4:00');
INSERT INTO public.appointment (patient_id, doctor_id, date, slot) VALUES (393, 16, '2013-01-04', '18:00');
INSERT INTO public.appointment (patient_id, doctor_id, date, slot) VALUES (146, 16, '2010-04-18', '22:00');
INSERT INTO public.appointment (patient_id, doctor_id, date, slot) VALUES (17, 378, '2015-04-19', '7:00');
INSERT INTO public.appointment (patient_id, doctor_id, date, slot) VALUES (359, 77, '2012-09-21', '15:00');
INSERT INTO public.appointment (patient_id, doctor_id, date, slot) VALUES (331, 102, '2012-04-27', '4:00');
INSERT INTO public.appointment (patient_id, doctor_id, date, slot) VALUES (79, 378, '2017-06-27', '8:00');
INSERT INTO public.appointment (patient_id, doctor_id, date, slot) VALUES (169, 35, '2015-05-19', '21:00');
INSERT INTO public.appointment (patient_id, doctor_id, date, slot) VALUES (95, 91, '2011-05-06', '11:00');
INSERT INTO public.appointment (patient_id, doctor_id, date, slot) VALUES (146, 91, '2015-05-01', '9:00');
INSERT INTO public.appointment (patient_id, doctor_id, date, slot) VALUES (353, 11, '2013-12-10', '7:00');
INSERT INTO public.appointment (patient_id, doctor_id, date, slot) VALUES (348, 16, '2015-01-11', '19:00');
INSERT INTO public.appointment (patient_id, doctor_id, date, slot) VALUES (269, 20, '2014-07-03', '20:00');
INSERT INTO public.appointment (patient_id, doctor_id, date, slot) VALUES (278, 20, '2017-12-14', '20:00');
INSERT INTO public.appointment (patient_id, doctor_id, date, slot) VALUES (328, 20, '2013-07-13', '4:00');
INSERT INTO public.appointment (patient_id, doctor_id, date, slot) VALUES (269, 99, '2015-03-28', '15:00');
INSERT INTO public.appointment (patient_id, doctor_id, date, slot) VALUES (7, 20, '2016-07-08', '23:00');
INSERT INTO public.appointment (patient_id, doctor_id, date, slot) VALUES (214, 310, '2011-01-01', '23:00');
INSERT INTO public.appointment (patient_id, doctor_id, date, slot) VALUES (331, 20, '2012-11-18', '6:00');
INSERT INTO public.appointment (patient_id, doctor_id, date, slot) VALUES (214, 77, '2013-02-11', '11:00');
INSERT INTO public.appointment (patient_id, doctor_id, date, slot) VALUES (146, 238, '2014-08-25', '16:00');
INSERT INTO public.appointment (patient_id, doctor_id, date, slot) VALUES (330, 75, '2011-08-01', '19:00');
INSERT INTO public.appointment (patient_id, doctor_id, date, slot) VALUES (330, 378, '2019-05-23', '16:00');
INSERT INTO public.appointment (patient_id, doctor_id, date, slot) VALUES (53, 98, '2014-06-12', '17:00');
INSERT INTO public.appointment (patient_id, doctor_id, date, slot) VALUES (125, 238, '2015-03-09', '12:00');
INSERT INTO public.appointment (patient_id, doctor_id, date, slot) VALUES (284, 378, '2010-09-11', '20:00');
INSERT INTO public.appointment (patient_id, doctor_id, date, slot) VALUES (27, 135, '2012-07-14', '6:00');
INSERT INTO public.appointment (patient_id, doctor_id, date, slot) VALUES (284, 238, '2017-01-14', '9:00');
INSERT INTO public.appointment (patient_id, doctor_id, date, slot) VALUES (93, 77, '2010-04-25', '11:00');
INSERT INTO public.appointment (patient_id, doctor_id, date, slot) VALUES (284, 310, '2013-11-20', '7:00');
INSERT INTO public.appointment (patient_id, doctor_id, date, slot) VALUES (303, 367, '2013-06-26', '22:00');
INSERT INTO public.appointment (patient_id, doctor_id, date, slot) VALUES (146, 98, '2017-05-21', '11:00');
INSERT INTO public.appointment (patient_id, doctor_id, date, slot) VALUES (327, 11, '2019-01-20', '5:00');
INSERT INTO public.appointment (patient_id, doctor_id, date, slot) VALUES (149, 140, '2019-06-03', '8:00');
INSERT INTO public.appointment (patient_id, doctor_id, date, slot) VALUES (254, 293, '2010-01-01', '23:00');
INSERT INTO public.appointment (patient_id, doctor_id, date, slot) VALUES (79, 140, '2010-10-20', '7:00');
INSERT INTO public.appointment (patient_id, doctor_id, date, slot) VALUES (79, 50, '2012-03-21', '7:00');
INSERT INTO public.appointment (patient_id, doctor_id, date, slot) VALUES (93, 77, '2012-10-03', '21:00');
INSERT INTO public.appointment (patient_id, doctor_id, date, slot) VALUES (169, 238, '2013-01-10', '10:00');
INSERT INTO public.appointment (patient_id, doctor_id, date, slot) VALUES (353, 75, '2015-09-04', '23:00');
INSERT INTO public.appointment (patient_id, doctor_id, date, slot) VALUES (79, 103, '2015-12-22', '0:00');
INSERT INTO public.appointment (patient_id, doctor_id, date, slot) VALUES (359, 258, '2018-12-12', '22:00');
INSERT INTO public.appointment (patient_id, doctor_id, date, slot) VALUES (198, 77, '2013-08-16', '14:00');
INSERT INTO public.appointment (patient_id, doctor_id, date, slot) VALUES (327, 101, '2014-09-02', '3:00');
INSERT INTO public.appointment (patient_id, doctor_id, date, slot) VALUES (269, 293, '2010-12-04', '8:00');
INSERT INTO public.appointment (patient_id, doctor_id, date, slot) VALUES (95, 378, '2013-03-27', '16:00');
INSERT INTO public.appointment (patient_id, doctor_id, date, slot) VALUES (81, 140, '2012-05-26', '0:00');
INSERT INTO public.appointment (patient_id, doctor_id, date, slot) VALUES (42, 75, '2010-08-18', '6:00');
INSERT INTO public.appointment (patient_id, doctor_id, date, slot) VALUES (169, 258, '2012-02-14', '7:00');
INSERT INTO public.appointment (patient_id, doctor_id, date, slot) VALUES (79, 258, '2019-03-20', '4:00');
INSERT INTO public.appointment (patient_id, doctor_id, date, slot) VALUES (278, 293, '2017-02-05', '11:00');
INSERT INTO public.appointment (patient_id, doctor_id, date, slot) VALUES (305, 98, '2015-10-26', '7:00');
INSERT INTO public.appointment (patient_id, doctor_id, date, slot) VALUES (305, 75, '2018-10-20', '12:00');
INSERT INTO public.appointment (patient_id, doctor_id, date, slot) VALUES (278, 135, '2011-10-18', '10:00');
INSERT INTO public.appointment (patient_id, doctor_id, date, slot) VALUES (79, 101, '2019-02-25', '3:00');
INSERT INTO public.appointment (patient_id, doctor_id, date, slot) VALUES (353, 103, '2018-01-13', '23:00');
INSERT INTO public.appointment (patient_id, doctor_id, date, slot) VALUES (359, 50, '2011-11-09', '5:00');
INSERT INTO public.appointment (patient_id, doctor_id, date, slot) VALUES (278, 99, '2016-09-10', '20:00');
INSERT INTO public.appointment (patient_id, doctor_id, date, slot) VALUES (42, 75, '2013-06-12', '2:00');
INSERT INTO public.appointment (patient_id, doctor_id, date, slot) VALUES (359, 75, '2016-02-22', '13:00');
INSERT INTO public.appointment (patient_id, doctor_id, date, slot) VALUES (328, 140, '2010-05-13', '12:00');
INSERT INTO public.appointment (patient_id, doctor_id, date, slot) VALUES (7, 258, '2011-12-25', '17:00');
INSERT INTO public.appointment (patient_id, doctor_id, date, slot) VALUES (130, 310, '2014-05-04', '6:00');
INSERT INTO public.appointment (patient_id, doctor_id, date, slot) VALUES (275, 91, '2013-06-15', '16:00');
INSERT INTO public.appointment (patient_id, doctor_id, date, slot) VALUES (169, 293, '2019-03-01', '15:00');
INSERT INTO public.appointment (patient_id, doctor_id, date, slot) VALUES (275, 11, '2016-03-13', '8:00');
INSERT INTO public.appointment (patient_id, doctor_id, date, slot) VALUES (353, 99, '2017-07-08', '10:00');
INSERT INTO public.appointment (patient_id, doctor_id, date, slot) VALUES (95, 258, '2017-01-24', '14:00');
INSERT INTO public.appointment (patient_id, doctor_id, date, slot) VALUES (328, 75, '2015-04-27', '6:00');
INSERT INTO public.appointment (patient_id, doctor_id, date, slot) VALUES (7, 20, '2010-09-20', '0:00');
INSERT INTO public.appointment (patient_id, doctor_id, date, slot) VALUES (303, 140, '2018-08-24', '16:00');
INSERT INTO public.appointment (patient_id, doctor_id, date, slot) VALUES (131, 378, '2014-03-09', '15:00');
INSERT INTO public.appointment (patient_id, doctor_id, date, slot) VALUES (7, 310, '2018-12-22', '1:00');
INSERT INTO public.appointment (patient_id, doctor_id, date, slot) VALUES (345, 310, '2016-02-03', '4:00');
INSERT INTO public.appointment (patient_id, doctor_id, date, slot) VALUES (27, 11, '2015-07-05', '6:00');
INSERT INTO public.appointment (patient_id, doctor_id, date, slot) VALUES (125, 50, '2015-09-15', '8:00');
INSERT INTO public.appointment (patient_id, doctor_id, date, slot) VALUES (114, 16, '2017-06-11', '17:00');
INSERT INTO public.appointment (patient_id, doctor_id, date, slot) VALUES (17, 378, '2012-10-19', '23:00');
INSERT INTO public.appointment (patient_id, doctor_id, date, slot) VALUES (17, 98, '2015-04-07', '4:00');
INSERT INTO public.appointment (patient_id, doctor_id, date, slot) VALUES (169, 91, '2013-04-16', '3:00');
INSERT INTO public.appointment (patient_id, doctor_id, date, slot) VALUES (284, 75, '2011-03-16', '14:00');
INSERT INTO public.appointment (patient_id, doctor_id, date, slot) VALUES (130, 98, '2014-03-20', '2:00');
INSERT INTO public.appointment (patient_id, doctor_id, date, slot) VALUES (79, 140, '2014-08-28', '15:00');
INSERT INTO public.appointment (patient_id, doctor_id, date, slot) VALUES (254, 11, '2016-12-11', '14:00');
INSERT INTO public.appointment (patient_id, doctor_id, date, slot) VALUES (381, 99, '2019-05-12', '12:00');
INSERT INTO public.appointment (patient_id, doctor_id, date, slot) VALUES (27, 20, '2013-05-14', '19:00');
INSERT INTO public.appointment (patient_id, doctor_id, date, slot) VALUES (284, 98, '2016-12-13', '23:00');
INSERT INTO public.appointment (patient_id, doctor_id, date, slot) VALUES (79, 16, '2016-07-25', '10:00');
INSERT INTO public.appointment (patient_id, doctor_id, date, slot) VALUES (146, 98, '2014-03-24', '11:00');
INSERT INTO public.appointment (patient_id, doctor_id, date, slot) VALUES (146, 75, '2019-05-16', '2:00');
INSERT INTO public.appointment (patient_id, doctor_id, date, slot) VALUES (214, 103, '2013-10-06', '10:00');
INSERT INTO public.appointment (patient_id, doctor_id, date, slot) VALUES (254, 35, '2013-10-14', '8:00');
INSERT INTO public.appointment (patient_id, doctor_id, date, slot) VALUES (146, 103, '2012-08-25', '7:00');
INSERT INTO public.appointment (patient_id, doctor_id, date, slot) VALUES (42, 378, '2012-05-24', '1:00');
INSERT INTO public.appointment (patient_id, doctor_id, date, slot) VALUES (53, 238, '2012-05-25', '4:00');
INSERT INTO public.appointment (patient_id, doctor_id, date, slot) VALUES (275, 135, '2016-09-20', '6:00');
INSERT INTO public.appointment (patient_id, doctor_id, date, slot) VALUES (353, 77, '2013-10-21', '10:00');
INSERT INTO public.appointment (patient_id, doctor_id, date, slot) VALUES (53, 258, '2013-05-25', '23:00');
INSERT INTO public.appointment (patient_id, doctor_id, date, slot) VALUES (146, 378, '2016-03-14', '5:00');
INSERT INTO public.appointment (patient_id, doctor_id, date, slot) VALUES (130, 75, '2016-08-11', '23:00');
INSERT INTO public.appointment (patient_id, doctor_id, date, slot) VALUES (181, 310, '2014-07-09', '11:00');
INSERT INTO public.appointment (patient_id, doctor_id, date, slot) VALUES (81, 20, '2016-08-19', '20:00');
INSERT INTO public.appointment (patient_id, doctor_id, date, slot) VALUES (131, 140, '2012-08-03', '6:00');
INSERT INTO public.appointment (patient_id, doctor_id, date, slot) VALUES (53, 102, '2018-07-21', '10:00');
INSERT INTO public.appointment (patient_id, doctor_id, date, slot) VALUES (181, 135, '2015-12-22', '4:00');
INSERT INTO public.appointment (patient_id, doctor_id, date, slot) VALUES (328, 91, '2012-03-26', '22:00');
INSERT INTO public.appointment (patient_id, doctor_id, date, slot) VALUES (389, 50, '2019-07-24', '13:00');
INSERT INTO public.appointment (patient_id, doctor_id, date, slot) VALUES (130, 99, '2018-05-19', '19:00');
INSERT INTO public.appointment (patient_id, doctor_id, date, slot) VALUES (275, 102, '2017-10-21', '10:00');
INSERT INTO public.appointment (patient_id, doctor_id, date, slot) VALUES (330, 91, '2012-08-14', '21:00');
INSERT INTO public.appointment (patient_id, doctor_id, date, slot) VALUES (181, 91, '2019-01-19', '18:00');
INSERT INTO public.appointment (patient_id, doctor_id, date, slot) VALUES (345, 258, '2012-01-04', '10:00');
INSERT INTO public.appointment (patient_id, doctor_id, date, slot) VALUES (149, 378, '2014-11-18', '10:00');
INSERT INTO public.appointment (patient_id, doctor_id, date, slot) VALUES (345, 99, '2010-02-11', '2:00');
INSERT INTO public.appointment (patient_id, doctor_id, date, slot) VALUES (353, 91, '2018-07-27', '17:00');
INSERT INTO public.appointment (patient_id, doctor_id, date, slot) VALUES (381, 135, '2017-07-26', '3:00');
INSERT INTO public.appointment (patient_id, doctor_id, date, slot) VALUES (149, 91, '2019-06-05', '16:00');
INSERT INTO public.appointment (patient_id, doctor_id, date, slot) VALUES (393, 75, '2014-02-05', '20:00');
INSERT INTO public.appointment (patient_id, doctor_id, date, slot) VALUES (198, 310, '2012-03-11', '16:00');
INSERT INTO public.appointment (patient_id, doctor_id, date, slot) VALUES (254, 20, '2018-08-13', '10:00');
INSERT INTO public.appointment (patient_id, doctor_id, date, slot) VALUES (353, 378, '2013-12-15', '11:00');
INSERT INTO public.appointment (patient_id, doctor_id, date, slot) VALUES (146, 378, '2014-03-11', '10:00');
INSERT INTO public.appointment (patient_id, doctor_id, date, slot) VALUES (359, 77, '2015-08-21', '21:00');
INSERT INTO public.appointment (patient_id, doctor_id, date, slot) VALUES (149, 50, '2019-07-27', '19:00');
INSERT INTO public.appointment (patient_id, doctor_id, date, slot) VALUES (214, 75, '2016-11-07', '22:00');
INSERT INTO public.appointment (patient_id, doctor_id, date, slot) VALUES (327, 378, '2013-07-06', '12:00');
INSERT INTO public.appointment (patient_id, doctor_id, date, slot) VALUES (93, 378, '2015-02-23', '1:00');
INSERT INTO public.appointment (patient_id, doctor_id, date, slot) VALUES (125, 50, '2011-08-20', '22:00');
INSERT INTO public.appointment (patient_id, doctor_id, date, slot) VALUES (269, 16, '2013-11-20', '22:00');
INSERT INTO public.appointment (patient_id, doctor_id, date, slot) VALUES (328, 238, '2019-05-11', '18:00');
INSERT INTO public.appointment (patient_id, doctor_id, date, slot) VALUES (269, 91, '2018-03-01', '7:00');
INSERT INTO public.appointment (patient_id, doctor_id, date, slot) VALUES (169, 98, '2017-07-10', '14:00');
INSERT INTO public.appointment (patient_id, doctor_id, date, slot) VALUES (345, 20, '2015-06-13', '20:00');
INSERT INTO public.appointment (patient_id, doctor_id, date, slot) VALUES (79, 98, '2010-02-27', '22:00');
INSERT INTO public.appointment (patient_id, doctor_id, date, slot) VALUES (331, 367, '2011-04-24', '6:00');
INSERT INTO public.appointment (patient_id, doctor_id, date, slot) VALUES (359, 378, '2019-07-21', '10:00');
INSERT INTO public.appointment (patient_id, doctor_id, date, slot) VALUES (95, 35, '2012-05-02', '17:00');
INSERT INTO public.appointment (patient_id, doctor_id, date, slot) VALUES (393, 101, '2010-04-07', '4:00');
INSERT INTO public.appointment (patient_id, doctor_id, date, slot) VALUES (303, 367, '2011-03-05', '17:00');
INSERT INTO public.appointment (patient_id, doctor_id, date, slot) VALUES (156, 75, '2017-05-27', '13:00');
INSERT INTO public.appointment (patient_id, doctor_id, date, slot) VALUES (198, 140, '2010-08-08', '1:00');
INSERT INTO public.appointment (patient_id, doctor_id, date, slot) VALUES (146, 103, '2017-06-05', '9:00');
INSERT INTO public.appointment (patient_id, doctor_id, date, slot) VALUES (254, 102, '2012-05-09', '4:00');
INSERT INTO public.appointment (patient_id, doctor_id, date, slot) VALUES (112, 367, '2011-08-18', '23:00');
INSERT INTO public.appointment (patient_id, doctor_id, date, slot) VALUES (156, 99, '2010-09-01', '10:00');
INSERT INTO public.appointment (patient_id, doctor_id, date, slot) VALUES (181, 310, '2012-04-10', '12:00');
INSERT INTO public.appointment (patient_id, doctor_id, date, slot) VALUES (284, 35, '2014-09-15', '5:00');
INSERT INTO public.appointment (patient_id, doctor_id, date, slot) VALUES (156, 102, '2017-06-18', '18:00');
INSERT INTO public.appointment (patient_id, doctor_id, date, slot) VALUES (345, 258, '2018-09-15', '9:00');
INSERT INTO public.appointment (patient_id, doctor_id, date, slot) VALUES (42, 135, '2012-05-13', '16:00');
INSERT INTO public.appointment (patient_id, doctor_id, date, slot) VALUES (214, 310, '2010-03-06', '10:00');
INSERT INTO public.appointment (patient_id, doctor_id, date, slot) VALUES (114, 238, '2019-11-07', '22:00');
INSERT INTO public.appointment (patient_id, doctor_id, date, slot) VALUES (359, 238, '2019-08-11', '2:00');
INSERT INTO public.appointment (patient_id, doctor_id, date, slot) VALUES (95, 20, '2014-08-20', '19:00');
INSERT INTO public.appointment (patient_id, doctor_id, date, slot) VALUES (112, 293, '2010-01-25', '21:00');
INSERT INTO public.appointment (patient_id, doctor_id, date, slot) VALUES (359, 98, '2017-04-26', '3:00');
INSERT INTO public.appointment (patient_id, doctor_id, date, slot) VALUES (17, 91, '2017-07-06', '15:00');
INSERT INTO public.appointment (patient_id, doctor_id, date, slot) VALUES (327, 103, '2018-08-04', '6:00');
INSERT INTO public.appointment (patient_id, doctor_id, date, slot) VALUES (53, 20, '2014-01-28', '11:00');
INSERT INTO public.appointment (patient_id, doctor_id, date, slot) VALUES (125, 310, '2018-07-23', '11:00');
INSERT INTO public.appointment (patient_id, doctor_id, date, slot) VALUES (330, 16, '2016-08-27', '21:00');
INSERT INTO public.appointment (patient_id, doctor_id, date, slot) VALUES (390, 103, '2017-07-25', '18:00');
INSERT INTO public.appointment (patient_id, doctor_id, date, slot) VALUES (303, 258, '2014-05-20', '12:00');
INSERT INTO public.appointment (patient_id, doctor_id, date, slot) VALUES (327, 367, '2017-09-03', '15:00');
INSERT INTO public.appointment (patient_id, doctor_id, date, slot) VALUES (348, 238, '2010-02-11', '1:00');
INSERT INTO public.appointment (patient_id, doctor_id, date, slot) VALUES (181, 135, '2012-02-26', '18:00');
INSERT INTO public.appointment (patient_id, doctor_id, date, slot) VALUES (93, 367, '2016-06-14', '12:00');
INSERT INTO public.appointment (patient_id, doctor_id, date, slot) VALUES (114, 11, '2012-12-20', '11:00');
INSERT INTO public.appointment (patient_id, doctor_id, date, slot) VALUES (181, 91, '2019-08-08', '4:00');
INSERT INTO public.appointment (patient_id, doctor_id, date, slot) VALUES (353, 135, '2013-03-08', '6:00');
INSERT INTO public.appointment (patient_id, doctor_id, date, slot) VALUES (149, 101, '2013-12-01', '5:00');
INSERT INTO public.appointment (patient_id, doctor_id, date, slot) VALUES (17, 238, '2018-02-15', '2:00');
INSERT INTO public.appointment (patient_id, doctor_id, date, slot) VALUES (81, 367, '2018-08-05', '14:00');
INSERT INTO public.appointment (patient_id, doctor_id, date, slot) VALUES (156, 258, '2013-11-04', '14:00');
INSERT INTO public.appointment (patient_id, doctor_id, date, slot) VALUES (303, 310, '2017-09-12', '15:00');
INSERT INTO public.appointment (patient_id, doctor_id, date, slot) VALUES (305, 99, '2014-09-03', '9:00');
INSERT INTO public.appointment (patient_id, doctor_id, date, slot) VALUES (214, 20, '2010-03-19', '9:00');
INSERT INTO public.appointment (patient_id, doctor_id, date, slot) VALUES (125, 378, '2018-02-05', '14:00');
INSERT INTO public.appointment (patient_id, doctor_id, date, slot) VALUES (214, 16, '2010-08-22', '21:00');
INSERT INTO public.appointment (patient_id, doctor_id, date, slot) VALUES (278, 11, '2019-04-11', '18:00');
INSERT INTO public.appointment (patient_id, doctor_id, date, slot) VALUES (95, 238, '2018-07-22', '2:00');
INSERT INTO public.appointment (patient_id, doctor_id, date, slot) VALUES (275, 140, '2019-07-17', '5:00');
INSERT INTO public.appointment (patient_id, doctor_id, date, slot) VALUES (114, 103, '2015-03-14', '18:00');
INSERT INTO public.appointment (patient_id, doctor_id, date, slot) VALUES (345, 20, '2010-10-16', '16:00');
INSERT INTO public.appointment (patient_id, doctor_id, date, slot) VALUES (275, 35, '2014-08-24', '18:00');
INSERT INTO public.appointment (patient_id, doctor_id, date, slot) VALUES (390, 258, '2016-04-22', '7:00');
INSERT INTO public.appointment (patient_id, doctor_id, date, slot) VALUES (169, 140, '2010-11-15', '7:00');
INSERT INTO public.appointment (patient_id, doctor_id, date, slot) VALUES (381, 135, '2016-07-14', '14:00');
INSERT INTO public.appointment (patient_id, doctor_id, date, slot) VALUES (348, 238, '2019-01-04', '2:00');
INSERT INTO public.appointment (patient_id, doctor_id, date, slot) VALUES (114, 91, '2011-03-26', '15:00');
INSERT INTO public.appointment (patient_id, doctor_id, date, slot) VALUES (181, 77, '2015-12-09', '19:00');
INSERT INTO public.appointment (patient_id, doctor_id, date, slot) VALUES (345, 103, '2012-03-16', '23:00');
INSERT INTO public.appointment (patient_id, doctor_id, date, slot) VALUES (381, 16, '2018-06-19', '17:00');
INSERT INTO public.appointment (patient_id, doctor_id, date, slot) VALUES (305, 50, '2015-01-25', '3:00');
INSERT INTO public.appointment (patient_id, doctor_id, date, slot) VALUES (275, 367, '2019-03-19', '2:00');
INSERT INTO public.appointment (patient_id, doctor_id, date, slot) VALUES (81, 16, '2013-04-06', '16:00');
INSERT INTO public.appointment (patient_id, doctor_id, date, slot) VALUES (81, 310, '2019-10-23', '4:00');
INSERT INTO public.appointment (patient_id, doctor_id, date, slot) VALUES (284, 11, '2015-11-13', '2:00');
INSERT INTO public.appointment (patient_id, doctor_id, date, slot) VALUES (278, 103, '2018-06-25', '19:00');
INSERT INTO public.appointment (patient_id, doctor_id, date, slot) VALUES (284, 50, '2015-06-13', '14:00');
INSERT INTO public.appointment (patient_id, doctor_id, date, slot) VALUES (112, 35, '2016-09-14', '15:00');
INSERT INTO public.appointment (patient_id, doctor_id, date, slot) VALUES (198, 99, '2013-06-25', '23:00');
INSERT INTO public.appointment (patient_id, doctor_id, date, slot) VALUES (81, 16, '2014-08-02', '20:00');
INSERT INTO public.appointment (patient_id, doctor_id, date, slot) VALUES (327, 101, '2010-09-07', '19:00');
INSERT INTO public.appointment (patient_id, doctor_id, date, slot) VALUES (17, 91, '2012-10-04', '15:00');
INSERT INTO public.appointment (patient_id, doctor_id, date, slot) VALUES (284, 378, '2012-08-14', '17:00');
INSERT INTO public.appointment (patient_id, doctor_id, date, slot) VALUES (95, 135, '2017-10-19', '22:00');
INSERT INTO public.appointment (patient_id, doctor_id, date, slot) VALUES (146, 11, '2010-09-19', '16:00');
INSERT INTO public.appointment (patient_id, doctor_id, date, slot) VALUES (112, 140, '2019-08-25', '12:00');
INSERT INTO public.appointment (patient_id, doctor_id, date, slot) VALUES (393, 103, '2016-10-10', '5:00');
INSERT INTO public.appointment (patient_id, doctor_id, date, slot) VALUES (93, 293, '2017-07-17', '12:00');
INSERT INTO public.appointment (patient_id, doctor_id, date, slot) VALUES (81, 77, '2019-01-24', '7:00');
INSERT INTO public.appointment (patient_id, doctor_id, date, slot) VALUES (327, 101, '2016-04-09', '10:00');
INSERT INTO public.appointment (patient_id, doctor_id, date, slot) VALUES (303, 20, '2019-06-04', '1:00');
INSERT INTO public.appointment (patient_id, doctor_id, date, slot) VALUES (303, 367, '2012-10-25', '5:00');
INSERT INTO public.appointment (patient_id, doctor_id, date, slot) VALUES (353, 16, '2015-08-03', '20:00');
INSERT INTO public.appointment (patient_id, doctor_id, date, slot) VALUES (17, 140, '2015-11-20', '16:00');
INSERT INTO public.appointment (patient_id, doctor_id, date, slot) VALUES (389, 98, '2019-12-06', '15:00');
INSERT INTO public.appointment (patient_id, doctor_id, date, slot) VALUES (181, 35, '2017-10-22', '10:00');
INSERT INTO public.appointment (patient_id, doctor_id, date, slot) VALUES (284, 258, '2017-06-20', '10:00');
INSERT INTO public.appointment (patient_id, doctor_id, date, slot) VALUES (284, 102, '2019-05-28', '20:00');
INSERT INTO public.appointment (patient_id, doctor_id, date, slot) VALUES (278, 238, '2018-12-23', '15:00');
INSERT INTO public.appointment (patient_id, doctor_id, date, slot) VALUES (156, 99, '2010-09-02', '22:00');
INSERT INTO public.appointment (patient_id, doctor_id, date, slot) VALUES (328, 98, '2012-10-18', '7:00');
INSERT INTO public.appointment (patient_id, doctor_id, date, slot) VALUES (348, 310, '2017-02-01', '5:00');
INSERT INTO public.appointment (patient_id, doctor_id, date, slot) VALUES (393, 310, '2019-06-28', '15:00');
INSERT INTO public.appointment (patient_id, doctor_id, date, slot) VALUES (275, 99, '2015-11-28', '15:00');
INSERT INTO public.appointment (patient_id, doctor_id, date, slot) VALUES (389, 101, '2013-12-27', '17:00');
INSERT INTO public.appointment (patient_id, doctor_id, date, slot) VALUES (284, 91, '2016-07-18', '16:00');
INSERT INTO public.appointment (patient_id, doctor_id, date, slot) VALUES (114, 140, '2014-08-10', '18:00');
INSERT INTO public.appointment (patient_id, doctor_id, date, slot) VALUES (81, 101, '2014-01-13', '2:00');
INSERT INTO public.appointment (patient_id, doctor_id, date, slot) VALUES (17, 77, '2015-03-16', '22:00');
INSERT INTO public.appointment (patient_id, doctor_id, date, slot) VALUES (17, 103, '2015-11-07', '9:00');
INSERT INTO public.appointment (patient_id, doctor_id, date, slot) VALUES (42, 98, '2018-03-08', '17:00');
INSERT INTO public.appointment (patient_id, doctor_id, date, slot) VALUES (95, 101, '2018-01-06', '12:00');
INSERT INTO public.appointment (patient_id, doctor_id, date, slot) VALUES (130, 140, '2015-04-02', '21:00');
INSERT INTO public.appointment (patient_id, doctor_id, date, slot) VALUES (146, 102, '2016-07-07', '5:00');
INSERT INTO public.appointment (patient_id, doctor_id, date, slot) VALUES (278, 378, '2018-04-27', '19:00');
INSERT INTO public.appointment (patient_id, doctor_id, date, slot) VALUES (389, 293, '2018-10-05', '4:00');
INSERT INTO public.appointment (patient_id, doctor_id, date, slot) VALUES (125, 140, '2018-12-18', '2:00');
INSERT INTO public.appointment (patient_id, doctor_id, date, slot) VALUES (348, 77, '2019-11-22', '10:00');
INSERT INTO public.appointment (patient_id, doctor_id, date, slot) VALUES (331, 238, '2011-10-28', '6:00');
INSERT INTO public.appointment (patient_id, doctor_id, date, slot) VALUES (81, 310, '2014-05-11', '6:00');
INSERT INTO public.appointment (patient_id, doctor_id, date, slot) VALUES (345, 99, '2010-09-21', '4:00');
INSERT INTO public.appointment (patient_id, doctor_id, date, slot) VALUES (353, 135, '2018-12-16', '22:00');
INSERT INTO public.appointment (patient_id, doctor_id, date, slot) VALUES (42, 367, '2015-02-01', '17:00');
INSERT INTO public.appointment (patient_id, doctor_id, date, slot) VALUES (130, 378, '2012-09-15', '18:00');
INSERT INTO public.appointment (patient_id, doctor_id, date, slot) VALUES (278, 135, '2018-09-27', '4:00');
INSERT INTO public.appointment (patient_id, doctor_id, date, slot) VALUES (331, 20, '2016-06-03', '1:00');
INSERT INTO public.appointment (patient_id, doctor_id, date, slot) VALUES (359, 99, '2011-06-23', '1:00');
INSERT INTO public.appointment (patient_id, doctor_id, date, slot) VALUES (269, 35, '2013-04-26', '18:00');
INSERT INTO public.appointment (patient_id, doctor_id, date, slot) VALUES (131, 77, '2015-10-01', '18:00');
INSERT INTO public.appointment (patient_id, doctor_id, date, slot) VALUES (95, 102, '2010-03-05', '6:00');
INSERT INTO public.appointment (patient_id, doctor_id, date, slot) VALUES (114, 103, '2015-03-24', '20:00');
INSERT INTO public.appointment (patient_id, doctor_id, date, slot) VALUES (27, 77, '2016-10-11', '3:00');
INSERT INTO public.appointment (patient_id, doctor_id, date, slot) VALUES (149, 99, '2011-08-01', '1:00');
INSERT INTO public.appointment (patient_id, doctor_id, date, slot) VALUES (353, 91, '2013-06-14', '14:00');
INSERT INTO public.appointment (patient_id, doctor_id, date, slot) VALUES (275, 310, '2017-02-02', '13:00');
INSERT INTO public.appointment (patient_id, doctor_id, date, slot) VALUES (156, 20, '2010-09-08', '13:00');
INSERT INTO public.appointment (patient_id, doctor_id, date, slot) VALUES (146, 367, '2016-12-14', '20:00');
INSERT INTO public.appointment (patient_id, doctor_id, date, slot) VALUES (93, 135, '2014-11-11', '6:00');
INSERT INTO public.appointment (patient_id, doctor_id, date, slot) VALUES (353, 102, '2016-10-19', '17:00');
INSERT INTO public.appointment (patient_id, doctor_id, date, slot) VALUES (269, 293, '2013-01-15', '13:00');
INSERT INTO public.appointment (patient_id, doctor_id, date, slot) VALUES (198, 102, '2010-03-04', '7:00');
INSERT INTO public.appointment (patient_id, doctor_id, date, slot) VALUES (327, 35, '2013-12-17', '4:00');
INSERT INTO public.appointment (patient_id, doctor_id, date, slot) VALUES (393, 367, '2010-07-21', '7:00');
INSERT INTO public.appointment (patient_id, doctor_id, date, slot) VALUES (303, 258, '2011-04-08', '23:00');
INSERT INTO public.appointment (patient_id, doctor_id, date, slot) VALUES (327, 99, '2017-12-14', '21:00');
INSERT INTO public.appointment (patient_id, doctor_id, date, slot) VALUES (303, 293, '2017-05-21', '12:00');
INSERT INTO public.appointment (patient_id, doctor_id, date, slot) VALUES (95, 98, '2013-03-28', '13:00');
INSERT INTO public.appointment (patient_id, doctor_id, date, slot) VALUES (146, 91, '2016-07-21', '23:00');
INSERT INTO public.appointment (patient_id, doctor_id, date, slot) VALUES (330, 140, '2014-01-14', '13:00');
INSERT INTO public.appointment (patient_id, doctor_id, date, slot) VALUES (93, 50, '2010-07-24', '21:00');
INSERT INTO public.appointment (patient_id, doctor_id, date, slot) VALUES (169, 35, '2018-09-27', '5:00');
INSERT INTO public.appointment (patient_id, doctor_id, date, slot) VALUES (331, 77, '2019-03-27', '17:00');
INSERT INTO public.appointment (patient_id, doctor_id, date, slot) VALUES (114, 135, '2012-06-17', '19:00');
INSERT INTO public.appointment (patient_id, doctor_id, date, slot) VALUES (275, 99, '2010-11-21', '6:00');
INSERT INTO public.appointment (patient_id, doctor_id, date, slot) VALUES (331, 20, '2014-04-27', '14:00');
INSERT INTO public.appointment (patient_id, doctor_id, date, slot) VALUES (389, 35, '2013-08-12', '21:00');
INSERT INTO public.appointment (patient_id, doctor_id, date, slot) VALUES (389, 378, '2016-10-22', '3:00');
INSERT INTO public.appointment (patient_id, doctor_id, date, slot) VALUES (125, 102, '2016-12-25', '21:00');
INSERT INTO public.appointment (patient_id, doctor_id, date, slot) VALUES (328, 11, '2016-10-09', '23:00');
INSERT INTO public.appointment (patient_id, doctor_id, date, slot) VALUES (254, 35, '2016-12-19', '23:00');
INSERT INTO public.appointment (patient_id, doctor_id, date, slot) VALUES (393, 310, '2014-05-21', '11:00');
INSERT INTO public.appointment (patient_id, doctor_id, date, slot) VALUES (27, 103, '2012-02-06', '12:00');
INSERT INTO public.appointment (patient_id, doctor_id, date, slot) VALUES (345, 140, '2018-07-18', '7:00');
INSERT INTO public.appointment (patient_id, doctor_id, date, slot) VALUES (130, 238, '2014-02-18', '13:00');
INSERT INTO public.appointment (patient_id, doctor_id, date, slot) VALUES (393, 99, '2019-11-06', '19:00');
INSERT INTO public.appointment (patient_id, doctor_id, date, slot) VALUES (7, 50, '2012-08-02', '12:00');
INSERT INTO public.appointment (patient_id, doctor_id, date, slot) VALUES (131, 102, '2018-05-27', '20:00');
INSERT INTO public.appointment (patient_id, doctor_id, date, slot) VALUES (331, 258, '2017-09-12', '1:00');
INSERT INTO public.appointment (patient_id, doctor_id, date, slot) VALUES (381, 293, '2010-09-21', '9:00');
INSERT INTO public.appointment (patient_id, doctor_id, date, slot) VALUES (303, 101, '2011-09-10', '17:00');
INSERT INTO public.appointment (patient_id, doctor_id, date, slot) VALUES (275, 75, '2013-06-20', '21:00');
INSERT INTO public.appointment (patient_id, doctor_id, date, slot) VALUES (328, 135, '2011-06-11', '21:00');
INSERT INTO public.appointment (patient_id, doctor_id, date, slot) VALUES (284, 75, '2016-01-12', '10:00');
INSERT INTO public.appointment (patient_id, doctor_id, date, slot) VALUES (198, 91, '2012-09-25', '11:00');
INSERT INTO public.appointment (patient_id, doctor_id, date, slot) VALUES (198, 35, '2014-07-01', '13:00');
INSERT INTO public.appointment (patient_id, doctor_id, date, slot) VALUES (146, 140, '2014-03-08', '20:00');
INSERT INTO public.appointment (patient_id, doctor_id, date, slot) VALUES (112, 367, '2017-07-20', '1:00');
INSERT INTO public.appointment (patient_id, doctor_id, date, slot) VALUES (359, 367, '2019-03-17', '16:00');
INSERT INTO public.appointment (patient_id, doctor_id, date, slot) VALUES (345, 135, '2015-09-10', '19:00');
INSERT INTO public.appointment (patient_id, doctor_id, date, slot) VALUES (81, 11, '2015-01-23', '6:00');
INSERT INTO public.appointment (patient_id, doctor_id, date, slot) VALUES (275, 20, '2018-05-01', '12:00');
INSERT INTO public.appointment (patient_id, doctor_id, date, slot) VALUES (393, 50, '2012-11-19', '17:00');
INSERT INTO public.appointment (patient_id, doctor_id, date, slot) VALUES (390, 135, '2014-06-04', '13:00');
INSERT INTO public.appointment (patient_id, doctor_id, date, slot) VALUES (254, 238, '2018-03-20', '22:00');
INSERT INTO public.appointment (patient_id, doctor_id, date, slot) VALUES (278, 35, '2019-05-02', '9:00');
INSERT INTO public.appointment (patient_id, doctor_id, date, slot) VALUES (393, 50, '2011-10-13', '7:00');
INSERT INTO public.appointment (patient_id, doctor_id, date, slot) VALUES (345, 310, '2012-03-27', '2:00');
INSERT INTO public.appointment (patient_id, doctor_id, date, slot) VALUES (345, 11, '2010-05-03', '8:00');
INSERT INTO public.appointment (patient_id, doctor_id, date, slot) VALUES (348, 91, '2012-02-19', '5:00');
INSERT INTO public.appointment (patient_id, doctor_id, date, slot) VALUES (303, 35, '2010-11-20', '13:00');
INSERT INTO public.appointment (patient_id, doctor_id, date, slot) VALUES (305, 135, '2019-11-04', '21:00');
INSERT INTO public.appointment (patient_id, doctor_id, date, slot) VALUES (169, 140, '2014-03-04', '10:00');
INSERT INTO public.appointment (patient_id, doctor_id, date, slot) VALUES (331, 99, '2014-01-01', '4:00');
INSERT INTO public.appointment (patient_id, doctor_id, date, slot) VALUES (275, 11, '2015-05-22', '20:00');
INSERT INTO public.appointment (patient_id, doctor_id, date, slot) VALUES (345, 102, '2010-06-24', '2:00');
INSERT INTO public.appointment (patient_id, doctor_id, date, slot) VALUES (275, 35, '2017-10-25', '17:00');
INSERT INTO public.appointment (patient_id, doctor_id, date, slot) VALUES (330, 258, '2015-05-02', '13:00');
INSERT INTO public.appointment (patient_id, doctor_id, date, slot) VALUES (353, 258, '2015-06-27', '18:00');
INSERT INTO public.appointment (patient_id, doctor_id, date, slot) VALUES (381, 20, '2017-05-07', '23:00');
INSERT INTO public.appointment (patient_id, doctor_id, date, slot) VALUES (79, 293, '2011-04-08', '7:00');
INSERT INTO public.appointment (patient_id, doctor_id, date, slot) VALUES (114, 102, '2019-02-05', '11:00');
INSERT INTO public.appointment (patient_id, doctor_id, date, slot) VALUES (305, 258, '2016-01-03', '15:00');
INSERT INTO public.appointment (patient_id, doctor_id, date, slot) VALUES (305, 102, '2010-09-05', '8:00');
INSERT INTO public.appointment (patient_id, doctor_id, date, slot) VALUES (393, 135, '2016-12-03', '23:00');
INSERT INTO public.appointment (patient_id, doctor_id, date, slot) VALUES (269, 16, '2017-01-01', '9:00');
INSERT INTO public.appointment (patient_id, doctor_id, date, slot) VALUES (381, 11, '2011-10-02', '22:00');
INSERT INTO public.appointment (patient_id, doctor_id, date, slot) VALUES (198, 50, '2015-03-09', '13:00');
INSERT INTO public.appointment (patient_id, doctor_id, date, slot) VALUES (131, 238, '2016-12-17', '21:00');
INSERT INTO public.appointment (patient_id, doctor_id, date, slot) VALUES (348, 98, '2012-07-09', '15:00');
INSERT INTO public.appointment (patient_id, doctor_id, date, slot) VALUES (254, 102, '2013-05-10', '4:00');
INSERT INTO public.appointment (patient_id, doctor_id, date, slot) VALUES (81, 101, '2018-02-08', '3:00');
INSERT INTO public.appointment (patient_id, doctor_id, date, slot) VALUES (79, 75, '2011-09-17', '12:00');
INSERT INTO public.appointment (patient_id, doctor_id, date, slot) VALUES (345, 99, '2015-12-19', '13:00');
INSERT INTO public.appointment (patient_id, doctor_id, date, slot) VALUES (146, 16, '2013-05-27', '8:00');
INSERT INTO public.appointment (patient_id, doctor_id, date, slot) VALUES (79, 98, '2016-02-03', '13:00');
INSERT INTO public.appointment (patient_id, doctor_id, date, slot) VALUES (390, 367, '2017-06-20', '2:00');
INSERT INTO public.appointment (patient_id, doctor_id, date, slot) VALUES (330, 99, '2016-02-11', '21:00');
INSERT INTO public.appointment (patient_id, doctor_id, date, slot) VALUES (269, 102, '2017-02-27', '6:00');
INSERT INTO public.appointment (patient_id, doctor_id, date, slot) VALUES (146, 258, '2014-10-28', '22:00');
INSERT INTO public.appointment (patient_id, doctor_id, date, slot) VALUES (181, 310, '2013-04-03', '23:00');
INSERT INTO public.appointment (patient_id, doctor_id, date, slot) VALUES (42, 98, '2013-02-15', '0:00');
INSERT INTO public.appointment (patient_id, doctor_id, date, slot) VALUES (79, 378, '2011-07-08', '9:00');
INSERT INTO public.appointment (patient_id, doctor_id, date, slot) VALUES (330, 99, '2010-03-10', '21:00');
INSERT INTO public.appointment (patient_id, doctor_id, date, slot) VALUES (254, 98, '2017-05-18', '18:00');
INSERT INTO public.appointment (patient_id, doctor_id, date, slot) VALUES (42, 310, '2011-09-13', '16:00');
INSERT INTO public.appointment (patient_id, doctor_id, date, slot) VALUES (130, 11, '2010-06-04', '4:00');
INSERT INTO public.appointment (patient_id, doctor_id, date, slot) VALUES (328, 35, '2019-11-07', '2:00');
INSERT INTO public.appointment (patient_id, doctor_id, date, slot) VALUES (275, 75, '2016-10-17', '3:00');
INSERT INTO public.appointment (patient_id, doctor_id, date, slot) VALUES (169, 99, '2011-03-13', '1:00');
INSERT INTO public.appointment (patient_id, doctor_id, date, slot) VALUES (359, 293, '2015-03-14', '23:00');
INSERT INTO public.appointment (patient_id, doctor_id, date, slot) VALUES (353, 20, '2016-05-24', '11:00');
INSERT INTO public.appointment (patient_id, doctor_id, date, slot) VALUES (331, 91, '2012-01-11', '18:00');
INSERT INTO public.appointment (patient_id, doctor_id, date, slot) VALUES (214, 101, '2017-11-17', '14:00');
INSERT INTO public.appointment (patient_id, doctor_id, date, slot) VALUES (146, 98, '2012-11-27', '23:00');
INSERT INTO public.appointment (patient_id, doctor_id, date, slot) VALUES (130, 135, '2019-12-13', '17:00');
INSERT INTO public.appointment (patient_id, doctor_id, date, slot) VALUES (348, 378, '2018-10-21', '10:00');
INSERT INTO public.appointment (patient_id, doctor_id, date, slot) VALUES (95, 35, '2016-07-06', '4:00');
INSERT INTO public.appointment (patient_id, doctor_id, date, slot) VALUES (345, 75, '2011-03-17', '2:00');
INSERT INTO public.appointment (patient_id, doctor_id, date, slot) VALUES (389, 135, '2010-12-07', '10:00');
INSERT INTO public.appointment (patient_id, doctor_id, date, slot) VALUES (125, 102, '2017-07-03', '1:00');
INSERT INTO public.appointment (patient_id, doctor_id, date, slot) VALUES (93, 20, '2011-05-26', '9:00');
INSERT INTO public.appointment (patient_id, doctor_id, date, slot) VALUES (284, 378, '2016-02-13', '0:00');
INSERT INTO public.appointment (patient_id, doctor_id, date, slot) VALUES (181, 16, '2010-12-13', '0:00');
INSERT INTO public.appointment (patient_id, doctor_id, date, slot) VALUES (27, 50, '2019-01-16', '2:00');
INSERT INTO public.appointment (patient_id, doctor_id, date, slot) VALUES (214, 310, '2010-07-08', '16:00');
INSERT INTO public.appointment (patient_id, doctor_id, date, slot) VALUES (27, 103, '2010-06-03', '18:00');
INSERT INTO public.appointment (patient_id, doctor_id, date, slot) VALUES (214, 140, '2016-12-22', '4:00');
INSERT INTO public.appointment (patient_id, doctor_id, date, slot) VALUES (7, 77, '2019-07-27', '5:00');
INSERT INTO public.appointment (patient_id, doctor_id, date, slot) VALUES (156, 35, '2017-05-08', '20:00');
INSERT INTO public.appointment (patient_id, doctor_id, date, slot) VALUES (390, 102, '2012-01-28', '18:00');
INSERT INTO public.appointment (patient_id, doctor_id, date, slot) VALUES (390, 310, '2010-07-25', '16:00');
INSERT INTO public.appointment (patient_id, doctor_id, date, slot) VALUES (359, 35, '2011-03-06', '14:00');
INSERT INTO public.appointment (patient_id, doctor_id, date, slot) VALUES (305, 35, '2017-11-23', '10:00');
INSERT INTO public.appointment (patient_id, doctor_id, date, slot) VALUES (389, 102, '2010-06-11', '10:00');
INSERT INTO public.appointment (patient_id, doctor_id, date, slot) VALUES (42, 50, '2015-02-13', '9:00');
INSERT INTO public.appointment (patient_id, doctor_id, date, slot) VALUES (393, 238, '2014-04-06', '12:00');
INSERT INTO public.appointment (patient_id, doctor_id, date, slot) VALUES (79, 101, '2010-01-10', '0:00');
INSERT INTO public.appointment (patient_id, doctor_id, date, slot) VALUES (353, 35, '2015-10-24', '9:00');
INSERT INTO public.appointment (patient_id, doctor_id, date, slot) VALUES (389, 258, '2018-02-13', '20:00');
INSERT INTO public.appointment (patient_id, doctor_id, date, slot) VALUES (327, 140, '2011-08-09', '2:00');
INSERT INTO public.appointment (patient_id, doctor_id, date, slot) VALUES (181, 99, '2012-09-05', '23:00');
INSERT INTO public.appointment (patient_id, doctor_id, date, slot) VALUES (125, 140, '2010-10-11', '16:00');
INSERT INTO public.appointment (patient_id, doctor_id, date, slot) VALUES (328, 75, '2010-03-01', '4:00');
INSERT INTO public.appointment (patient_id, doctor_id, date, slot) VALUES (112, 101, '2015-12-03', '19:00');
INSERT INTO public.appointment (patient_id, doctor_id, date, slot) VALUES (328, 367, '2016-12-11', '15:00');
INSERT INTO public.appointment (patient_id, doctor_id, date, slot) VALUES (390, 135, '2012-09-01', '14:00');
INSERT INTO public.appointment (patient_id, doctor_id, date, slot) VALUES (181, 102, '2010-06-21', '8:00');
INSERT INTO public.appointment (patient_id, doctor_id, date, slot) VALUES (331, 378, '2019-08-22', '13:00');
INSERT INTO public.appointment (patient_id, doctor_id, date, slot) VALUES (328, 77, '2010-09-03', '16:00');
INSERT INTO public.appointment (patient_id, doctor_id, date, slot) VALUES (359, 77, '2013-02-28', '22:00');
INSERT INTO public.appointment (patient_id, doctor_id, date, slot) VALUES (327, 140, '2018-02-13', '22:00');
INSERT INTO public.appointment (patient_id, doctor_id, date, slot) VALUES (327, 238, '2019-05-14', '4:00');
INSERT INTO public.appointment (patient_id, doctor_id, date, slot) VALUES (17, 101, '2010-07-26', '17:00');
INSERT INTO public.appointment (patient_id, doctor_id, date, slot) VALUES (181, 101, '2013-12-26', '23:00');
INSERT INTO public.appointment (patient_id, doctor_id, date, slot) VALUES (348, 103, '2019-07-28', '23:00');
INSERT INTO public.appointment (patient_id, doctor_id, date, slot) VALUES (353, 91, '2010-10-21', '2:00');
INSERT INTO public.appointment (patient_id, doctor_id, date, slot) VALUES (284, 16, '2011-07-16', '0:00');
INSERT INTO public.appointment (patient_id, doctor_id, date, slot) VALUES (17, 98, '2017-12-23', '20:00');
INSERT INTO public.appointment (patient_id, doctor_id, date, slot) VALUES (156, 77, '2017-05-25', '10:00');
INSERT INTO public.appointment (patient_id, doctor_id, date, slot) VALUES (214, 238, '2019-07-19', '10:00');
INSERT INTO public.appointment (patient_id, doctor_id, date, slot) VALUES (353, 310, '2012-11-05', '23:00');
INSERT INTO public.appointment (patient_id, doctor_id, date, slot) VALUES (254, 99, '2018-09-13', '0:00');
INSERT INTO public.appointment (patient_id, doctor_id, date, slot) VALUES (390, 310, '2012-04-12', '22:00');
INSERT INTO public.appointment (patient_id, doctor_id, date, slot) VALUES (95, 293, '2012-03-22', '2:00');
INSERT INTO public.appointment (patient_id, doctor_id, date, slot) VALUES (130, 310, '2017-10-04', '12:00');
INSERT INTO public.appointment (patient_id, doctor_id, date, slot) VALUES (330, 293, '2018-07-10', '15:00');
INSERT INTO public.appointment (patient_id, doctor_id, date, slot) VALUES (284, 11, '2016-04-25', '22:00');
INSERT INTO public.appointment (patient_id, doctor_id, date, slot) VALUES (330, 75, '2019-12-13', '9:00');
INSERT INTO public.appointment (patient_id, doctor_id, date, slot) VALUES (275, 101, '2015-05-22', '11:00');
INSERT INTO public.appointment (patient_id, doctor_id, date, slot) VALUES (269, 91, '2015-12-26', '12:00');
INSERT INTO public.appointment (patient_id, doctor_id, date, slot) VALUES (330, 310, '2019-07-21', '7:00');
INSERT INTO public.appointment (patient_id, doctor_id, date, slot) VALUES (93, 102, '2019-08-12', '1:00');
INSERT INTO public.appointment (patient_id, doctor_id, date, slot) VALUES (254, 101, '2013-09-22', '6:00');
INSERT INTO public.appointment (patient_id, doctor_id, date, slot) VALUES (393, 102, '2017-11-10', '23:00');
INSERT INTO public.appointment (patient_id, doctor_id, date, slot) VALUES (269, 378, '2012-02-21', '19:00');
INSERT INTO public.appointment (patient_id, doctor_id, date, slot) VALUES (53, 293, '2011-04-20', '3:00');
INSERT INTO public.appointment (patient_id, doctor_id, date, slot) VALUES (269, 103, '2012-07-07', '18:00');
INSERT INTO public.appointment (patient_id, doctor_id, date, slot) VALUES (305, 35, '2011-08-20', '15:00');
INSERT INTO public.appointment (patient_id, doctor_id, date, slot) VALUES (125, 238, '2014-02-05', '4:00');
INSERT INTO public.appointment (patient_id, doctor_id, date, slot) VALUES (95, 20, '2016-01-20', '22:00');
INSERT INTO public.appointment (patient_id, doctor_id, date, slot) VALUES (156, 258, '2017-12-08', '1:00');
INSERT INTO public.appointment (patient_id, doctor_id, date, slot) VALUES (130, 99, '2014-10-20', '7:00');
INSERT INTO public.appointment (patient_id, doctor_id, date, slot) VALUES (269, 258, '2015-01-16', '8:00');
INSERT INTO public.appointment (patient_id, doctor_id, date, slot) VALUES (181, 11, '2018-12-03', '1:00');
INSERT INTO public.appointment (patient_id, doctor_id, date, slot) VALUES (214, 258, '2012-10-04', '11:00');
INSERT INTO public.appointment (patient_id, doctor_id, date, slot) VALUES (327, 103, '2010-08-08', '16:00');
INSERT INTO public.appointment (patient_id, doctor_id, date, slot) VALUES (327, 103, '2016-07-17', '0:00');
INSERT INTO public.appointment (patient_id, doctor_id, date, slot) VALUES (275, 20, '2014-10-03', '6:00');
INSERT INTO public.appointment (patient_id, doctor_id, date, slot) VALUES (353, 98, '2011-12-17', '8:00');
INSERT INTO public.appointment (patient_id, doctor_id, date, slot) VALUES (269, 91, '2017-09-18', '5:00');
INSERT INTO public.appointment (patient_id, doctor_id, date, slot) VALUES (269, 16, '2015-03-15', '13:00');
INSERT INTO public.appointment (patient_id, doctor_id, date, slot) VALUES (345, 98, '2012-07-05', '12:00');
INSERT INTO public.appointment (patient_id, doctor_id, date, slot) VALUES (27, 91, '2015-08-27', '7:00');
INSERT INTO public.appointment (patient_id, doctor_id, date, slot) VALUES (181, 11, '2018-07-03', '15:00');
INSERT INTO public.appointment (patient_id, doctor_id, date, slot) VALUES (42, 103, '2019-06-15', '14:00');
INSERT INTO public.appointment (patient_id, doctor_id, date, slot) VALUES (131, 35, '2013-10-10', '17:00');
INSERT INTO public.appointment (patient_id, doctor_id, date, slot) VALUES (278, 135, '2016-09-23', '2:00');
INSERT INTO public.appointment (patient_id, doctor_id, date, slot) VALUES (254, 91, '2013-10-20', '11:00');
INSERT INTO public.appointment (patient_id, doctor_id, date, slot) VALUES (17, 75, '2014-04-28', '13:00');
INSERT INTO public.appointment (patient_id, doctor_id, date, slot) VALUES (390, 103, '2013-06-03', '1:00');
INSERT INTO public.appointment (patient_id, doctor_id, date, slot) VALUES (303, 101, '2014-08-02', '23:00');
INSERT INTO public.appointment (patient_id, doctor_id, date, slot) VALUES (254, 378, '2016-07-11', '22:00');
INSERT INTO public.appointment (patient_id, doctor_id, date, slot) VALUES (353, 102, '2012-02-04', '12:00');
INSERT INTO public.appointment (patient_id, doctor_id, date, slot) VALUES (345, 11, '2016-04-06', '2:00');
INSERT INTO public.appointment (patient_id, doctor_id, date, slot) VALUES (353, 101, '2010-11-18', '3:00');
INSERT INTO public.appointment (patient_id, doctor_id, date, slot) VALUES (284, 11, '2019-05-10', '10:00');
INSERT INTO public.appointment (patient_id, doctor_id, date, slot) VALUES (42, 11, '2015-07-18', '17:00');
INSERT INTO public.appointment (patient_id, doctor_id, date, slot) VALUES (130, 310, '2016-09-21', '21:00');
INSERT INTO public.appointment (patient_id, doctor_id, date, slot) VALUES (389, 102, '2017-03-09', '18:00');
INSERT INTO public.appointment (patient_id, doctor_id, date, slot) VALUES (114, 98, '2012-04-13', '15:00');
INSERT INTO public.appointment (patient_id, doctor_id, date, slot) VALUES (303, 310, '2018-05-01', '16:00');
INSERT INTO public.appointment (patient_id, doctor_id, date, slot) VALUES (345, 99, '2011-11-26', '18:00');
INSERT INTO public.appointment (patient_id, doctor_id, date, slot) VALUES (331, 310, '2019-06-10', '0:00');
INSERT INTO public.appointment (patient_id, doctor_id, date, slot) VALUES (114, 35, '2013-06-28', '9:00');
INSERT INTO public.appointment (patient_id, doctor_id, date, slot) VALUES (130, 91, '2017-08-17', '19:00');
INSERT INTO public.appointment (patient_id, doctor_id, date, slot) VALUES (381, 101, '2012-08-06', '8:00');
INSERT INTO public.appointment (patient_id, doctor_id, date, slot) VALUES (359, 135, '2013-06-14', '9:00');
INSERT INTO public.appointment (patient_id, doctor_id, date, slot) VALUES (114, 99, '2016-09-04', '2:00');
INSERT INTO public.appointment (patient_id, doctor_id, date, slot) VALUES (345, 367, '2013-02-05', '1:00');
INSERT INTO public.appointment (patient_id, doctor_id, date, slot) VALUES (303, 135, '2011-10-16', '2:00');
INSERT INTO public.appointment (patient_id, doctor_id, date, slot) VALUES (330, 75, '2014-07-06', '20:00');
INSERT INTO public.appointment (patient_id, doctor_id, date, slot) VALUES (390, 98, '2017-06-03', '16:00');
INSERT INTO public.appointment (patient_id, doctor_id, date, slot) VALUES (393, 98, '2013-03-23', '22:00');
INSERT INTO public.appointment (patient_id, doctor_id, date, slot) VALUES (214, 101, '2011-01-14', '18:00');
INSERT INTO public.appointment (patient_id, doctor_id, date, slot) VALUES (275, 77, '2010-10-27', '21:00');
INSERT INTO public.appointment (patient_id, doctor_id, date, slot) VALUES (149, 102, '2013-12-04', '17:00');
INSERT INTO public.appointment (patient_id, doctor_id, date, slot) VALUES (42, 258, '2017-05-16', '4:00');
INSERT INTO public.appointment (patient_id, doctor_id, date, slot) VALUES (331, 367, '2010-08-22', '9:00');
INSERT INTO public.appointment (patient_id, doctor_id, date, slot) VALUES (393, 140, '2015-11-21', '7:00');
INSERT INTO public.appointment (patient_id, doctor_id, date, slot) VALUES (328, 11, '2015-07-12', '4:00');
INSERT INTO public.appointment (patient_id, doctor_id, date, slot) VALUES (390, 35, '2018-08-15', '5:00');
INSERT INTO public.appointment (patient_id, doctor_id, date, slot) VALUES (328, 102, '2019-04-19', '18:00');
INSERT INTO public.appointment (patient_id, doctor_id, date, slot) VALUES (169, 378, '2018-09-21', '16:00');
INSERT INTO public.appointment (patient_id, doctor_id, date, slot) VALUES (156, 378, '2018-07-10', '10:00');
INSERT INTO public.appointment (patient_id, doctor_id, date, slot) VALUES (125, 101, '2018-04-10', '6:00');
INSERT INTO public.appointment (patient_id, doctor_id, date, slot) VALUES (275, 293, '2010-09-14', '11:00');
INSERT INTO public.appointment (patient_id, doctor_id, date, slot) VALUES (345, 238, '2017-03-10', '19:00');
INSERT INTO public.appointment (patient_id, doctor_id, date, slot) VALUES (27, 258, '2013-05-18', '11:00');
INSERT INTO public.appointment (patient_id, doctor_id, date, slot) VALUES (327, 35, '2018-11-27', '21:00');
INSERT INTO public.appointment (patient_id, doctor_id, date, slot) VALUES (95, 20, '2011-01-03', '4:00');
INSERT INTO public.appointment (patient_id, doctor_id, date, slot) VALUES (393, 77, '2011-10-19', '14:00');
INSERT INTO public.appointment (patient_id, doctor_id, date, slot) VALUES (393, 293, '2010-10-12', '17:00');
INSERT INTO public.appointment (patient_id, doctor_id, date, slot) VALUES (81, 99, '2017-11-27', '11:00');
INSERT INTO public.appointment (patient_id, doctor_id, date, slot) VALUES (53, 367, '2011-07-12', '7:00');
INSERT INTO public.appointment (patient_id, doctor_id, date, slot) VALUES (156, 293, '2012-06-09', '15:00');
INSERT INTO public.appointment (patient_id, doctor_id, date, slot) VALUES (95, 293, '2016-05-06', '19:00');
INSERT INTO public.appointment (patient_id, doctor_id, date, slot) VALUES (198, 293, '2013-08-16', '19:00');
INSERT INTO public.appointment (patient_id, doctor_id, date, slot) VALUES (181, 103, '2015-07-20', '17:00');
INSERT INTO public.appointment (patient_id, doctor_id, date, slot) VALUES (114, 11, '2011-08-23', '11:00');
INSERT INTO public.appointment (patient_id, doctor_id, date, slot) VALUES (130, 35, '2011-03-07', '18:00');
INSERT INTO public.appointment (patient_id, doctor_id, date, slot) VALUES (214, 135, '2012-10-11', '3:00');
INSERT INTO public.appointment (patient_id, doctor_id, date, slot) VALUES (254, 101, '2018-07-13', '13:00');
INSERT INTO public.appointment (patient_id, doctor_id, date, slot) VALUES (79, 258, '2016-02-24', '20:00');
INSERT INTO public.appointment (patient_id, doctor_id, date, slot) VALUES (393, 258, '2010-05-16', '1:00');
INSERT INTO public.appointment (patient_id, doctor_id, date, slot) VALUES (275, 11, '2012-03-07', '17:00');
INSERT INTO public.appointment (patient_id, doctor_id, date, slot) VALUES (198, 75, '2018-05-17', '16:00');
INSERT INTO public.appointment (patient_id, doctor_id, date, slot) VALUES (7, 50, '2010-07-22', '20:00');
INSERT INTO public.appointment (patient_id, doctor_id, date, slot) VALUES (149, 99, '2014-11-07', '7:00');
INSERT INTO public.appointment (patient_id, doctor_id, date, slot) VALUES (146, 293, '2017-07-20', '9:00');
INSERT INTO public.appointment (patient_id, doctor_id, date, slot) VALUES (278, 20, '2011-01-09', '21:00');
INSERT INTO public.appointment (patient_id, doctor_id, date, slot) VALUES (305, 35, '2014-01-25', '19:00');
INSERT INTO public.appointment (patient_id, doctor_id, date, slot) VALUES (269, 16, '2011-06-07', '1:00');
INSERT INTO public.appointment (patient_id, doctor_id, date, slot) VALUES (130, 50, '2018-04-12', '6:00');
INSERT INTO public.appointment (patient_id, doctor_id, date, slot) VALUES (42, 238, '2019-05-03', '17:00');
INSERT INTO public.appointment (patient_id, doctor_id, date, slot) VALUES (328, 20, '2013-01-16', '19:00');
INSERT INTO public.appointment (patient_id, doctor_id, date, slot) VALUES (303, 99, '2016-03-10', '9:00');
INSERT INTO public.appointment (patient_id, doctor_id, date, slot) VALUES (114, 101, '2016-12-28', '2:00');
INSERT INTO public.appointment (patient_id, doctor_id, date, slot) VALUES (149, 310, '2012-04-28', '22:00');
INSERT INTO public.appointment (patient_id, doctor_id, date, slot) VALUES (17, 98, '2018-11-05', '2:00');
INSERT INTO public.appointment (patient_id, doctor_id, date, slot) VALUES (53, 98, '2014-02-27', '9:00');
INSERT INTO public.appointment (patient_id, doctor_id, date, slot) VALUES (275, 50, '2019-12-15', '0:00');
INSERT INTO public.appointment (patient_id, doctor_id, date, slot) VALUES (42, 91, '2012-07-07', '12:00');
INSERT INTO public.appointment (patient_id, doctor_id, date, slot) VALUES (95, 140, '2014-06-11', '21:00');
INSERT INTO public.appointment (patient_id, doctor_id, date, slot) VALUES (198, 367, '2016-04-06', '16:00');
INSERT INTO public.appointment (patient_id, doctor_id, date, slot) VALUES (359, 77, '2018-04-28', '3:00');
INSERT INTO public.appointment (patient_id, doctor_id, date, slot) VALUES (27, 16, '2016-02-22', '1:00');
INSERT INTO public.appointment (patient_id, doctor_id, date, slot) VALUES (284, 99, '2016-11-10', '23:00');
INSERT INTO public.appointment (patient_id, doctor_id, date, slot) VALUES (390, 50, '2016-01-11', '23:00');
INSERT INTO public.appointment (patient_id, doctor_id, date, slot) VALUES (181, 20, '2011-03-22', '15:00');
INSERT INTO public.appointment (patient_id, doctor_id, date, slot) VALUES (390, 91, '2013-03-11', '20:00');
INSERT INTO public.appointment (patient_id, doctor_id, date, slot) VALUES (327, 378, '2011-04-22', '0:00');
INSERT INTO public.appointment (patient_id, doctor_id, date, slot) VALUES (214, 35, '2012-05-27', '15:00');
INSERT INTO public.appointment (patient_id, doctor_id, date, slot) VALUES (393, 16, '2012-04-10', '12:00');
INSERT INTO public.appointment (patient_id, doctor_id, date, slot) VALUES (284, 16, '2014-04-04', '3:00');
INSERT INTO public.appointment (patient_id, doctor_id, date, slot) VALUES (198, 16, '2018-03-03', '13:00');
INSERT INTO public.appointment (patient_id, doctor_id, date, slot) VALUES (328, 101, '2015-11-28', '23:00');
INSERT INTO public.appointment (patient_id, doctor_id, date, slot) VALUES (353, 20, '2019-06-12', '12:00');
INSERT INTO public.appointment (patient_id, doctor_id, date, slot) VALUES (131, 238, '2012-04-03', '10:00');
INSERT INTO public.appointment (patient_id, doctor_id, date, slot) VALUES (81, 378, '2014-11-13', '1:00');
INSERT INTO public.appointment (patient_id, doctor_id, date, slot) VALUES (7, 140, '2010-07-09', '14:00');
INSERT INTO public.appointment (patient_id, doctor_id, date, slot) VALUES (393, 102, '2017-07-23', '10:00');
INSERT INTO public.appointment (patient_id, doctor_id, date, slot) VALUES (7, 50, '2010-02-19', '4:00');
INSERT INTO public.appointment (patient_id, doctor_id, date, slot) VALUES (53, 98, '2017-12-09', '0:00');
INSERT INTO public.appointment (patient_id, doctor_id, date, slot) VALUES (112, 99, '2011-12-12', '3:00');
INSERT INTO public.appointment (patient_id, doctor_id, date, slot) VALUES (284, 99, '2015-02-08', '8:00');
INSERT INTO public.appointment (patient_id, doctor_id, date, slot) VALUES (42, 91, '2019-11-15', '23:00');
INSERT INTO public.appointment (patient_id, doctor_id, date, slot) VALUES (278, 20, '2013-10-20', '5:00');
INSERT INTO public.appointment (patient_id, doctor_id, date, slot) VALUES (156, 77, '2011-10-12', '5:00');
INSERT INTO public.appointment (patient_id, doctor_id, date, slot) VALUES (7, 378, '2010-01-13', '10:00');
INSERT INTO public.appointment (patient_id, doctor_id, date, slot) VALUES (149, 258, '2015-01-19', '3:00');
INSERT INTO public.appointment (patient_id, doctor_id, date, slot) VALUES (381, 103, '2014-03-23', '17:00');
INSERT INTO public.appointment (patient_id, doctor_id, date, slot) VALUES (181, 98, '2014-09-19', '6:00');
INSERT INTO public.appointment (patient_id, doctor_id, date, slot) VALUES (254, 35, '2014-08-20', '1:00');
INSERT INTO public.appointment (patient_id, doctor_id, date, slot) VALUES (114, 75, '2016-07-13', '19:00');
INSERT INTO public.appointment (patient_id, doctor_id, date, slot) VALUES (146, 293, '2016-01-09', '13:00');
INSERT INTO public.appointment (patient_id, doctor_id, date, slot) VALUES (95, 310, '2018-08-25', '22:00');
INSERT INTO public.appointment (patient_id, doctor_id, date, slot) VALUES (269, 103, '2012-04-24', '1:00');
INSERT INTO public.appointment (patient_id, doctor_id, date, slot) VALUES (114, 16, '2016-03-15', '22:00');
INSERT INTO public.appointment (patient_id, doctor_id, date, slot) VALUES (17, 102, '2015-05-02', '23:00');
INSERT INTO public.appointment (patient_id, doctor_id, date, slot) VALUES (112, 140, '2011-06-27', '21:00');
INSERT INTO public.appointment (patient_id, doctor_id, date, slot) VALUES (359, 77, '2014-07-01', '11:00');
INSERT INTO public.appointment (patient_id, doctor_id, date, slot) VALUES (114, 103, '2012-05-02', '0:00');
INSERT INTO public.appointment (patient_id, doctor_id, date, slot) VALUES (27, 238, '2016-10-23', '5:00');
INSERT INTO public.appointment (patient_id, doctor_id, date, slot) VALUES (93, 135, '2015-02-04', '5:00');
INSERT INTO public.appointment (patient_id, doctor_id, date, slot) VALUES (79, 102, '2015-02-14', '20:00');
INSERT INTO public.appointment (patient_id, doctor_id, date, slot) VALUES (331, 99, '2013-07-02', '12:00');
INSERT INTO public.appointment (patient_id, doctor_id, date, slot) VALUES (348, 293, '2013-07-03', '1:00');
INSERT INTO public.appointment (patient_id, doctor_id, date, slot) VALUES (131, 238, '2018-02-21', '21:00');
INSERT INTO public.appointment (patient_id, doctor_id, date, slot) VALUES (328, 135, '2019-11-06', '0:00');
INSERT INTO public.appointment (patient_id, doctor_id, date, slot) VALUES (42, 98, '2013-09-28', '14:00');
INSERT INTO public.appointment (patient_id, doctor_id, date, slot) VALUES (353, 99, '2010-04-18', '22:00');
INSERT INTO public.appointment (patient_id, doctor_id, date, slot) VALUES (131, 102, '2014-11-23', '14:00');
INSERT INTO public.appointment (patient_id, doctor_id, date, slot) VALUES (95, 367, '2017-11-19', '4:00');
INSERT INTO public.appointment (patient_id, doctor_id, date, slot) VALUES (53, 103, '2013-05-15', '1:00');
INSERT INTO public.appointment (patient_id, doctor_id, date, slot) VALUES (42, 101, '2013-10-20', '16:00');
INSERT INTO public.appointment (patient_id, doctor_id, date, slot) VALUES (181, 11, '2010-03-16', '12:00');
INSERT INTO public.appointment (patient_id, doctor_id, date, slot) VALUES (169, 98, '2012-11-01', '11:00');
INSERT INTO public.appointment (patient_id, doctor_id, date, slot) VALUES (214, 103, '2012-08-10', '20:00');
INSERT INTO public.appointment (patient_id, doctor_id, date, slot) VALUES (95, 258, '2016-04-07', '11:00');
INSERT INTO public.appointment (patient_id, doctor_id, date, slot) VALUES (146, 99, '2012-03-18', '20:00');
INSERT INTO public.appointment (patient_id, doctor_id, date, slot) VALUES (214, 238, '2017-09-28', '11:00');
INSERT INTO public.appointment (patient_id, doctor_id, date, slot) VALUES (7, 75, '2014-06-23', '9:00');
INSERT INTO public.appointment (patient_id, doctor_id, date, slot) VALUES (198, 50, '2017-08-11', '1:00');
INSERT INTO public.appointment (patient_id, doctor_id, date, slot) VALUES (79, 91, '2019-12-01', '10:00');
INSERT INTO public.appointment (patient_id, doctor_id, date, slot) VALUES (214, 378, '2010-07-14', '22:00');
INSERT INTO public.appointment (patient_id, doctor_id, date, slot) VALUES (327, 98, '2016-01-12', '6:00');
INSERT INTO public.appointment (patient_id, doctor_id, date, slot) VALUES (112, 101, '2011-01-04', '1:00');
INSERT INTO public.appointment (patient_id, doctor_id, date, slot) VALUES (7, 35, '2016-01-12', '1:00');
INSERT INTO public.appointment (patient_id, doctor_id, date, slot) VALUES (348, 378, '2017-06-20', '20:00');
INSERT INTO public.appointment (patient_id, doctor_id, date, slot) VALUES (79, 258, '2013-06-03', '4:00');
INSERT INTO public.appointment (patient_id, doctor_id, date, slot) VALUES (345, 77, '2019-03-27', '1:00');
INSERT INTO public.appointment (patient_id, doctor_id, date, slot) VALUES (169, 101, '2019-12-03', '2:00');
INSERT INTO public.appointment (patient_id, doctor_id, date, slot) VALUES (81, 99, '2011-10-25', '22:00');
INSERT INTO public.appointment (patient_id, doctor_id, date, slot) VALUES (348, 101, '2015-10-15', '10:00');
INSERT INTO public.appointment (patient_id, doctor_id, date, slot) VALUES (331, 102, '2017-02-09', '3:00');
INSERT INTO public.appointment (patient_id, doctor_id, date, slot) VALUES (93, 98, '2013-08-09', '8:00');
INSERT INTO public.appointment (patient_id, doctor_id, date, slot) VALUES (381, 91, '2015-02-03', '14:00');
INSERT INTO public.appointment (patient_id, doctor_id, date, slot) VALUES (389, 378, '2019-01-01', '0:00');
INSERT INTO public.appointment (patient_id, doctor_id, date, slot) VALUES (95, 35, '2012-01-16', '23:00');
INSERT INTO public.appointment (patient_id, doctor_id, date, slot) VALUES (284, 35, '2013-01-10', '6:00');
INSERT INTO public.appointment (patient_id, doctor_id, date, slot) VALUES (130, 77, '2011-04-11', '8:00');
INSERT INTO public.appointment (patient_id, doctor_id, date, slot) VALUES (149, 102, '2017-09-15', '17:00');
INSERT INTO public.appointment (patient_id, doctor_id, date, slot) VALUES (7, 238, '2011-06-20', '19:00');
INSERT INTO public.appointment (patient_id, doctor_id, date, slot) VALUES (214, 77, '2011-04-07', '14:00');
INSERT INTO public.appointment (patient_id, doctor_id, date, slot) VALUES (156, 293, '2013-11-03', '14:00');
INSERT INTO public.appointment (patient_id, doctor_id, date, slot) VALUES (93, 11, '2019-11-20', '22:00');
INSERT INTO public.appointment (patient_id, doctor_id, date, slot) VALUES (114, 20, '2010-12-01', '12:00');
INSERT INTO public.appointment (patient_id, doctor_id, date, slot) VALUES (327, 99, '2016-10-19', '14:00');
INSERT INTO public.appointment (patient_id, doctor_id, date, slot) VALUES (149, 77, '2011-12-24', '10:00');
INSERT INTO public.appointment (patient_id, doctor_id, date, slot) VALUES (303, 102, '2019-07-08', '11:00');
INSERT INTO public.appointment (patient_id, doctor_id, date, slot) VALUES (305, 378, '2010-11-18', '5:00');
INSERT INTO public.appointment (patient_id, doctor_id, date, slot) VALUES (390, 310, '2017-06-25', '3:00');
INSERT INTO public.appointment (patient_id, doctor_id, date, slot) VALUES (359, 378, '2014-10-16', '0:00');
INSERT INTO public.appointment (patient_id, doctor_id, date, slot) VALUES (284, 378, '2019-04-09', '15:00');
INSERT INTO public.appointment (patient_id, doctor_id, date, slot) VALUES (81, 16, '2017-09-24', '8:00');
INSERT INTO public.appointment (patient_id, doctor_id, date, slot) VALUES (327, 77, '2014-11-09', '21:00');
INSERT INTO public.appointment (patient_id, doctor_id, date, slot) VALUES (305, 35, '2018-08-25', '5:00');
INSERT INTO public.appointment (patient_id, doctor_id, date, slot) VALUES (214, 91, '2010-11-19', '13:00');
INSERT INTO public.appointment (patient_id, doctor_id, date, slot) VALUES (53, 103, '2010-08-26', '11:00');
INSERT INTO public.appointment (patient_id, doctor_id, date, slot) VALUES (81, 99, '2017-10-13', '20:00');
INSERT INTO public.appointment (patient_id, doctor_id, date, slot) VALUES (114, 35, '2014-08-03', '0:00');
INSERT INTO public.appointment (patient_id, doctor_id, date, slot) VALUES (345, 98, '2014-03-17', '7:00');
INSERT INTO public.appointment (patient_id, doctor_id, date, slot) VALUES (348, 103, '2013-03-23', '10:00');
INSERT INTO public.appointment (patient_id, doctor_id, date, slot) VALUES (348, 50, '2016-03-20', '16:00');
INSERT INTO public.appointment (patient_id, doctor_id, date, slot) VALUES (42, 98, '2012-05-06', '18:00');
INSERT INTO public.appointment (patient_id, doctor_id, date, slot) VALUES (278, 20, '2012-01-06', '17:00');
INSERT INTO public.appointment (patient_id, doctor_id, date, slot) VALUES (169, 378, '2010-02-09', '1:00');
INSERT INTO public.appointment (patient_id, doctor_id, date, slot) VALUES (181, 101, '2017-05-20', '16:00');
INSERT INTO public.appointment (patient_id, doctor_id, date, slot) VALUES (284, 140, '2010-01-25', '6:00');
INSERT INTO public.appointment (patient_id, doctor_id, date, slot) VALUES (7, 310, '2012-10-16', '18:00');
INSERT INTO public.appointment (patient_id, doctor_id, date, slot) VALUES (131, 101, '2015-11-24', '10:00');
INSERT INTO public.appointment (patient_id, doctor_id, date, slot) VALUES (17, 310, '2017-04-05', '14:00');
INSERT INTO public.appointment (patient_id, doctor_id, date, slot) VALUES (328, 99, '2012-06-19', '5:00');
INSERT INTO public.appointment (patient_id, doctor_id, date, slot) VALUES (112, 102, '2016-08-23', '21:00');
INSERT INTO public.appointment (patient_id, doctor_id, date, slot) VALUES (112, 77, '2018-04-12', '16:00');
INSERT INTO public.appointment (patient_id, doctor_id, date, slot) VALUES (146, 101, '2015-02-16', '1:00');
INSERT INTO public.appointment (patient_id, doctor_id, date, slot) VALUES (348, 367, '2016-11-08', '12:00');
INSERT INTO public.appointment (patient_id, doctor_id, date, slot) VALUES (53, 16, '2011-02-23', '20:00');
INSERT INTO public.appointment (patient_id, doctor_id, date, slot) VALUES (130, 20, '2013-03-08', '0:00');
INSERT INTO public.appointment (patient_id, doctor_id, date, slot) VALUES (114, 35, '2013-09-01', '6:00');
INSERT INTO public.appointment (patient_id, doctor_id, date, slot) VALUES (79, 50, '2013-07-26', '22:00');
INSERT INTO public.appointment (patient_id, doctor_id, date, slot) VALUES (305, 75, '2018-05-20', '16:00');
INSERT INTO public.appointment (patient_id, doctor_id, date, slot) VALUES (93, 310, '2010-07-24', '1:00');
INSERT INTO public.appointment (patient_id, doctor_id, date, slot) VALUES (79, 293, '2018-01-14', '13:00');
INSERT INTO public.appointment (patient_id, doctor_id, date, slot) VALUES (93, 77, '2016-12-17', '14:00');
INSERT INTO public.appointment (patient_id, doctor_id, date, slot) VALUES (389, 20, '2010-01-05', '3:00');
INSERT INTO public.appointment (patient_id, doctor_id, date, slot) VALUES (254, 135, '2014-06-22', '7:00');
INSERT INTO public.appointment (patient_id, doctor_id, date, slot) VALUES (381, 99, '2011-04-08', '10:00');
INSERT INTO public.appointment (patient_id, doctor_id, date, slot) VALUES (7, 310, '2012-05-11', '15:00');
INSERT INTO public.appointment (patient_id, doctor_id, date, slot) VALUES (146, 258, '2019-07-03', '4:00');
INSERT INTO public.appointment (patient_id, doctor_id, date, slot) VALUES (181, 91, '2014-11-11', '4:00');
INSERT INTO public.appointment (patient_id, doctor_id, date, slot) VALUES (156, 102, '2014-07-22', '15:00');
INSERT INTO public.appointment (patient_id, doctor_id, date, slot) VALUES (389, 91, '2012-11-11', '19:00');
INSERT INTO public.appointment (patient_id, doctor_id, date, slot) VALUES (79, 135, '2018-09-10', '12:00');
INSERT INTO public.appointment (patient_id, doctor_id, date, slot) VALUES (93, 378, '2014-01-26', '8:00');
INSERT INTO public.appointment (patient_id, doctor_id, date, slot) VALUES (149, 101, '2010-02-25', '21:00');
INSERT INTO public.appointment (patient_id, doctor_id, date, slot) VALUES (125, 77, '2018-07-12', '11:00');
INSERT INTO public.appointment (patient_id, doctor_id, date, slot) VALUES (353, 101, '2017-01-19', '14:00');
INSERT INTO public.appointment (patient_id, doctor_id, date, slot) VALUES (284, 103, '2010-12-27', '13:00');
INSERT INTO public.appointment (patient_id, doctor_id, date, slot) VALUES (149, 35, '2019-03-18', '6:00');
INSERT INTO public.appointment (patient_id, doctor_id, date, slot) VALUES (42, 101, '2016-10-05', '4:00');
INSERT INTO public.appointment (patient_id, doctor_id, date, slot) VALUES (269, 140, '2014-08-17', '1:00');
INSERT INTO public.appointment (patient_id, doctor_id, date, slot) VALUES (393, 238, '2018-09-23', '14:00');
INSERT INTO public.appointment (patient_id, doctor_id, date, slot) VALUES (95, 75, '2012-06-10', '13:00');
INSERT INTO public.appointment (patient_id, doctor_id, date, slot) VALUES (393, 101, '2017-01-18', '5:00');
INSERT INTO public.appointment (patient_id, doctor_id, date, slot) VALUES (95, 238, '2011-10-17', '11:00');
INSERT INTO public.appointment (patient_id, doctor_id, date, slot) VALUES (125, 238, '2014-02-03', '19:00');
INSERT INTO public.appointment (patient_id, doctor_id, date, slot) VALUES (42, 16, '2011-03-11', '10:00');
INSERT INTO public.appointment (patient_id, doctor_id, date, slot) VALUES (169, 102, '2010-10-02', '17:00');
INSERT INTO public.appointment (patient_id, doctor_id, date, slot) VALUES (112, 11, '2010-02-03', '15:00');
INSERT INTO public.appointment (patient_id, doctor_id, date, slot) VALUES (345, 310, '2016-09-19', '2:00');
INSERT INTO public.appointment (patient_id, doctor_id, date, slot) VALUES (198, 135, '2017-09-09', '22:00');
INSERT INTO public.appointment (patient_id, doctor_id, date, slot) VALUES (169, 310, '2013-10-28', '2:00');
INSERT INTO public.appointment (patient_id, doctor_id, date, slot) VALUES (389, 98, '2015-11-06', '2:00');
INSERT INTO public.appointment (patient_id, doctor_id, date, slot) VALUES (146, 98, '2017-04-01', '0:00');
INSERT INTO public.appointment (patient_id, doctor_id, date, slot) VALUES (17, 135, '2011-09-12', '17:00');
INSERT INTO public.appointment (patient_id, doctor_id, date, slot) VALUES (345, 75, '2017-08-19', '10:00');
INSERT INTO public.appointment (patient_id, doctor_id, date, slot) VALUES (81, 77, '2014-12-17', '20:00');
INSERT INTO public.appointment (patient_id, doctor_id, date, slot) VALUES (330, 98, '2015-05-26', '7:00');
INSERT INTO public.appointment (patient_id, doctor_id, date, slot) VALUES (112, 310, '2013-07-04', '17:00');
INSERT INTO public.appointment (patient_id, doctor_id, date, slot) VALUES (131, 35, '2018-01-06', '0:00');
INSERT INTO public.appointment (patient_id, doctor_id, date, slot) VALUES (359, 238, '2012-09-21', '12:00');
INSERT INTO public.appointment (patient_id, doctor_id, date, slot) VALUES (305, 91, '2011-03-16', '13:00');
INSERT INTO public.appointment (patient_id, doctor_id, date, slot) VALUES (156, 50, '2019-08-25', '6:00');
INSERT INTO public.appointment (patient_id, doctor_id, date, slot) VALUES (330, 238, '2013-02-09', '3:00');
INSERT INTO public.appointment (patient_id, doctor_id, date, slot) VALUES (359, 11, '2019-10-22', '4:00');
INSERT INTO public.appointment (patient_id, doctor_id, date, slot) VALUES (390, 50, '2018-09-18', '21:00');
INSERT INTO public.appointment (patient_id, doctor_id, date, slot) VALUES (275, 16, '2019-05-20', '5:00');
INSERT INTO public.appointment (patient_id, doctor_id, date, slot) VALUES (149, 102, '2011-05-26', '21:00');
INSERT INTO public.appointment (patient_id, doctor_id, date, slot) VALUES (112, 102, '2010-12-11', '6:00');
INSERT INTO public.appointment (patient_id, doctor_id, date, slot) VALUES (348, 75, '2011-01-16', '12:00');
INSERT INTO public.appointment (patient_id, doctor_id, date, slot) VALUES (389, 35, '2017-02-28', '14:00');
INSERT INTO public.appointment (patient_id, doctor_id, date, slot) VALUES (284, 367, '2013-01-02', '20:00');
INSERT INTO public.appointment (patient_id, doctor_id, date, slot) VALUES (393, 50, '2010-02-28', '17:00');
INSERT INTO public.appointment (patient_id, doctor_id, date, slot) VALUES (359, 101, '2016-10-06', '20:00');
INSERT INTO public.appointment (patient_id, doctor_id, date, slot) VALUES (7, 258, '2017-03-15', '10:00');
INSERT INTO public.appointment (patient_id, doctor_id, date, slot) VALUES (156, 367, '2011-11-26', '19:00');
INSERT INTO public.appointment (patient_id, doctor_id, date, slot) VALUES (284, 293, '2014-03-28', '13:00');
INSERT INTO public.appointment (patient_id, doctor_id, date, slot) VALUES (17, 140, '2011-12-20', '3:00');
INSERT INTO public.appointment (patient_id, doctor_id, date, slot) VALUES (303, 258, '2011-04-06', '23:00');
INSERT INTO public.appointment (patient_id, doctor_id, date, slot) VALUES (254, 103, '2016-07-17', '6:00');
INSERT INTO public.appointment (patient_id, doctor_id, date, slot) VALUES (93, 20, '2012-05-10', '9:00');
INSERT INTO public.appointment (patient_id, doctor_id, date, slot) VALUES (156, 16, '2012-06-19', '23:00');
INSERT INTO public.appointment (patient_id, doctor_id, date, slot) VALUES (81, 103, '2019-02-27', '18:00');
INSERT INTO public.appointment (patient_id, doctor_id, date, slot) VALUES (330, 50, '2010-08-05', '14:00');
INSERT INTO public.appointment (patient_id, doctor_id, date, slot) VALUES (269, 101, '2019-02-17', '15:00');
INSERT INTO public.appointment (patient_id, doctor_id, date, slot) VALUES (303, 16, '2019-10-06', '16:00');
INSERT INTO public.appointment (patient_id, doctor_id, date, slot) VALUES (214, 16, '2016-01-18', '20:00');
INSERT INTO public.appointment (patient_id, doctor_id, date, slot) VALUES (114, 293, '2017-04-08', '4:00');
INSERT INTO public.appointment (patient_id, doctor_id, date, slot) VALUES (275, 20, '2010-11-05', '7:00');
INSERT INTO public.appointment (patient_id, doctor_id, date, slot) VALUES (181, 91, '2019-05-16', '9:00');
INSERT INTO public.appointment (patient_id, doctor_id, date, slot) VALUES (278, 258, '2017-05-19', '18:00');
INSERT INTO public.appointment (patient_id, doctor_id, date, slot) VALUES (359, 378, '2010-03-26', '22:00');
INSERT INTO public.appointment (patient_id, doctor_id, date, slot) VALUES (353, 135, '2018-01-14', '19:00');
INSERT INTO public.appointment (patient_id, doctor_id, date, slot) VALUES (53, 367, '2010-01-03', '23:00');
INSERT INTO public.appointment (patient_id, doctor_id, date, slot) VALUES (125, 258, '2011-07-06', '9:00');
INSERT INTO public.appointment (patient_id, doctor_id, date, slot) VALUES (214, 140, '2016-05-01', '9:00');
INSERT INTO public.appointment (patient_id, doctor_id, date, slot) VALUES (331, 91, '2013-12-07', '14:00');
INSERT INTO public.appointment (patient_id, doctor_id, date, slot) VALUES (254, 99, '2010-04-27', '8:00');
INSERT INTO public.appointment (patient_id, doctor_id, date, slot) VALUES (146, 101, '2017-10-10', '6:00');
INSERT INTO public.appointment (patient_id, doctor_id, date, slot) VALUES (303, 98, '2016-09-01', '1:00');
INSERT INTO public.appointment (patient_id, doctor_id, date, slot) VALUES (42, 99, '2016-04-20', '17:00');
INSERT INTO public.appointment (patient_id, doctor_id, date, slot) VALUES (390, 293, '2016-08-09', '14:00');
INSERT INTO public.appointment (patient_id, doctor_id, date, slot) VALUES (198, 101, '2019-12-03', '3:00');
INSERT INTO public.appointment (patient_id, doctor_id, date, slot) VALUES (331, 135, '2018-10-15', '13:00');
INSERT INTO public.appointment (patient_id, doctor_id, date, slot) VALUES (79, 91, '2015-07-04', '12:00');
INSERT INTO public.appointment (patient_id, doctor_id, date, slot) VALUES (42, 20, '2014-01-20', '10:00');
INSERT INTO public.appointment (patient_id, doctor_id, date, slot) VALUES (348, 98, '2013-08-15', '21:00');
INSERT INTO public.appointment (patient_id, doctor_id, date, slot) VALUES (389, 310, '2016-07-02', '22:00');
INSERT INTO public.appointment (patient_id, doctor_id, date, slot) VALUES (275, 98, '2019-05-02', '21:00');
INSERT INTO public.appointment (patient_id, doctor_id, date, slot) VALUES (214, 91, '2017-08-02', '11:00');
INSERT INTO public.appointment (patient_id, doctor_id, date, slot) VALUES (156, 135, '2019-08-18', '14:00');
INSERT INTO public.appointment (patient_id, doctor_id, date, slot) VALUES (327, 140, '2015-05-18', '1:00');
INSERT INTO public.appointment (patient_id, doctor_id, date, slot) VALUES (284, 293, '2016-07-17', '11:00');
INSERT INTO public.appointment (patient_id, doctor_id, date, slot) VALUES (42, 310, '2016-05-24', '3:00');
INSERT INTO public.appointment (patient_id, doctor_id, date, slot) VALUES (130, 140, '2011-12-11', '7:00');
INSERT INTO public.appointment (patient_id, doctor_id, date, slot) VALUES (345, 11, '2011-01-08', '3:00');
INSERT INTO public.appointment (patient_id, doctor_id, date, slot) VALUES (284, 50, '2018-11-26', '8:00');
INSERT INTO public.appointment (patient_id, doctor_id, date, slot) VALUES (131, 367, '2019-07-01', '15:00');
INSERT INTO public.appointment (patient_id, doctor_id, date, slot) VALUES (278, 91, '2010-07-22', '16:00');
INSERT INTO public.appointment (patient_id, doctor_id, date, slot) VALUES (198, 11, '2018-08-01', '10:00');
INSERT INTO public.appointment (patient_id, doctor_id, date, slot) VALUES (131, 258, '2012-10-21', '7:00');
INSERT INTO public.appointment (patient_id, doctor_id, date, slot) VALUES (381, 238, '2019-05-04', '19:00');
INSERT INTO public.appointment (patient_id, doctor_id, date, slot) VALUES (284, 258, '2013-11-16', '20:00');
INSERT INTO public.appointment (patient_id, doctor_id, date, slot) VALUES (393, 11, '2012-05-19', '7:00');
INSERT INTO public.appointment (patient_id, doctor_id, date, slot) VALUES (303, 293, '2018-01-16', '4:00');
INSERT INTO public.appointment (patient_id, doctor_id, date, slot) VALUES (146, 75, '2013-10-28', '23:00');
INSERT INTO public.appointment (patient_id, doctor_id, date, slot) VALUES (131, 99, '2012-12-23', '22:00');
INSERT INTO public.appointment (patient_id, doctor_id, date, slot) VALUES (130, 20, '2013-09-23', '1:00');
INSERT INTO public.appointment (patient_id, doctor_id, date, slot) VALUES (393, 11, '2017-05-12', '10:00');
INSERT INTO public.appointment (patient_id, doctor_id, date, slot) VALUES (275, 50, '2015-05-20', '12:00');
INSERT INTO public.appointment (patient_id, doctor_id, date, slot) VALUES (303, 77, '2010-06-09', '3:00');
INSERT INTO public.appointment (patient_id, doctor_id, date, slot) VALUES (330, 378, '2014-02-27', '21:00');
INSERT INTO public.appointment (patient_id, doctor_id, date, slot) VALUES (214, 101, '2014-07-22', '0:00');
INSERT INTO public.appointment (patient_id, doctor_id, date, slot) VALUES (353, 102, '2017-09-27', '22:00');
INSERT INTO public.appointment (patient_id, doctor_id, date, slot) VALUES (359, 367, '2017-06-01', '19:00');
INSERT INTO public.appointment (patient_id, doctor_id, date, slot) VALUES (169, 98, '2019-05-13', '15:00');
INSERT INTO public.appointment (patient_id, doctor_id, date, slot) VALUES (284, 310, '2012-07-07', '7:00');
INSERT INTO public.appointment (patient_id, doctor_id, date, slot) VALUES (149, 135, '2014-06-18', '7:00');
INSERT INTO public.appointment (patient_id, doctor_id, date, slot) VALUES (389, 238, '2015-12-14', '8:00');
INSERT INTO public.appointment (patient_id, doctor_id, date, slot) VALUES (181, 310, '2018-08-28', '21:00');
INSERT INTO public.appointment (patient_id, doctor_id, date, slot) VALUES (345, 75, '2019-08-10', '11:00');
INSERT INTO public.appointment (patient_id, doctor_id, date, slot) VALUES (156, 75, '2010-08-22', '5:00');
INSERT INTO public.appointment (patient_id, doctor_id, date, slot) VALUES (112, 102, '2013-05-23', '18:00');
INSERT INTO public.appointment (patient_id, doctor_id, date, slot) VALUES (327, 99, '2010-08-14', '21:00');
INSERT INTO public.appointment (patient_id, doctor_id, date, slot) VALUES (112, 293, '2018-09-28', '15:00');
INSERT INTO public.appointment (patient_id, doctor_id, date, slot) VALUES (389, 98, '2015-12-16', '4:00');
INSERT INTO public.appointment (patient_id, doctor_id, date, slot) VALUES (131, 75, '2017-03-23', '15:00');
INSERT INTO public.appointment (patient_id, doctor_id, date, slot) VALUES (269, 367, '2018-02-17', '4:00');
INSERT INTO public.appointment (patient_id, doctor_id, date, slot) VALUES (95, 378, '2019-12-06', '12:00');
INSERT INTO public.appointment (patient_id, doctor_id, date, slot) VALUES (348, 135, '2012-10-16', '6:00');
INSERT INTO public.appointment (patient_id, doctor_id, date, slot) VALUES (81, 20, '2017-07-27', '7:00');
INSERT INTO public.appointment (patient_id, doctor_id, date, slot) VALUES (393, 35, '2019-07-08', '0:00');
INSERT INTO public.appointment (patient_id, doctor_id, date, slot) VALUES (254, 103, '2010-11-03', '13:00');
INSERT INTO public.appointment (patient_id, doctor_id, date, slot) VALUES (79, 238, '2019-03-24', '19:00');
INSERT INTO public.appointment (patient_id, doctor_id, date, slot) VALUES (114, 258, '2011-07-03', '19:00');
INSERT INTO public.appointment (patient_id, doctor_id, date, slot) VALUES (330, 140, '2016-04-24', '5:00');
INSERT INTO public.appointment (patient_id, doctor_id, date, slot) VALUES (7, 140, '2017-01-04', '7:00');
INSERT INTO public.appointment (patient_id, doctor_id, date, slot) VALUES (275, 35, '2018-09-08', '0:00');
INSERT INTO public.appointment (patient_id, doctor_id, date, slot) VALUES (112, 75, '2011-06-07', '15:00');
INSERT INTO public.appointment (patient_id, doctor_id, date, slot) VALUES (269, 140, '2013-11-23', '9:00');
INSERT INTO public.appointment (patient_id, doctor_id, date, slot) VALUES (327, 101, '2019-09-02', '7:00');
INSERT INTO public.appointment (patient_id, doctor_id, date, slot) VALUES (214, 20, '2019-05-23', '22:00');
INSERT INTO public.appointment (patient_id, doctor_id, date, slot) VALUES (303, 140, '2010-05-21', '7:00');
INSERT INTO public.appointment (patient_id, doctor_id, date, slot) VALUES (149, 135, '2012-04-13', '13:00');
INSERT INTO public.appointment (patient_id, doctor_id, date, slot) VALUES (53, 99, '2013-12-18', '17:00');
INSERT INTO public.appointment (patient_id, doctor_id, date, slot) VALUES (146, 77, '2017-07-05', '7:00');
INSERT INTO public.appointment (patient_id, doctor_id, date, slot) VALUES (305, 310, '2016-05-12', '8:00');
INSERT INTO public.appointment (patient_id, doctor_id, date, slot) VALUES (93, 101, '2018-02-19', '14:00');
INSERT INTO public.appointment (patient_id, doctor_id, date, slot) VALUES (345, 238, '2014-03-24', '12:00');
INSERT INTO public.appointment (patient_id, doctor_id, date, slot) VALUES (131, 16, '2018-06-03', '16:00');
INSERT INTO public.appointment (patient_id, doctor_id, date, slot) VALUES (95, 258, '2017-11-15', '12:00');
INSERT INTO public.appointment (patient_id, doctor_id, date, slot) VALUES (353, 75, '2018-08-26', '5:00');
INSERT INTO public.appointment (patient_id, doctor_id, date, slot) VALUES (42, 77, '2012-10-16', '3:00');
INSERT INTO public.appointment (patient_id, doctor_id, date, slot) VALUES (254, 91, '2018-04-26', '11:00');
INSERT INTO public.appointment (patient_id, doctor_id, date, slot) VALUES (131, 258, '2010-04-01', '10:00');
INSERT INTO public.appointment (patient_id, doctor_id, date, slot) VALUES (181, 102, '2016-08-04', '4:00');
INSERT INTO public.appointment (patient_id, doctor_id, date, slot) VALUES (359, 77, '2019-10-20', '21:00');
INSERT INTO public.appointment (patient_id, doctor_id, date, slot) VALUES (112, 103, '2016-08-27', '23:00');
INSERT INTO public.appointment (patient_id, doctor_id, date, slot) VALUES (353, 99, '2016-05-23', '13:00');
INSERT INTO public.appointment (patient_id, doctor_id, date, slot) VALUES (198, 102, '2011-06-03', '16:00');
INSERT INTO public.appointment (patient_id, doctor_id, date, slot) VALUES (112, 91, '2019-01-15', '23:00');
INSERT INTO public.appointment (patient_id, doctor_id, date, slot) VALUES (390, 16, '2014-03-25', '11:00');
INSERT INTO public.appointment (patient_id, doctor_id, date, slot) VALUES (81, 258, '2012-11-22', '2:00');
INSERT INTO public.appointment (patient_id, doctor_id, date, slot) VALUES (79, 238, '2016-05-27', '9:00');
INSERT INTO public.appointment (patient_id, doctor_id, date, slot) VALUES (331, 258, '2016-11-15', '21:00');
INSERT INTO public.appointment (patient_id, doctor_id, date, slot) VALUES (330, 135, '2018-12-24', '13:00');
INSERT INTO public.appointment (patient_id, doctor_id, date, slot) VALUES (93, 140, '2017-12-13', '4:00');
INSERT INTO public.appointment (patient_id, doctor_id, date, slot) VALUES (345, 98, '2012-06-23', '19:00');
INSERT INTO public.appointment (patient_id, doctor_id, date, slot) VALUES (42, 75, '2016-06-16', '7:00');
INSERT INTO public.appointment (patient_id, doctor_id, date, slot) VALUES (303, 91, '2016-08-27', '9:00');
INSERT INTO public.appointment (patient_id, doctor_id, date, slot) VALUES (214, 293, '2010-06-17', '22:00');
INSERT INTO public.appointment (patient_id, doctor_id, date, slot) VALUES (328, 135, '2013-02-20', '15:00');
INSERT INTO public.appointment (patient_id, doctor_id, date, slot) VALUES (27, 101, '2012-05-03', '13:00');
INSERT INTO public.appointment (patient_id, doctor_id, date, slot) VALUES (278, 99, '2018-04-03', '20:00');
INSERT INTO public.appointment (patient_id, doctor_id, date, slot) VALUES (214, 310, '2010-05-14', '13:00');
INSERT INTO public.appointment (patient_id, doctor_id, date, slot) VALUES (303, 103, '2011-04-05', '23:00');
INSERT INTO public.appointment (patient_id, doctor_id, date, slot) VALUES (393, 378, '2012-11-07', '5:00');
INSERT INTO public.appointment (patient_id, doctor_id, date, slot) VALUES (327, 35, '2010-06-25', '15:00');
INSERT INTO public.appointment (patient_id, doctor_id, date, slot) VALUES (305, 310, '2017-11-09', '15:00');
INSERT INTO public.appointment (patient_id, doctor_id, date, slot) VALUES (53, 20, '2019-09-13', '20:00');
INSERT INTO public.appointment (patient_id, doctor_id, date, slot) VALUES (146, 135, '2012-05-15', '12:00');
INSERT INTO public.appointment (patient_id, doctor_id, date, slot) VALUES (328, 310, '2019-02-11', '1:00');
INSERT INTO public.appointment (patient_id, doctor_id, date, slot) VALUES (42, 35, '2018-05-15', '14:00');
INSERT INTO public.appointment (patient_id, doctor_id, date, slot) VALUES (130, 101, '2011-10-12', '16:00');
INSERT INTO public.appointment (patient_id, doctor_id, date, slot) VALUES (169, 99, '2010-12-22', '20:00');
INSERT INTO public.appointment (patient_id, doctor_id, date, slot) VALUES (198, 16, '2012-02-07', '12:00');
INSERT INTO public.appointment (patient_id, doctor_id, date, slot) VALUES (359, 99, '2016-03-13', '5:00');
INSERT INTO public.appointment (patient_id, doctor_id, date, slot) VALUES (269, 258, '2013-07-04', '15:00');
INSERT INTO public.appointment (patient_id, doctor_id, date, slot) VALUES (345, 238, '2017-09-01', '3:00');
INSERT INTO public.appointment (patient_id, doctor_id, date, slot) VALUES (114, 50, '2016-03-13', '17:00');
INSERT INTO public.appointment (patient_id, doctor_id, date, slot) VALUES (381, 135, '2017-08-18', '10:00');
INSERT INTO public.appointment (patient_id, doctor_id, date, slot) VALUES (381, 16, '2016-06-02', '2:00');
INSERT INTO public.appointment (patient_id, doctor_id, date, slot) VALUES (269, 367, '2019-04-27', '1:00');
INSERT INTO public.appointment (patient_id, doctor_id, date, slot) VALUES (327, 101, '2010-04-19', '5:00');
INSERT INTO public.appointment (patient_id, doctor_id, date, slot) VALUES (390, 135, '2017-01-06', '0:00');
INSERT INTO public.appointment (patient_id, doctor_id, date, slot) VALUES (27, 258, '2012-08-28', '18:00');
INSERT INTO public.appointment (patient_id, doctor_id, date, slot) VALUES (181, 16, '2012-06-09', '10:00');
INSERT INTO public.appointment (patient_id, doctor_id, date, slot) VALUES (95, 11, '2010-09-25', '20:00');
INSERT INTO public.appointment (patient_id, doctor_id, date, slot) VALUES (7, 101, '2013-07-23', '9:00');
INSERT INTO public.appointment (patient_id, doctor_id, date, slot) VALUES (17, 258, '2013-11-08', '23:00');
INSERT INTO public.appointment (patient_id, doctor_id, date, slot) VALUES (156, 16, '2011-10-11', '10:00');
INSERT INTO public.appointment (patient_id, doctor_id, date, slot) VALUES (331, 20, '2011-04-05', '22:00');
INSERT INTO public.appointment (patient_id, doctor_id, date, slot) VALUES (181, 11, '2011-10-22', '4:00');
INSERT INTO public.appointment (patient_id, doctor_id, date, slot) VALUES (95, 35, '2013-07-21', '7:00');
INSERT INTO public.appointment (patient_id, doctor_id, date, slot) VALUES (303, 50, '2018-10-02', '22:00');
INSERT INTO public.appointment (patient_id, doctor_id, date, slot) VALUES (169, 77, '2016-08-05', '5:00');
INSERT INTO public.appointment (patient_id, doctor_id, date, slot) VALUES (131, 20, '2019-02-07', '13:00');
INSERT INTO public.appointment (patient_id, doctor_id, date, slot) VALUES (390, 135, '2017-04-24', '19:00');
INSERT INTO public.appointment (patient_id, doctor_id, date, slot) VALUES (130, 16, '2019-01-08', '10:00');
INSERT INTO public.appointment (patient_id, doctor_id, date, slot) VALUES (7, 102, '2010-03-01', '15:00');
INSERT INTO public.appointment (patient_id, doctor_id, date, slot) VALUES (146, 367, '2017-09-21', '22:00');
INSERT INTO public.appointment (patient_id, doctor_id, date, slot) VALUES (198, 135, '2018-05-24', '10:00');
INSERT INTO public.appointment (patient_id, doctor_id, date, slot) VALUES (146, 99, '2018-12-09', '15:00');
INSERT INTO public.appointment (patient_id, doctor_id, date, slot) VALUES (7, 98, '2010-06-15', '0:00');
INSERT INTO public.appointment (patient_id, doctor_id, date, slot) VALUES (27, 98, '2015-05-28', '8:00');
INSERT INTO public.appointment (patient_id, doctor_id, date, slot) VALUES (112, 99, '2010-06-22', '0:00');
INSERT INTO public.appointment (patient_id, doctor_id, date, slot) VALUES (389, 77, '2018-09-10', '20:00');
INSERT INTO public.appointment (patient_id, doctor_id, date, slot) VALUES (275, 378, '2016-03-13', '22:00');
INSERT INTO public.appointment (patient_id, doctor_id, date, slot) VALUES (254, 77, '2016-01-03', '0:00');
INSERT INTO public.appointment (patient_id, doctor_id, date, slot) VALUES (169, 75, '2016-03-20', '13:00');
INSERT INTO public.appointment (patient_id, doctor_id, date, slot) VALUES (131, 11, '2011-02-22', '10:00');
INSERT INTO public.appointment (patient_id, doctor_id, date, slot) VALUES (79, 258, '2010-12-01', '16:00');
INSERT INTO public.appointment (patient_id, doctor_id, date, slot) VALUES (181, 35, '2012-07-26', '14:00');
INSERT INTO public.appointment (patient_id, doctor_id, date, slot) VALUES (353, 140, '2017-09-10', '13:00');
INSERT INTO public.appointment (patient_id, doctor_id, date, slot) VALUES (114, 50, '2013-04-26', '16:00');
INSERT INTO public.appointment (patient_id, doctor_id, date, slot) VALUES (389, 35, '2010-06-15', '11:00');
INSERT INTO public.appointment (patient_id, doctor_id, date, slot) VALUES (125, 16, '2018-07-08', '1:00');
INSERT INTO public.appointment (patient_id, doctor_id, date, slot) VALUES (95, 293, '2019-11-05', '1:00');
INSERT INTO public.appointment (patient_id, doctor_id, date, slot) VALUES (7, 101, '2014-08-06', '15:00');
INSERT INTO public.appointment (patient_id, doctor_id, date, slot) VALUES (27, 77, '2013-10-18', '4:00');
INSERT INTO public.appointment (patient_id, doctor_id, date, slot) VALUES (345, 99, '2015-12-13', '17:00');
INSERT INTO public.appointment (patient_id, doctor_id, date, slot) VALUES (278, 101, '2010-11-23', '21:00');
INSERT INTO public.appointment (patient_id, doctor_id, date, slot) VALUES (389, 77, '2011-05-18', '4:00');
INSERT INTO public.appointment (patient_id, doctor_id, date, slot) VALUES (348, 135, '2015-10-21', '16:00');
INSERT INTO public.appointment (patient_id, doctor_id, date, slot) VALUES (389, 140, '2010-01-15', '9:00');
INSERT INTO public.appointment (patient_id, doctor_id, date, slot) VALUES (146, 16, '2011-04-06', '15:00');
INSERT INTO public.appointment (patient_id, doctor_id, date, slot) VALUES (146, 16, '2013-09-10', '16:00');
INSERT INTO public.appointment (patient_id, doctor_id, date, slot) VALUES (331, 367, '2019-03-02', '9:00');
INSERT INTO public.appointment (patient_id, doctor_id, date, slot) VALUES (169, 367, '2015-05-24', '0:00');
INSERT INTO public.appointment (patient_id, doctor_id, date, slot) VALUES (156, 16, '2014-06-20', '5:00');
INSERT INTO public.appointment (patient_id, doctor_id, date, slot) VALUES (254, 77, '2019-03-25', '3:00');
INSERT INTO public.appointment (patient_id, doctor_id, date, slot) VALUES (181, 310, '2019-09-08', '0:00');
INSERT INTO public.appointment (patient_id, doctor_id, date, slot) VALUES (27, 140, '2018-10-05', '17:00');
INSERT INTO public.appointment (patient_id, doctor_id, date, slot) VALUES (7, 293, '2013-12-14', '19:00');
INSERT INTO public.appointment (patient_id, doctor_id, date, slot) VALUES (169, 310, '2012-05-11', '10:00');
INSERT INTO public.appointment (patient_id, doctor_id, date, slot) VALUES (328, 378, '2013-02-09', '6:00');
INSERT INTO public.appointment (patient_id, doctor_id, date, slot) VALUES (393, 103, '2013-03-23', '8:00');
INSERT INTO public.appointment (patient_id, doctor_id, date, slot) VALUES (389, 102, '2013-03-13', '23:00');
INSERT INTO public.appointment (patient_id, doctor_id, date, slot) VALUES (328, 101, '2016-05-19', '1:00');
INSERT INTO public.appointment (patient_id, doctor_id, date, slot) VALUES (27, 35, '2016-07-10', '7:00');
INSERT INTO public.appointment (patient_id, doctor_id, date, slot) VALUES (348, 16, '2010-03-13', '19:00');
INSERT INTO public.appointment (patient_id, doctor_id, date, slot) VALUES (27, 50, '2010-08-08', '8:00');
INSERT INTO public.appointment (patient_id, doctor_id, date, slot) VALUES (284, 258, '2013-06-08', '10:00');
INSERT INTO public.appointment (patient_id, doctor_id, date, slot) VALUES (42, 20, '2018-07-01', '23:00');
INSERT INTO public.appointment (patient_id, doctor_id, date, slot) VALUES (7, 238, '2016-06-15', '11:00');
INSERT INTO public.appointment (patient_id, doctor_id, date, slot) VALUES (381, 258, '2017-08-07', '13:00');
INSERT INTO public.appointment (patient_id, doctor_id, date, slot) VALUES (53, 102, '2010-05-06', '0:00');
INSERT INTO public.appointment (patient_id, doctor_id, date, slot) VALUES (53, 102, '2010-04-21', '7:00');
INSERT INTO public.appointment (patient_id, doctor_id, date, slot) VALUES (17, 135, '2019-06-05', '21:00');
INSERT INTO public.appointment (patient_id, doctor_id, date, slot) VALUES (284, 77, '2011-02-20', '10:00');
INSERT INTO public.appointment (patient_id, doctor_id, date, slot) VALUES (181, 378, '2016-01-14', '6:00');
INSERT INTO public.appointment (patient_id, doctor_id, date, slot) VALUES (330, 75, '2015-12-07', '16:00');
INSERT INTO public.appointment (patient_id, doctor_id, date, slot) VALUES (181, 35, '2017-03-24', '13:00');
INSERT INTO public.appointment (patient_id, doctor_id, date, slot) VALUES (93, 50, '2011-04-20', '12:00');
INSERT INTO public.appointment (patient_id, doctor_id, date, slot) VALUES (353, 140, '2018-06-14', '11:00');
INSERT INTO public.appointment (patient_id, doctor_id, date, slot) VALUES (130, 11, '2011-11-15', '20:00');
INSERT INTO public.appointment (patient_id, doctor_id, date, slot) VALUES (214, 310, '2019-08-24', '21:00');
INSERT INTO public.appointment (patient_id, doctor_id, date, slot) VALUES (114, 135, '2014-02-13', '11:00');
INSERT INTO public.appointment (patient_id, doctor_id, date, slot) VALUES (53, 367, '2017-02-08', '15:00');
INSERT INTO public.appointment (patient_id, doctor_id, date, slot) VALUES (79, 103, '2017-01-14', '4:00');
INSERT INTO public.appointment (patient_id, doctor_id, date, slot) VALUES (7, 99, '2015-04-21', '11:00');
INSERT INTO public.appointment (patient_id, doctor_id, date, slot) VALUES (79, 75, '2016-07-28', '4:00');
INSERT INTO public.appointment (patient_id, doctor_id, date, slot) VALUES (345, 102, '2018-08-22', '6:00');
INSERT INTO public.appointment (patient_id, doctor_id, date, slot) VALUES (331, 98, '2012-02-14', '23:00');
INSERT INTO public.appointment (patient_id, doctor_id, date, slot) VALUES (275, 102, '2012-05-04', '10:00');
INSERT INTO public.appointment (patient_id, doctor_id, date, slot) VALUES (275, 11, '2011-10-15', '16:00');
INSERT INTO public.appointment (patient_id, doctor_id, date, slot) VALUES (284, 77, '2016-02-20', '21:00');
INSERT INTO public.appointment (patient_id, doctor_id, date, slot) VALUES (156, 50, '2011-01-05', '17:00');
INSERT INTO public.appointment (patient_id, doctor_id, date, slot) VALUES (169, 140, '2018-05-08', '22:00');
INSERT INTO public.appointment (patient_id, doctor_id, date, slot) VALUES (114, 75, '2018-12-20', '3:00');
INSERT INTO public.appointment (patient_id, doctor_id, date, slot) VALUES (275, 91, '2013-07-16', '8:00');
INSERT INTO public.appointment (patient_id, doctor_id, date, slot) VALUES (381, 103, '2014-07-22', '3:00');
INSERT INTO public.appointment (patient_id, doctor_id, date, slot) VALUES (359, 101, '2013-06-24', '20:00');
INSERT INTO public.appointment (patient_id, doctor_id, date, slot) VALUES (169, 102, '2012-07-07', '20:00');
INSERT INTO public.appointment (patient_id, doctor_id, date, slot) VALUES (181, 20, '2014-05-04', '10:00');
INSERT INTO public.appointment (patient_id, doctor_id, date, slot) VALUES (130, 91, '2012-08-17', '15:00');
INSERT INTO public.appointment (patient_id, doctor_id, date, slot) VALUES (327, 238, '2010-09-28', '21:00');
INSERT INTO public.appointment (patient_id, doctor_id, date, slot) VALUES (125, 367, '2012-06-15', '10:00');
INSERT INTO public.appointment (patient_id, doctor_id, date, slot) VALUES (284, 75, '2010-03-28', '11:00');
INSERT INTO public.appointment (patient_id, doctor_id, date, slot) VALUES (381, 140, '2011-08-09', '20:00');
INSERT INTO public.appointment (patient_id, doctor_id, date, slot) VALUES (198, 367, '2019-07-26', '10:00');
INSERT INTO public.appointment (patient_id, doctor_id, date, slot) VALUES (81, 103, '2017-06-19', '12:00');
INSERT INTO public.appointment (patient_id, doctor_id, date, slot) VALUES (181, 50, '2011-07-17', '23:00');
INSERT INTO public.appointment (patient_id, doctor_id, date, slot) VALUES (381, 103, '2013-10-18', '22:00');
INSERT INTO public.appointment (patient_id, doctor_id, date, slot) VALUES (390, 378, '2019-05-15', '20:00');
INSERT INTO public.appointment (patient_id, doctor_id, date, slot) VALUES (331, 98, '2013-07-26', '0:00');
INSERT INTO public.appointment (patient_id, doctor_id, date, slot) VALUES (305, 367, '2017-08-19', '19:00');
INSERT INTO public.appointment (patient_id, doctor_id, date, slot) VALUES (305, 258, '2012-10-24', '22:00');
INSERT INTO public.appointment (patient_id, doctor_id, date, slot) VALUES (214, 11, '2019-10-01', '13:00');
INSERT INTO public.appointment (patient_id, doctor_id, date, slot) VALUES (278, 16, '2010-03-23', '14:00');
INSERT INTO public.appointment (patient_id, doctor_id, date, slot) VALUES (393, 20, '2013-11-19', '7:00');
INSERT INTO public.appointment (patient_id, doctor_id, date, slot) VALUES (269, 140, '2018-01-19', '16:00');
INSERT INTO public.appointment (patient_id, doctor_id, date, slot) VALUES (381, 11, '2013-01-02', '21:00');
INSERT INTO public.appointment (patient_id, doctor_id, date, slot) VALUES (17, 75, '2019-10-02', '9:00');
INSERT INTO public.appointment (patient_id, doctor_id, date, slot) VALUES (95, 101, '2010-02-21', '15:00');
INSERT INTO public.appointment (patient_id, doctor_id, date, slot) VALUES (17, 50, '2010-02-10', '5:00');
INSERT INTO public.appointment (patient_id, doctor_id, date, slot) VALUES (303, 367, '2018-08-25', '3:00');
INSERT INTO public.appointment (patient_id, doctor_id, date, slot) VALUES (254, 258, '2012-02-22', '9:00');
INSERT INTO public.appointment (patient_id, doctor_id, date, slot) VALUES (131, 101, '2017-10-15', '12:00');
INSERT INTO public.appointment (patient_id, doctor_id, date, slot) VALUES (390, 238, '2017-10-16', '6:00');
INSERT INTO public.appointment (patient_id, doctor_id, date, slot) VALUES (149, 367, '2014-08-15', '18:00');
INSERT INTO public.appointment (patient_id, doctor_id, date, slot) VALUES (93, 20, '2014-06-06', '21:00');
INSERT INTO public.appointment (patient_id, doctor_id, date, slot) VALUES (7, 310, '2013-09-16', '9:00');
INSERT INTO public.appointment (patient_id, doctor_id, date, slot) VALUES (42, 103, '2016-01-25', '5:00');
INSERT INTO public.appointment (patient_id, doctor_id, date, slot) VALUES (114, 11, '2016-06-19', '11:00');
INSERT INTO public.appointment (patient_id, doctor_id, date, slot) VALUES (305, 20, '2012-01-25', '17:00');
INSERT INTO public.appointment (patient_id, doctor_id, date, slot) VALUES (149, 77, '2018-12-26', '23:00');
INSERT INTO public.appointment (patient_id, doctor_id, date, slot) VALUES (146, 91, '2014-09-22', '22:00');
INSERT INTO public.appointment (patient_id, doctor_id, date, slot) VALUES (254, 20, '2010-01-09', '7:00');
INSERT INTO public.appointment (patient_id, doctor_id, date, slot) VALUES (53, 140, '2015-08-01', '2:00');
INSERT INTO public.appointment (patient_id, doctor_id, date, slot) VALUES (331, 378, '2017-10-24', '16:00');
INSERT INTO public.appointment (patient_id, doctor_id, date, slot) VALUES (303, 103, '2018-07-19', '18:00');
INSERT INTO public.appointment (patient_id, doctor_id, date, slot) VALUES (328, 310, '2018-02-18', '18:00');
INSERT INTO public.appointment (patient_id, doctor_id, date, slot) VALUES (303, 16, '2016-10-21', '7:00');
INSERT INTO public.appointment (patient_id, doctor_id, date, slot) VALUES (53, 16, '2013-07-16', '11:00');
INSERT INTO public.appointment (patient_id, doctor_id, date, slot) VALUES (156, 16, '2016-07-20', '23:00');
INSERT INTO public.appointment (patient_id, doctor_id, date, slot) VALUES (254, 378, '2018-10-01', '20:00');
INSERT INTO public.appointment (patient_id, doctor_id, date, slot) VALUES (181, 99, '2014-02-24', '4:00');
INSERT INTO public.appointment (patient_id, doctor_id, date, slot) VALUES (198, 367, '2019-06-09', '19:00');
INSERT INTO public.appointment (patient_id, doctor_id, date, slot) VALUES (278, 367, '2017-10-12', '19:00');
INSERT INTO public.appointment (patient_id, doctor_id, date, slot) VALUES (81, 91, '2011-01-05', '2:00');
INSERT INTO public.appointment (patient_id, doctor_id, date, slot) VALUES (81, 75, '2019-04-18', '17:00');
INSERT INTO public.appointment (patient_id, doctor_id, date, slot) VALUES (114, 293, '2018-10-13', '4:00');
INSERT INTO public.appointment (patient_id, doctor_id, date, slot) VALUES (198, 102, '2011-12-19', '5:00');
INSERT INTO public.appointment (patient_id, doctor_id, date, slot) VALUES (331, 367, '2014-06-25', '0:00');
INSERT INTO public.appointment (patient_id, doctor_id, date, slot) VALUES (81, 11, '2016-05-02', '4:00');
INSERT INTO public.appointment (patient_id, doctor_id, date, slot) VALUES (359, 20, '2012-04-01', '16:00');
INSERT INTO public.appointment (patient_id, doctor_id, date, slot) VALUES (348, 91, '2014-09-02', '15:00');
INSERT INTO public.appointment (patient_id, doctor_id, date, slot) VALUES (27, 103, '2017-03-24', '11:00');
INSERT INTO public.appointment (patient_id, doctor_id, date, slot) VALUES (390, 102, '2017-12-20', '18:00');
INSERT INTO public.appointment (patient_id, doctor_id, date, slot) VALUES (284, 102, '2014-12-16', '2:00');
INSERT INTO public.appointment (patient_id, doctor_id, date, slot) VALUES (169, 140, '2017-12-18', '0:00');
INSERT INTO public.appointment (patient_id, doctor_id, date, slot) VALUES (381, 103, '2014-08-12', '0:00');
INSERT INTO public.appointment (patient_id, doctor_id, date, slot) VALUES (327, 310, '2014-07-03', '18:00');
INSERT INTO public.appointment (patient_id, doctor_id, date, slot) VALUES (131, 91, '2010-08-16', '7:00');
INSERT INTO public.appointment (patient_id, doctor_id, date, slot) VALUES (305, 91, '2013-08-24', '13:00');
INSERT INTO public.appointment (patient_id, doctor_id, date, slot) VALUES (79, 11, '2011-07-21', '1:00');
INSERT INTO public.appointment (patient_id, doctor_id, date, slot) VALUES (95, 310, '2018-08-12', '11:00');
INSERT INTO public.appointment (patient_id, doctor_id, date, slot) VALUES (327, 378, '2016-01-18', '2:00');
INSERT INTO public.appointment (patient_id, doctor_id, date, slot) VALUES (328, 77, '2018-01-22', '12:00');
INSERT INTO public.appointment (patient_id, doctor_id, date, slot) VALUES (348, 103, '2011-08-25', '10:00');
INSERT INTO public.appointment (patient_id, doctor_id, date, slot) VALUES (7, 50, '2014-10-05', '15:00');
INSERT INTO public.appointment (patient_id, doctor_id, date, slot) VALUES (27, 77, '2018-11-16', '2:00');
INSERT INTO public.appointment (patient_id, doctor_id, date, slot) VALUES (303, 103, '2013-01-18', '23:00');
INSERT INTO public.appointment (patient_id, doctor_id, date, slot) VALUES (130, 293, '2010-07-23', '2:00');
INSERT INTO public.appointment (patient_id, doctor_id, date, slot) VALUES (149, 293, '2018-01-25', '23:00');
INSERT INTO public.appointment (patient_id, doctor_id, date, slot) VALUES (156, 293, '2016-03-01', '15:00');
INSERT INTO public.appointment (patient_id, doctor_id, date, slot) VALUES (327, 98, '2012-09-11', '7:00');
INSERT INTO public.appointment (patient_id, doctor_id, date, slot) VALUES (327, 238, '2015-10-06', '21:00');
INSERT INTO public.appointment (patient_id, doctor_id, date, slot) VALUES (275, 378, '2016-06-10', '22:00');
INSERT INTO public.appointment (patient_id, doctor_id, date, slot) VALUES (328, 103, '2018-02-03', '20:00');
INSERT INTO public.appointment (patient_id, doctor_id, date, slot) VALUES (390, 99, '2013-01-19', '14:00');
INSERT INTO public.appointment (patient_id, doctor_id, date, slot) VALUES (381, 11, '2016-05-13', '8:00');
INSERT INTO public.appointment (patient_id, doctor_id, date, slot) VALUES (131, 75, '2019-11-02', '12:00');
INSERT INTO public.appointment (patient_id, doctor_id, date, slot) VALUES (278, 91, '2012-08-03', '15:00');
INSERT INTO public.appointment (patient_id, doctor_id, date, slot) VALUES (53, 135, '2013-08-20', '14:00');
INSERT INTO public.appointment (patient_id, doctor_id, date, slot) VALUES (303, 98, '2014-08-15', '22:00');
INSERT INTO public.appointment (patient_id, doctor_id, date, slot) VALUES (348, 75, '2017-03-22', '10:00');
INSERT INTO public.appointment (patient_id, doctor_id, date, slot) VALUES (42, 20, '2014-12-09', '18:00');
INSERT INTO public.appointment (patient_id, doctor_id, date, slot) VALUES (353, 310, '2013-05-26', '22:00');
INSERT INTO public.appointment (patient_id, doctor_id, date, slot) VALUES (93, 98, '2011-07-21', '1:00');
INSERT INTO public.appointment (patient_id, doctor_id, date, slot) VALUES (149, 238, '2017-01-08', '17:00');
INSERT INTO public.appointment (patient_id, doctor_id, date, slot) VALUES (269, 102, '2012-06-02', '23:00');
INSERT INTO public.appointment (patient_id, doctor_id, date, slot) VALUES (42, 135, '2016-04-28', '11:00');
INSERT INTO public.appointment (patient_id, doctor_id, date, slot) VALUES (353, 135, '2017-08-14', '5:00');
INSERT INTO public.appointment (patient_id, doctor_id, date, slot) VALUES (330, 367, '2012-11-16', '4:00');
INSERT INTO public.appointment (patient_id, doctor_id, date, slot) VALUES (390, 16, '2013-06-27', '11:00');
INSERT INTO public.appointment (patient_id, doctor_id, date, slot) VALUES (42, 103, '2015-04-13', '11:00');
INSERT INTO public.appointment (patient_id, doctor_id, date, slot) VALUES (17, 16, '2017-10-12', '0:00');
INSERT INTO public.appointment (patient_id, doctor_id, date, slot) VALUES (278, 102, '2014-12-10', '6:00');
INSERT INTO public.appointment (patient_id, doctor_id, date, slot) VALUES (331, 238, '2019-02-07', '21:00');
INSERT INTO public.appointment (patient_id, doctor_id, date, slot) VALUES (345, 140, '2012-07-17', '8:00');
INSERT INTO public.appointment (patient_id, doctor_id, date, slot) VALUES (95, 99, '2017-07-10', '21:00');
INSERT INTO public.appointment (patient_id, doctor_id, date, slot) VALUES (17, 103, '2010-04-26', '13:00');
INSERT INTO public.appointment (patient_id, doctor_id, date, slot) VALUES (95, 140, '2016-11-28', '19:00');
INSERT INTO public.appointment (patient_id, doctor_id, date, slot) VALUES (275, 75, '2010-11-17', '0:00');
INSERT INTO public.appointment (patient_id, doctor_id, date, slot) VALUES (125, 238, '2014-08-19', '2:00');
INSERT INTO public.appointment (patient_id, doctor_id, date, slot) VALUES (53, 140, '2011-08-01', '20:00');
INSERT INTO public.appointment (patient_id, doctor_id, date, slot) VALUES (79, 35, '2016-10-28', '19:00');
INSERT INTO public.appointment (patient_id, doctor_id, date, slot) VALUES (114, 140, '2012-09-22', '15:00');
INSERT INTO public.appointment (patient_id, doctor_id, date, slot) VALUES (214, 238, '2017-02-23', '21:00');
INSERT INTO public.appointment (patient_id, doctor_id, date, slot) VALUES (125, 20, '2013-08-12', '6:00');
INSERT INTO public.appointment (patient_id, doctor_id, date, slot) VALUES (93, 75, '2019-03-05', '4:00');
INSERT INTO public.appointment (patient_id, doctor_id, date, slot) VALUES (146, 238, '2016-05-28', '23:00');
INSERT INTO public.appointment (patient_id, doctor_id, date, slot) VALUES (269, 77, '2014-06-02', '16:00');
INSERT INTO public.appointment (patient_id, doctor_id, date, slot) VALUES (169, 35, '2017-10-22', '1:00');
INSERT INTO public.appointment (patient_id, doctor_id, date, slot) VALUES (149, 91, '2015-02-10', '18:00');
INSERT INTO public.appointment (patient_id, doctor_id, date, slot) VALUES (7, 75, '2017-12-06', '5:00');
INSERT INTO public.appointment (patient_id, doctor_id, date, slot) VALUES (181, 293, '2012-07-25', '11:00');
INSERT INTO public.appointment (patient_id, doctor_id, date, slot) VALUES (149, 135, '2014-05-02', '13:00');
INSERT INTO public.appointment (patient_id, doctor_id, date, slot) VALUES (53, 98, '2016-12-17', '13:00');
INSERT INTO public.appointment (patient_id, doctor_id, date, slot) VALUES (331, 367, '2013-10-01', '17:00');
INSERT INTO public.appointment (patient_id, doctor_id, date, slot) VALUES (131, 98, '2018-10-09', '7:00');
INSERT INTO public.appointment (patient_id, doctor_id, date, slot) VALUES (53, 293, '2012-01-27', '3:00');
INSERT INTO public.appointment (patient_id, doctor_id, date, slot) VALUES (149, 367, '2012-12-27', '5:00');
INSERT INTO public.appointment (patient_id, doctor_id, date, slot) VALUES (131, 293, '2011-10-16', '16:00');
INSERT INTO public.appointment (patient_id, doctor_id, date, slot) VALUES (27, 103, '2019-02-07', '21:00');
INSERT INTO public.appointment (patient_id, doctor_id, date, slot) VALUES (114, 293, '2013-07-24', '7:00');
INSERT INTO public.appointment (patient_id, doctor_id, date, slot) VALUES (275, 11, '2015-04-13', '13:00');
INSERT INTO public.appointment (patient_id, doctor_id, date, slot) VALUES (17, 11, '2017-12-08', '8:00');
INSERT INTO public.appointment (patient_id, doctor_id, date, slot) VALUES (112, 140, '2012-12-03', '2:00');
INSERT INTO public.appointment (patient_id, doctor_id, date, slot) VALUES (42, 103, '2014-03-19', '17:00');
INSERT INTO public.appointment (patient_id, doctor_id, date, slot) VALUES (389, 258, '2014-09-18', '8:00');
INSERT INTO public.appointment (patient_id, doctor_id, date, slot) VALUES (130, 11, '2012-05-23', '22:00');
INSERT INTO public.appointment (patient_id, doctor_id, date, slot) VALUES (181, 50, '2011-03-07', '14:00');
INSERT INTO public.appointment (patient_id, doctor_id, date, slot) VALUES (130, 378, '2014-02-08', '3:00');
INSERT INTO public.appointment (patient_id, doctor_id, date, slot) VALUES (146, 11, '2014-08-09', '1:00');
INSERT INTO public.appointment (patient_id, doctor_id, date, slot) VALUES (381, 11, '2014-10-03', '13:00');
INSERT INTO public.appointment (patient_id, doctor_id, date, slot) VALUES (254, 258, '2017-06-26', '1:00');
INSERT INTO public.appointment (patient_id, doctor_id, date, slot) VALUES (328, 258, '2012-03-26', '11:00');
INSERT INTO public.appointment (patient_id, doctor_id, date, slot) VALUES (198, 310, '2014-05-09', '20:00');
INSERT INTO public.appointment (patient_id, doctor_id, date, slot) VALUES (327, 238, '2016-01-16', '14:00');
INSERT INTO public.appointment (patient_id, doctor_id, date, slot) VALUES (7, 91, '2010-05-12', '23:00');
INSERT INTO public.appointment (patient_id, doctor_id, date, slot) VALUES (303, 77, '2017-09-19', '6:00');
INSERT INTO public.appointment (patient_id, doctor_id, date, slot) VALUES (181, 102, '2010-04-22', '9:00');
INSERT INTO public.appointment (patient_id, doctor_id, date, slot) VALUES (328, 258, '2013-02-15', '15:00');
INSERT INTO public.appointment (patient_id, doctor_id, date, slot) VALUES (53, 20, '2011-09-07', '23:00');
INSERT INTO public.appointment (patient_id, doctor_id, date, slot) VALUES (353, 101, '2014-11-23', '13:00');
INSERT INTO public.appointment (patient_id, doctor_id, date, slot) VALUES (278, 310, '2010-03-18', '17:00');
INSERT INTO public.appointment (patient_id, doctor_id, date, slot) VALUES (269, 293, '2013-04-07', '19:00');
INSERT INTO public.appointment (patient_id, doctor_id, date, slot) VALUES (27, 310, '2014-05-08', '2:00');
INSERT INTO public.appointment (patient_id, doctor_id, date, slot) VALUES (17, 258, '2013-10-20', '21:00');
INSERT INTO public.appointment (patient_id, doctor_id, date, slot) VALUES (381, 91, '2010-09-19', '17:00');
INSERT INTO public.appointment (patient_id, doctor_id, date, slot) VALUES (390, 98, '2013-06-01', '2:00');
INSERT INTO public.appointment (patient_id, doctor_id, date, slot) VALUES (214, 16, '2015-06-27', '4:00');
INSERT INTO public.appointment (patient_id, doctor_id, date, slot) VALUES (393, 258, '2011-02-22', '7:00');
INSERT INTO public.appointment (patient_id, doctor_id, date, slot) VALUES (284, 238, '2011-02-09', '6:00');
INSERT INTO public.appointment (patient_id, doctor_id, date, slot) VALUES (345, 135, '2014-03-06', '11:00');
INSERT INTO public.appointment (patient_id, doctor_id, date, slot) VALUES (131, 135, '2014-01-03', '4:00');
INSERT INTO public.appointment (patient_id, doctor_id, date, slot) VALUES (181, 238, '2014-07-26', '13:00');
INSERT INTO public.appointment (patient_id, doctor_id, date, slot) VALUES (114, 35, '2017-03-04', '5:00');
INSERT INTO public.appointment (patient_id, doctor_id, date, slot) VALUES (393, 101, '2011-06-19', '8:00');
INSERT INTO public.appointment (patient_id, doctor_id, date, slot) VALUES (53, 238, '2017-07-19', '18:00');
INSERT INTO public.appointment (patient_id, doctor_id, date, slot) VALUES (42, 378, '2010-05-19', '2:00');
INSERT INTO public.appointment (patient_id, doctor_id, date, slot) VALUES (389, 91, '2015-09-26', '0:00');
INSERT INTO public.appointment (patient_id, doctor_id, date, slot) VALUES (27, 20, '2014-09-19', '3:00');
INSERT INTO public.appointment (patient_id, doctor_id, date, slot) VALUES (130, 378, '2019-09-19', '8:00');
INSERT INTO public.appointment (patient_id, doctor_id, date, slot) VALUES (390, 102, '2010-04-17', '6:00');
INSERT INTO public.appointment (patient_id, doctor_id, date, slot) VALUES (348, 11, '2016-07-14', '6:00');
INSERT INTO public.appointment (patient_id, doctor_id, date, slot) VALUES (146, 103, '2011-12-19', '13:00');
INSERT INTO public.appointment (patient_id, doctor_id, date, slot) VALUES (353, 293, '2016-11-13', '0:00');
INSERT INTO public.appointment (patient_id, doctor_id, date, slot) VALUES (114, 293, '2010-11-02', '2:00');
INSERT INTO public.appointment (patient_id, doctor_id, date, slot) VALUES (130, 101, '2019-05-08', '0:00');
INSERT INTO public.appointment (patient_id, doctor_id, date, slot) VALUES (181, 50, '2014-11-10', '10:00');
INSERT INTO public.appointment (patient_id, doctor_id, date, slot) VALUES (156, 16, '2017-08-09', '4:00');
INSERT INTO public.appointment (patient_id, doctor_id, date, slot) VALUES (114, 378, '2019-08-03', '14:00');
INSERT INTO public.appointment (patient_id, doctor_id, date, slot) VALUES (393, 103, '2012-06-15', '16:00');
INSERT INTO public.appointment (patient_id, doctor_id, date, slot) VALUES (198, 293, '2012-11-22', '14:00');
INSERT INTO public.appointment (patient_id, doctor_id, date, slot) VALUES (114, 293, '2017-03-02', '9:00');
INSERT INTO public.appointment (patient_id, doctor_id, date, slot) VALUES (17, 103, '2018-09-13', '2:00');
INSERT INTO public.appointment (patient_id, doctor_id, date, slot) VALUES (169, 378, '2013-12-11', '13:00');
INSERT INTO public.appointment (patient_id, doctor_id, date, slot) VALUES (93, 35, '2013-07-10', '13:00');
INSERT INTO public.appointment (patient_id, doctor_id, date, slot) VALUES (112, 11, '2010-12-02', '7:00');
INSERT INTO public.appointment (patient_id, doctor_id, date, slot) VALUES (303, 99, '2011-11-12', '22:00');
INSERT INTO public.appointment (patient_id, doctor_id, date, slot) VALUES (390, 135, '2014-01-12', '19:00');
INSERT INTO public.appointment (patient_id, doctor_id, date, slot) VALUES (146, 367, '2013-09-18', '0:00');
INSERT INTO public.appointment (patient_id, doctor_id, date, slot) VALUES (114, 310, '2014-06-14', '10:00');
INSERT INTO public.appointment (patient_id, doctor_id, date, slot) VALUES (169, 98, '2012-04-23', '9:00');
INSERT INTO public.appointment (patient_id, doctor_id, date, slot) VALUES (125, 91, '2014-06-13', '17:00');
INSERT INTO public.appointment (patient_id, doctor_id, date, slot) VALUES (53, 50, '2011-08-18', '1:00');
INSERT INTO public.appointment (patient_id, doctor_id, date, slot) VALUES (130, 310, '2014-10-19', '10:00');
INSERT INTO public.appointment (patient_id, doctor_id, date, slot) VALUES (353, 50, '2015-06-25', '1:00');
INSERT INTO public.appointment (patient_id, doctor_id, date, slot) VALUES (93, 102, '2015-01-10', '14:00');
INSERT INTO public.appointment (patient_id, doctor_id, date, slot) VALUES (390, 238, '2018-11-01', '16:00');
INSERT INTO public.appointment (patient_id, doctor_id, date, slot) VALUES (330, 140, '2019-03-17', '8:00');
INSERT INTO public.appointment (patient_id, doctor_id, date, slot) VALUES (275, 16, '2019-09-27', '15:00');
INSERT INTO public.appointment (patient_id, doctor_id, date, slot) VALUES (79, 16, '2018-06-10', '22:00');
INSERT INTO public.appointment (patient_id, doctor_id, date, slot) VALUES (125, 238, '2019-03-15', '7:00');
INSERT INTO public.appointment (patient_id, doctor_id, date, slot) VALUES (7, 91, '2018-02-05', '12:00');
INSERT INTO public.appointment (patient_id, doctor_id, date, slot) VALUES (95, 258, '2011-04-04', '12:00');
INSERT INTO public.appointment (patient_id, doctor_id, date, slot) VALUES (146, 98, '2019-05-01', '7:00');
INSERT INTO public.appointment (patient_id, doctor_id, date, slot) VALUES (353, 11, '2018-02-14', '10:00');
INSERT INTO public.appointment (patient_id, doctor_id, date, slot) VALUES (353, 91, '2017-11-06', '11:00');
INSERT INTO public.appointment (patient_id, doctor_id, date, slot) VALUES (284, 98, '2019-11-02', '23:00');
INSERT INTO public.appointment (patient_id, doctor_id, date, slot) VALUES (303, 135, '2017-01-01', '18:00');
INSERT INTO public.appointment (patient_id, doctor_id, date, slot) VALUES (327, 238, '2014-12-23', '4:00');
INSERT INTO public.appointment (patient_id, doctor_id, date, slot) VALUES (353, 258, '2018-12-27', '22:00');
INSERT INTO public.appointment (patient_id, doctor_id, date, slot) VALUES (17, 102, '2013-12-10', '20:00');
INSERT INTO public.appointment (patient_id, doctor_id, date, slot) VALUES (7, 20, '2010-01-23', '16:00');
INSERT INTO public.appointment (patient_id, doctor_id, date, slot) VALUES (125, 293, '2013-07-26', '22:00');
INSERT INTO public.appointment (patient_id, doctor_id, date, slot) VALUES (131, 11, '2018-12-19', '23:00');
INSERT INTO public.appointment (patient_id, doctor_id, date, slot) VALUES (79, 16, '2010-12-09', '22:00');
INSERT INTO public.appointment (patient_id, doctor_id, date, slot) VALUES (269, 102, '2019-01-26', '10:00');
INSERT INTO public.appointment (patient_id, doctor_id, date, slot) VALUES (389, 102, '2013-09-13', '17:00');
INSERT INTO public.appointment (patient_id, doctor_id, date, slot) VALUES (393, 103, '2013-03-21', '6:00');
INSERT INTO public.appointment (patient_id, doctor_id, date, slot) VALUES (125, 238, '2015-03-22', '21:00');
INSERT INTO public.appointment (patient_id, doctor_id, date, slot) VALUES (146, 135, '2018-09-03', '12:00');
INSERT INTO public.appointment (patient_id, doctor_id, date, slot) VALUES (381, 102, '2019-01-19', '11:00');
INSERT INTO public.appointment (patient_id, doctor_id, date, slot) VALUES (214, 77, '2017-06-17', '3:00');
INSERT INTO public.appointment (patient_id, doctor_id, date, slot) VALUES (42, 35, '2016-03-26', '18:00');
INSERT INTO public.appointment (patient_id, doctor_id, date, slot) VALUES (359, 50, '2013-12-14', '18:00');
INSERT INTO public.appointment (patient_id, doctor_id, date, slot) VALUES (130, 20, '2014-07-04', '12:00');
INSERT INTO public.appointment (patient_id, doctor_id, date, slot) VALUES (79, 293, '2015-10-28', '13:00');
INSERT INTO public.appointment (patient_id, doctor_id, date, slot) VALUES (305, 20, '2015-12-10', '0:00');
INSERT INTO public.appointment (patient_id, doctor_id, date, slot) VALUES (114, 238, '2012-03-15', '19:00');
INSERT INTO public.appointment (patient_id, doctor_id, date, slot) VALUES (278, 91, '2016-10-27', '4:00');
INSERT INTO public.appointment (patient_id, doctor_id, date, slot) VALUES (305, 98, '2014-09-17', '17:00');
INSERT INTO public.appointment (patient_id, doctor_id, date, slot) VALUES (330, 140, '2013-02-24', '11:00');
INSERT INTO public.appointment (patient_id, doctor_id, date, slot) VALUES (345, 75, '2013-03-13', '14:00');
INSERT INTO public.appointment (patient_id, doctor_id, date, slot) VALUES (93, 91, '2015-11-27', '23:00');
INSERT INTO public.appointment (patient_id, doctor_id, date, slot) VALUES (393, 11, '2017-05-22', '10:00');
INSERT INTO public.appointment (patient_id, doctor_id, date, slot) VALUES (328, 11, '2010-05-19', '6:00');
INSERT INTO public.appointment (patient_id, doctor_id, date, slot) VALUES (125, 91, '2011-03-10', '17:00');
INSERT INTO public.appointment (patient_id, doctor_id, date, slot) VALUES (156, 140, '2017-07-21', '2:00');
INSERT INTO public.appointment (patient_id, doctor_id, date, slot) VALUES (81, 102, '2017-09-12', '12:00');
INSERT INTO public.appointment (patient_id, doctor_id, date, slot) VALUES (169, 35, '2017-04-21', '1:00');
INSERT INTO public.appointment (patient_id, doctor_id, date, slot) VALUES (95, 310, '2010-02-28', '12:00');
INSERT INTO public.appointment (patient_id, doctor_id, date, slot) VALUES (125, 238, '2010-04-21', '22:00');
INSERT INTO public.appointment (patient_id, doctor_id, date, slot) VALUES (130, 16, '2019-04-17', '8:00');
INSERT INTO public.appointment (patient_id, doctor_id, date, slot) VALUES (327, 16, '2010-01-07', '22:00');
INSERT INTO public.appointment (patient_id, doctor_id, date, slot) VALUES (269, 99, '2016-07-19', '5:00');
INSERT INTO public.appointment (patient_id, doctor_id, date, slot) VALUES (381, 77, '2017-05-16', '17:00');
INSERT INTO public.appointment (patient_id, doctor_id, date, slot) VALUES (390, 99, '2014-01-03', '0:00');
INSERT INTO public.appointment (patient_id, doctor_id, date, slot) VALUES (330, 293, '2010-10-05', '23:00');
INSERT INTO public.appointment (patient_id, doctor_id, date, slot) VALUES (393, 75, '2013-12-13', '12:00');
INSERT INTO public.appointment (patient_id, doctor_id, date, slot) VALUES (95, 135, '2010-08-04', '17:00');
INSERT INTO public.appointment (patient_id, doctor_id, date, slot) VALUES (345, 293, '2019-01-12', '16:00');
INSERT INTO public.appointment (patient_id, doctor_id, date, slot) VALUES (284, 135, '2011-03-10', '10:00');
INSERT INTO public.appointment (patient_id, doctor_id, date, slot) VALUES (254, 16, '2015-10-12', '5:00');
INSERT INTO public.appointment (patient_id, doctor_id, date, slot) VALUES (305, 77, '2017-09-05', '3:00');
INSERT INTO public.appointment (patient_id, doctor_id, date, slot) VALUES (130, 35, '2011-08-07', '3:00');
INSERT INTO public.appointment (patient_id, doctor_id, date, slot) VALUES (359, 35, '2016-05-20', '20:00');
INSERT INTO public.appointment (patient_id, doctor_id, date, slot) VALUES (214, 238, '2010-02-19', '1:00');
INSERT INTO public.appointment (patient_id, doctor_id, date, slot) VALUES (278, 35, '2013-08-15', '8:00');
INSERT INTO public.appointment (patient_id, doctor_id, date, slot) VALUES (359, 102, '2015-01-25', '18:00');
INSERT INTO public.appointment (patient_id, doctor_id, date, slot) VALUES (275, 258, '2019-09-05', '18:00');
INSERT INTO public.appointment (patient_id, doctor_id, date, slot) VALUES (93, 98, '2018-07-26', '20:00');
INSERT INTO public.appointment (patient_id, doctor_id, date, slot) VALUES (331, 258, '2014-03-06', '6:00');
INSERT INTO public.appointment (patient_id, doctor_id, date, slot) VALUES (305, 378, '2017-01-25', '11:00');
INSERT INTO public.appointment (patient_id, doctor_id, date, slot) VALUES (214, 238, '2011-09-28', '11:00');
INSERT INTO public.appointment (patient_id, doctor_id, date, slot) VALUES (330, 367, '2016-10-08', '15:00');
INSERT INTO public.appointment (patient_id, doctor_id, date, slot) VALUES (284, 91, '2017-07-24', '10:00');
INSERT INTO public.appointment (patient_id, doctor_id, date, slot) VALUES (303, 378, '2015-01-26', '5:00');
INSERT INTO public.appointment (patient_id, doctor_id, date, slot) VALUES (146, 20, '2014-02-12', '6:00');
INSERT INTO public.appointment (patient_id, doctor_id, date, slot) VALUES (348, 378, '2016-03-26', '17:00');
INSERT INTO public.appointment (patient_id, doctor_id, date, slot) VALUES (156, 135, '2015-10-04', '21:00');
INSERT INTO public.appointment (patient_id, doctor_id, date, slot) VALUES (303, 91, '2015-06-12', '1:00');
INSERT INTO public.appointment (patient_id, doctor_id, date, slot) VALUES (331, 77, '2010-05-04', '23:00');
INSERT INTO public.appointment (patient_id, doctor_id, date, slot) VALUES (348, 91, '2012-03-02', '6:00');
INSERT INTO public.appointment (patient_id, doctor_id, date, slot) VALUES (327, 98, '2019-09-18', '2:00');
INSERT INTO public.appointment (patient_id, doctor_id, date, slot) VALUES (149, 258, '2017-06-10', '0:00');
INSERT INTO public.appointment (patient_id, doctor_id, date, slot) VALUES (303, 258, '2016-04-07', '15:00');
INSERT INTO public.appointment (patient_id, doctor_id, date, slot) VALUES (303, 135, '2015-12-19', '16:00');
INSERT INTO public.appointment (patient_id, doctor_id, date, slot) VALUES (305, 75, '2015-08-13', '8:00');
INSERT INTO public.appointment (patient_id, doctor_id, date, slot) VALUES (345, 103, '2013-11-25', '0:00');
INSERT INTO public.appointment (patient_id, doctor_id, date, slot) VALUES (125, 77, '2014-11-26', '19:00');
INSERT INTO public.appointment (patient_id, doctor_id, date, slot) VALUES (79, 98, '2015-06-13', '6:00');
INSERT INTO public.appointment (patient_id, doctor_id, date, slot) VALUES (303, 367, '2017-12-21', '15:00');
INSERT INTO public.appointment (patient_id, doctor_id, date, slot) VALUES (130, 20, '2016-03-19', '22:00');
INSERT INTO public.appointment (patient_id, doctor_id, date, slot) VALUES (79, 98, '2015-03-23', '2:00');
INSERT INTO public.appointment (patient_id, doctor_id, date, slot) VALUES (305, 99, '2015-02-26', '3:00');
INSERT INTO public.appointment (patient_id, doctor_id, date, slot) VALUES (81, 238, '2016-12-22', '23:00');
INSERT INTO public.appointment (patient_id, doctor_id, date, slot) VALUES (331, 103, '2019-08-01', '23:00');
INSERT INTO public.appointment (patient_id, doctor_id, date, slot) VALUES (17, 75, '2019-03-12', '5:00');
INSERT INTO public.appointment (patient_id, doctor_id, date, slot) VALUES (27, 91, '2017-03-10', '13:00');
INSERT INTO public.appointment (patient_id, doctor_id, date, slot) VALUES (149, 102, '2018-01-14', '15:00');
INSERT INTO public.appointment (patient_id, doctor_id, date, slot) VALUES (303, 50, '2019-05-15', '21:00');
INSERT INTO public.appointment (patient_id, doctor_id, date, slot) VALUES (353, 91, '2013-02-27', '3:00');
INSERT INTO public.appointment (patient_id, doctor_id, date, slot) VALUES (305, 99, '2012-10-17', '11:00');
INSERT INTO public.appointment (patient_id, doctor_id, date, slot) VALUES (181, 103, '2016-11-07', '14:00');
INSERT INTO public.appointment (patient_id, doctor_id, date, slot) VALUES (284, 99, '2017-12-13', '9:00');
INSERT INTO public.appointment (patient_id, doctor_id, date, slot) VALUES (389, 11, '2015-01-13', '20:00');
INSERT INTO public.appointment (patient_id, doctor_id, date, slot) VALUES (130, 310, '2017-11-17', '1:00');
INSERT INTO public.appointment (patient_id, doctor_id, date, slot) VALUES (7, 101, '2019-12-07', '3:00');
INSERT INTO public.appointment (patient_id, doctor_id, date, slot) VALUES (17, 140, '2018-07-27', '13:00');
INSERT INTO public.appointment (patient_id, doctor_id, date, slot) VALUES (269, 135, '2019-01-25', '15:00');
INSERT INTO public.appointment (patient_id, doctor_id, date, slot) VALUES (275, 378, '2011-10-04', '16:00');
INSERT INTO public.appointment (patient_id, doctor_id, date, slot) VALUES (284, 258, '2011-12-03', '4:00');
INSERT INTO public.appointment (patient_id, doctor_id, date, slot) VALUES (125, 102, '2016-06-26', '3:00');
INSERT INTO public.appointment (patient_id, doctor_id, date, slot) VALUES (327, 75, '2011-02-10', '13:00');
INSERT INTO public.appointment (patient_id, doctor_id, date, slot) VALUES (390, 238, '2011-11-12', '17:00');
INSERT INTO public.appointment (patient_id, doctor_id, date, slot) VALUES (146, 135, '2012-11-07', '16:00');
INSERT INTO public.appointment (patient_id, doctor_id, date, slot) VALUES (331, 77, '2017-11-28', '14:00');
INSERT INTO public.appointment (patient_id, doctor_id, date, slot) VALUES (81, 98, '2016-05-14', '4:00');
INSERT INTO public.appointment (patient_id, doctor_id, date, slot) VALUES (7, 378, '2017-03-19', '4:00');
INSERT INTO public.appointment (patient_id, doctor_id, date, slot) VALUES (381, 310, '2019-06-14', '18:00');
INSERT INTO public.appointment (patient_id, doctor_id, date, slot) VALUES (303, 103, '2011-03-28', '21:00');
INSERT INTO public.appointment (patient_id, doctor_id, date, slot) VALUES (131, 20, '2015-11-03', '15:00');
INSERT INTO public.appointment (patient_id, doctor_id, date, slot) VALUES (327, 91, '2016-05-16', '21:00');
INSERT INTO public.appointment (patient_id, doctor_id, date, slot) VALUES (381, 378, '2013-08-07', '23:00');
INSERT INTO public.appointment (patient_id, doctor_id, date, slot) VALUES (95, 102, '2018-06-22', '4:00');
INSERT INTO public.appointment (patient_id, doctor_id, date, slot) VALUES (130, 102, '2014-10-12', '23:00');
INSERT INTO public.appointment (patient_id, doctor_id, date, slot) VALUES (198, 11, '2018-05-28', '4:00');
INSERT INTO public.appointment (patient_id, doctor_id, date, slot) VALUES (381, 367, '2018-11-28', '20:00');
INSERT INTO public.appointment (patient_id, doctor_id, date, slot) VALUES (389, 238, '2011-08-28', '9:00');
INSERT INTO public.appointment (patient_id, doctor_id, date, slot) VALUES (278, 75, '2018-07-24', '22:00');
INSERT INTO public.appointment (patient_id, doctor_id, date, slot) VALUES (95, 310, '2012-08-27', '16:00');
INSERT INTO public.appointment (patient_id, doctor_id, date, slot) VALUES (146, 11, '2011-09-16', '18:00');
INSERT INTO public.appointment (patient_id, doctor_id, date, slot) VALUES (27, 20, '2014-06-24', '13:00');
INSERT INTO public.appointment (patient_id, doctor_id, date, slot) VALUES (345, 91, '2012-01-18', '1:00');
INSERT INTO public.appointment (patient_id, doctor_id, date, slot) VALUES (393, 75, '2014-10-15', '18:00');
INSERT INTO public.appointment (patient_id, doctor_id, date, slot) VALUES (359, 135, '2016-02-27', '7:00');
INSERT INTO public.appointment (patient_id, doctor_id, date, slot) VALUES (93, 16, '2017-08-25', '16:00');
INSERT INTO public.appointment (patient_id, doctor_id, date, slot) VALUES (305, 35, '2016-06-14', '9:00');
INSERT INTO public.appointment (patient_id, doctor_id, date, slot) VALUES (112, 77, '2016-06-12', '11:00');
INSERT INTO public.appointment (patient_id, doctor_id, date, slot) VALUES (348, 101, '2018-05-25', '0:00');
INSERT INTO public.appointment (patient_id, doctor_id, date, slot) VALUES (328, 77, '2014-07-07', '18:00');
INSERT INTO public.appointment (patient_id, doctor_id, date, slot) VALUES (254, 238, '2012-04-28', '16:00');
INSERT INTO public.appointment (patient_id, doctor_id, date, slot) VALUES (345, 50, '2018-12-27', '1:00');
INSERT INTO public.appointment (patient_id, doctor_id, date, slot) VALUES (42, 103, '2011-07-21', '16:00');
INSERT INTO public.appointment (patient_id, doctor_id, date, slot) VALUES (348, 20, '2013-03-26', '9:00');
INSERT INTO public.appointment (patient_id, doctor_id, date, slot) VALUES (328, 50, '2017-09-24', '0:00');
INSERT INTO public.appointment (patient_id, doctor_id, date, slot) VALUES (275, 103, '2012-12-04', '10:00');
INSERT INTO public.appointment (patient_id, doctor_id, date, slot) VALUES (181, 75, '2016-01-04', '6:00');
INSERT INTO public.appointment (patient_id, doctor_id, date, slot) VALUES (330, 16, '2018-10-28', '14:00');
INSERT INTO public.appointment (patient_id, doctor_id, date, slot) VALUES (149, 135, '2013-03-23', '13:00');
INSERT INTO public.appointment (patient_id, doctor_id, date, slot) VALUES (328, 11, '2014-10-13', '11:00');
INSERT INTO public.appointment (patient_id, doctor_id, date, slot) VALUES (125, 140, '2011-03-11', '4:00');
INSERT INTO public.appointment (patient_id, doctor_id, date, slot) VALUES (327, 367, '2018-09-07', '6:00');
INSERT INTO public.appointment (patient_id, doctor_id, date, slot) VALUES (269, 293, '2017-07-22', '12:00');
INSERT INTO public.appointment (patient_id, doctor_id, date, slot) VALUES (303, 20, '2019-06-13', '22:00');
INSERT INTO public.appointment (patient_id, doctor_id, date, slot) VALUES (275, 238, '2013-09-18', '16:00');
INSERT INTO public.appointment (patient_id, doctor_id, date, slot) VALUES (359, 367, '2010-09-19', '16:00');
INSERT INTO public.appointment (patient_id, doctor_id, date, slot) VALUES (353, 367, '2019-12-24', '1:00');
INSERT INTO public.appointment (patient_id, doctor_id, date, slot) VALUES (359, 135, '2013-10-25', '1:00');
INSERT INTO public.appointment (patient_id, doctor_id, date, slot) VALUES (149, 20, '2019-03-12', '0:00');
INSERT INTO public.appointment (patient_id, doctor_id, date, slot) VALUES (79, 91, '2010-06-08', '2:00');
INSERT INTO public.appointment (patient_id, doctor_id, date, slot) VALUES (131, 91, '2016-10-20', '23:00');
INSERT INTO public.appointment (patient_id, doctor_id, date, slot) VALUES (284, 258, '2013-05-22', '6:00');
INSERT INTO public.appointment (patient_id, doctor_id, date, slot) VALUES (181, 98, '2012-04-15', '20:00');
INSERT INTO public.appointment (patient_id, doctor_id, date, slot) VALUES (381, 293, '2019-04-27', '6:00');
INSERT INTO public.appointment (patient_id, doctor_id, date, slot) VALUES (169, 238, '2016-03-24', '7:00');
INSERT INTO public.appointment (patient_id, doctor_id, date, slot) VALUES (131, 378, '2010-02-28', '11:00');
INSERT INTO public.appointment (patient_id, doctor_id, date, slot) VALUES (149, 99, '2019-08-03', '3:00');
INSERT INTO public.appointment (patient_id, doctor_id, date, slot) VALUES (275, 50, '2010-11-13', '3:00');
INSERT INTO public.appointment (patient_id, doctor_id, date, slot) VALUES (131, 378, '2015-05-22', '10:00');
INSERT INTO public.appointment (patient_id, doctor_id, date, slot) VALUES (254, 258, '2019-10-03', '19:00');
INSERT INTO public.appointment (patient_id, doctor_id, date, slot) VALUES (359, 238, '2018-01-15', '13:00');
INSERT INTO public.appointment (patient_id, doctor_id, date, slot) VALUES (305, 367, '2012-02-05', '23:00');
INSERT INTO public.appointment (patient_id, doctor_id, date, slot) VALUES (93, 103, '2016-08-04', '8:00');
INSERT INTO public.appointment (patient_id, doctor_id, date, slot) VALUES (169, 310, '2013-05-03', '16:00');
INSERT INTO public.appointment (patient_id, doctor_id, date, slot) VALUES (254, 101, '2017-03-22', '14:00');
INSERT INTO public.appointment (patient_id, doctor_id, date, slot) VALUES (330, 91, '2010-09-18', '6:00');
INSERT INTO public.appointment (patient_id, doctor_id, date, slot) VALUES (131, 102, '2013-09-23', '0:00');
INSERT INTO public.appointment (patient_id, doctor_id, date, slot) VALUES (130, 16, '2018-08-12', '4:00');
INSERT INTO public.appointment (patient_id, doctor_id, date, slot) VALUES (93, 16, '2018-04-16', '12:00');
INSERT INTO public.appointment (patient_id, doctor_id, date, slot) VALUES (181, 103, '2017-12-15', '13:00');
INSERT INTO public.appointment (patient_id, doctor_id, date, slot) VALUES (275, 50, '2018-04-13', '21:00');
INSERT INTO public.appointment (patient_id, doctor_id, date, slot) VALUES (79, 16, '2018-08-20', '0:00');
INSERT INTO public.appointment (patient_id, doctor_id, date, slot) VALUES (17, 20, '2012-08-25', '10:00');
INSERT INTO public.appointment (patient_id, doctor_id, date, slot) VALUES (254, 238, '2015-11-18', '3:00');
INSERT INTO public.appointment (patient_id, doctor_id, date, slot) VALUES (331, 310, '2016-11-27', '10:00');
INSERT INTO public.appointment (patient_id, doctor_id, date, slot) VALUES (331, 77, '2019-05-27', '4:00');
INSERT INTO public.appointment (patient_id, doctor_id, date, slot) VALUES (17, 258, '2014-07-22', '18:00');
INSERT INTO public.appointment (patient_id, doctor_id, date, slot) VALUES (17, 11, '2017-04-04', '0:00');
INSERT INTO public.appointment (patient_id, doctor_id, date, slot) VALUES (93, 140, '2017-01-20', '1:00');
INSERT INTO public.appointment (patient_id, doctor_id, date, slot) VALUES (214, 367, '2018-02-10', '9:00');
INSERT INTO public.appointment (patient_id, doctor_id, date, slot) VALUES (93, 20, '2010-11-04', '13:00');
INSERT INTO public.appointment (patient_id, doctor_id, date, slot) VALUES (146, 293, '2015-01-14', '15:00');
INSERT INTO public.appointment (patient_id, doctor_id, date, slot) VALUES (42, 11, '2015-10-04', '5:00');
INSERT INTO public.appointment (patient_id, doctor_id, date, slot) VALUES (198, 258, '2013-01-18', '21:00');
INSERT INTO public.appointment (patient_id, doctor_id, date, slot) VALUES (7, 98, '2019-09-16', '3:00');
INSERT INTO public.appointment (patient_id, doctor_id, date, slot) VALUES (112, 238, '2019-12-25', '2:00');
INSERT INTO public.appointment (patient_id, doctor_id, date, slot) VALUES (275, 310, '2018-01-21', '18:00');
INSERT INTO public.appointment (patient_id, doctor_id, date, slot) VALUES (181, 140, '2015-05-02', '23:00');
INSERT INTO public.appointment (patient_id, doctor_id, date, slot) VALUES (275, 20, '2011-12-17', '13:00');
INSERT INTO public.appointment (patient_id, doctor_id, date, slot) VALUES (328, 140, '2013-08-09', '4:00');
INSERT INTO public.appointment (patient_id, doctor_id, date, slot) VALUES (79, 310, '2017-03-18', '16:00');
INSERT INTO public.appointment (patient_id, doctor_id, date, slot) VALUES (93, 91, '2012-12-11', '2:00');
INSERT INTO public.appointment (patient_id, doctor_id, date, slot) VALUES (112, 11, '2012-07-27', '10:00');
INSERT INTO public.appointment (patient_id, doctor_id, date, slot) VALUES (169, 310, '2017-12-05', '21:00');
INSERT INTO public.appointment (patient_id, doctor_id, date, slot) VALUES (284, 75, '2010-05-23', '23:00');
INSERT INTO public.appointment (patient_id, doctor_id, date, slot) VALUES (53, 77, '2019-06-04', '9:00');
INSERT INTO public.appointment (patient_id, doctor_id, date, slot) VALUES (348, 310, '2011-03-20', '3:00');
INSERT INTO public.appointment (patient_id, doctor_id, date, slot) VALUES (79, 77, '2011-04-01', '21:00');
INSERT INTO public.appointment (patient_id, doctor_id, date, slot) VALUES (331, 103, '2017-07-07', '16:00');
INSERT INTO public.appointment (patient_id, doctor_id, date, slot) VALUES (214, 293, '2017-03-19', '7:00');
INSERT INTO public.appointment (patient_id, doctor_id, date, slot) VALUES (93, 16, '2019-03-03', '13:00');
INSERT INTO public.appointment (patient_id, doctor_id, date, slot) VALUES (156, 258, '2019-09-13', '1:00');
INSERT INTO public.appointment (patient_id, doctor_id, date, slot) VALUES (345, 293, '2011-08-13', '19:00');
INSERT INTO public.appointment (patient_id, doctor_id, date, slot) VALUES (114, 103, '2016-04-27', '6:00');
INSERT INTO public.appointment (patient_id, doctor_id, date, slot) VALUES (214, 293, '2019-02-25', '20:00');
INSERT INTO public.appointment (patient_id, doctor_id, date, slot) VALUES (27, 102, '2014-08-05', '11:00');
INSERT INTO public.appointment (patient_id, doctor_id, date, slot) VALUES (81, 310, '2012-04-01', '14:00');
INSERT INTO public.appointment (patient_id, doctor_id, date, slot) VALUES (393, 135, '2012-01-23', '12:00');
INSERT INTO public.appointment (patient_id, doctor_id, date, slot) VALUES (17, 103, '2014-11-12', '8:00');
INSERT INTO public.appointment (patient_id, doctor_id, date, slot) VALUES (353, 50, '2011-07-14', '15:00');
INSERT INTO public.appointment (patient_id, doctor_id, date, slot) VALUES (149, 367, '2016-07-27', '17:00');
INSERT INTO public.appointment (patient_id, doctor_id, date, slot) VALUES (79, 99, '2010-04-19', '0:00');
INSERT INTO public.appointment (patient_id, doctor_id, date, slot) VALUES (327, 75, '2013-09-15', '5:00');
INSERT INTO public.appointment (patient_id, doctor_id, date, slot) VALUES (381, 16, '2011-11-26', '19:00');
INSERT INTO public.appointment (patient_id, doctor_id, date, slot) VALUES (328, 20, '2019-05-04', '3:00');
INSERT INTO public.appointment (patient_id, doctor_id, date, slot) VALUES (303, 293, '2010-09-27', '20:00');
INSERT INTO public.appointment (patient_id, doctor_id, date, slot) VALUES (390, 98, '2011-04-11', '13:00');
INSERT INTO public.appointment (patient_id, doctor_id, date, slot) VALUES (359, 77, '2018-05-13', '14:00');
INSERT INTO public.appointment (patient_id, doctor_id, date, slot) VALUES (359, 35, '2010-02-20', '2:00');
INSERT INTO public.appointment (patient_id, doctor_id, date, slot) VALUES (130, 11, '2016-03-19', '13:00');
INSERT INTO public.appointment (patient_id, doctor_id, date, slot) VALUES (181, 98, '2011-05-13', '15:00');
INSERT INTO public.appointment (patient_id, doctor_id, date, slot) VALUES (303, 91, '2010-11-08', '13:00');
INSERT INTO public.appointment (patient_id, doctor_id, date, slot) VALUES (42, 293, '2018-03-17', '6:00');
INSERT INTO public.appointment (patient_id, doctor_id, date, slot) VALUES (214, 75, '2016-06-16', '6:00');
INSERT INTO public.appointment (patient_id, doctor_id, date, slot) VALUES (181, 140, '2018-01-21', '6:00');
INSERT INTO public.appointment (patient_id, doctor_id, date, slot) VALUES (149, 35, '2018-07-04', '10:00');
INSERT INTO public.appointment (patient_id, doctor_id, date, slot) VALUES (130, 20, '2016-07-14', '3:00');
INSERT INTO public.appointment (patient_id, doctor_id, date, slot) VALUES (93, 378, '2014-09-27', '15:00');
INSERT INTO public.appointment (patient_id, doctor_id, date, slot) VALUES (328, 77, '2019-12-19', '3:00');
INSERT INTO public.appointment (patient_id, doctor_id, date, slot) VALUES (275, 135, '2016-11-17', '11:00');
INSERT INTO public.appointment (patient_id, doctor_id, date, slot) VALUES (53, 35, '2018-02-13', '19:00');
INSERT INTO public.appointment (patient_id, doctor_id, date, slot) VALUES (130, 135, '2013-09-20', '8:00');
INSERT INTO public.appointment (patient_id, doctor_id, date, slot) VALUES (146, 99, '2012-06-03', '23:00');
INSERT INTO public.appointment (patient_id, doctor_id, date, slot) VALUES (149, 75, '2015-05-22', '18:00');
INSERT INTO public.appointment (patient_id, doctor_id, date, slot) VALUES (353, 293, '2011-04-25', '11:00');
INSERT INTO public.appointment (patient_id, doctor_id, date, slot) VALUES (79, 378, '2011-07-16', '21:00');
INSERT INTO public.appointment (patient_id, doctor_id, date, slot) VALUES (269, 75, '2012-04-23', '10:00');
INSERT INTO public.appointment (patient_id, doctor_id, date, slot) VALUES (328, 16, '2018-08-19', '10:00');
INSERT INTO public.appointment (patient_id, doctor_id, date, slot) VALUES (130, 99, '2013-08-05', '14:00');
INSERT INTO public.appointment (patient_id, doctor_id, date, slot) VALUES (42, 102, '2018-11-28', '11:00');
INSERT INTO public.appointment (patient_id, doctor_id, date, slot) VALUES (7, 140, '2019-11-05', '23:00');
INSERT INTO public.appointment (patient_id, doctor_id, date, slot) VALUES (254, 99, '2012-06-12', '7:00');
INSERT INTO public.appointment (patient_id, doctor_id, date, slot) VALUES (305, 98, '2014-07-23', '15:00');
INSERT INTO public.appointment (patient_id, doctor_id, date, slot) VALUES (331, 50, '2019-05-06', '12:00');
INSERT INTO public.appointment (patient_id, doctor_id, date, slot) VALUES (53, 310, '2015-11-12', '21:00');
INSERT INTO public.appointment (patient_id, doctor_id, date, slot) VALUES (131, 16, '2019-07-28', '11:00');
INSERT INTO public.appointment (patient_id, doctor_id, date, slot) VALUES (114, 102, '2019-07-16', '3:00');
INSERT INTO public.appointment (patient_id, doctor_id, date, slot) VALUES (81, 367, '2017-11-05', '18:00');
INSERT INTO public.appointment (patient_id, doctor_id, date, slot) VALUES (149, 77, '2010-11-25', '5:00');
INSERT INTO public.appointment (patient_id, doctor_id, date, slot) VALUES (146, 35, '2013-02-09', '21:00');
INSERT INTO public.appointment (patient_id, doctor_id, date, slot) VALUES (303, 35, '2014-07-15', '23:00');
INSERT INTO public.appointment (patient_id, doctor_id, date, slot) VALUES (130, 91, '2015-10-22', '21:00');
INSERT INTO public.appointment (patient_id, doctor_id, date, slot) VALUES (181, 258, '2018-01-26', '10:00');
INSERT INTO public.appointment (patient_id, doctor_id, date, slot) VALUES (254, 50, '2010-03-05', '4:00');
INSERT INTO public.appointment (patient_id, doctor_id, date, slot) VALUES (130, 102, '2019-06-05', '11:00');
INSERT INTO public.appointment (patient_id, doctor_id, date, slot) VALUES (345, 98, '2011-04-19', '22:00');
INSERT INTO public.appointment (patient_id, doctor_id, date, slot) VALUES (156, 77, '2016-10-28', '10:00');
INSERT INTO public.appointment (patient_id, doctor_id, date, slot) VALUES (27, 98, '2016-06-24', '12:00');
INSERT INTO public.appointment (patient_id, doctor_id, date, slot) VALUES (303, 367, '2017-12-23', '0:00');
INSERT INTO public.appointment (patient_id, doctor_id, date, slot) VALUES (53, 77, '2016-02-11', '16:00');
INSERT INTO public.appointment (patient_id, doctor_id, date, slot) VALUES (269, 16, '2019-08-19', '3:00');
INSERT INTO public.appointment (patient_id, doctor_id, date, slot) VALUES (330, 11, '2018-06-17', '17:00');
INSERT INTO public.appointment (patient_id, doctor_id, date, slot) VALUES (303, 310, '2017-01-08', '23:00');
INSERT INTO public.appointment (patient_id, doctor_id, date, slot) VALUES (81, 367, '2014-12-21', '4:00');
INSERT INTO public.appointment (patient_id, doctor_id, date, slot) VALUES (53, 102, '2012-12-28', '13:00');
INSERT INTO public.appointment (patient_id, doctor_id, date, slot) VALUES (156, 378, '2016-03-09', '7:00');
INSERT INTO public.appointment (patient_id, doctor_id, date, slot) VALUES (275, 101, '2019-08-20', '21:00');
INSERT INTO public.appointment (patient_id, doctor_id, date, slot) VALUES (328, 99, '2019-04-08', '12:00');
INSERT INTO public.appointment (patient_id, doctor_id, date, slot) VALUES (390, 77, '2016-02-12', '12:00');
INSERT INTO public.appointment (patient_id, doctor_id, date, slot) VALUES (7, 310, '2010-08-19', '6:00');
INSERT INTO public.appointment (patient_id, doctor_id, date, slot) VALUES (328, 99, '2018-11-12', '10:00');
INSERT INTO public.appointment (patient_id, doctor_id, date, slot) VALUES (327, 50, '2015-08-19', '21:00');
INSERT INTO public.appointment (patient_id, doctor_id, date, slot) VALUES (42, 101, '2011-12-03', '2:00');
INSERT INTO public.appointment (patient_id, doctor_id, date, slot) VALUES (353, 367, '2010-06-15', '2:00');
INSERT INTO public.appointment (patient_id, doctor_id, date, slot) VALUES (7, 135, '2018-04-01', '5:00');
INSERT INTO public.appointment (patient_id, doctor_id, date, slot) VALUES (149, 11, '2012-01-21', '18:00');
INSERT INTO public.appointment (patient_id, doctor_id, date, slot) VALUES (303, 77, '2015-11-09', '20:00');
INSERT INTO public.appointment (patient_id, doctor_id, date, slot) VALUES (131, 101, '2011-04-20', '10:00');
INSERT INTO public.appointment (patient_id, doctor_id, date, slot) VALUES (149, 77, '2014-08-25', '1:00');
INSERT INTO public.appointment (patient_id, doctor_id, date, slot) VALUES (303, 98, '2013-11-25', '1:00');
INSERT INTO public.appointment (patient_id, doctor_id, date, slot) VALUES (359, 35, '2018-09-09', '11:00');
INSERT INTO public.appointment (patient_id, doctor_id, date, slot) VALUES (381, 91, '2019-10-26', '3:00');
INSERT INTO public.appointment (patient_id, doctor_id, date, slot) VALUES (114, 238, '2018-08-23', '12:00');
INSERT INTO public.appointment (patient_id, doctor_id, date, slot) VALUES (254, 378, '2016-09-06', '9:00');
INSERT INTO public.appointment (patient_id, doctor_id, date, slot) VALUES (17, 238, '2015-04-18', '5:00');
INSERT INTO public.appointment (patient_id, doctor_id, date, slot) VALUES (390, 378, '2016-05-01', '15:00');
INSERT INTO public.appointment (patient_id, doctor_id, date, slot) VALUES (393, 77, '2010-10-02', '5:00');
INSERT INTO public.appointment (patient_id, doctor_id, date, slot) VALUES (254, 50, '2015-04-03', '12:00');
INSERT INTO public.appointment (patient_id, doctor_id, date, slot) VALUES (284, 103, '2017-10-22', '2:00');
INSERT INTO public.appointment (patient_id, doctor_id, date, slot) VALUES (284, 238, '2018-05-22', '23:00');
INSERT INTO public.appointment (patient_id, doctor_id, date, slot) VALUES (131, 293, '2016-08-26', '15:00');
INSERT INTO public.appointment (patient_id, doctor_id, date, slot) VALUES (93, 98, '2019-06-13', '6:00');
INSERT INTO public.appointment (patient_id, doctor_id, date, slot) VALUES (275, 50, '2013-12-08', '15:00');
INSERT INTO public.appointment (patient_id, doctor_id, date, slot) VALUES (269, 238, '2014-12-26', '21:00');
INSERT INTO public.appointment (patient_id, doctor_id, date, slot) VALUES (156, 102, '2015-06-27', '6:00');
INSERT INTO public.appointment (patient_id, doctor_id, date, slot) VALUES (79, 98, '2012-09-10', '11:00');
INSERT INTO public.appointment (patient_id, doctor_id, date, slot) VALUES (381, 238, '2017-08-11', '2:00');
INSERT INTO public.appointment (patient_id, doctor_id, date, slot) VALUES (181, 11, '2019-06-01', '4:00');
INSERT INTO public.appointment (patient_id, doctor_id, date, slot) VALUES (390, 238, '2013-08-09', '13:00');
INSERT INTO public.appointment (patient_id, doctor_id, date, slot) VALUES (95, 367, '2010-09-23', '15:00');
INSERT INTO public.appointment (patient_id, doctor_id, date, slot) VALUES (284, 77, '2016-01-02', '0:00');
INSERT INTO public.appointment (patient_id, doctor_id, date, slot) VALUES (328, 103, '2018-02-11', '5:00');
INSERT INTO public.appointment (patient_id, doctor_id, date, slot) VALUES (331, 135, '2013-08-26', '0:00');
INSERT INTO public.appointment (patient_id, doctor_id, date, slot) VALUES (331, 20, '2010-02-07', '13:00');
INSERT INTO public.appointment (patient_id, doctor_id, date, slot) VALUES (305, 378, '2010-11-05', '3:00');
INSERT INTO public.appointment (patient_id, doctor_id, date, slot) VALUES (7, 293, '2017-04-19', '20:00');
INSERT INTO public.appointment (patient_id, doctor_id, date, slot) VALUES (275, 310, '2012-06-19', '7:00');
INSERT INTO public.appointment (patient_id, doctor_id, date, slot) VALUES (149, 378, '2013-03-23', '2:00');
INSERT INTO public.appointment (patient_id, doctor_id, date, slot) VALUES (27, 367, '2013-10-10', '10:00');
INSERT INTO public.appointment (patient_id, doctor_id, date, slot) VALUES (181, 103, '2016-05-22', '0:00');
INSERT INTO public.appointment (patient_id, doctor_id, date, slot) VALUES (81, 35, '2018-08-28', '10:00');
INSERT INTO public.appointment (patient_id, doctor_id, date, slot) VALUES (328, 99, '2017-04-01', '20:00');
INSERT INTO public.appointment (patient_id, doctor_id, date, slot) VALUES (275, 91, '2012-03-01', '23:00');
INSERT INTO public.appointment (patient_id, doctor_id, date, slot) VALUES (81, 310, '2012-05-02', '8:00');
INSERT INTO public.appointment (patient_id, doctor_id, date, slot) VALUES (348, 35, '2017-01-22', '6:00');
INSERT INTO public.appointment (patient_id, doctor_id, date, slot) VALUES (359, 35, '2012-05-04', '8:00');
INSERT INTO public.appointment (patient_id, doctor_id, date, slot) VALUES (114, 310, '2013-05-23', '18:00');
INSERT INTO public.appointment (patient_id, doctor_id, date, slot) VALUES (125, 293, '2017-11-12', '4:00');
INSERT INTO public.appointment (patient_id, doctor_id, date, slot) VALUES (327, 11, '2011-08-18', '11:00');
INSERT INTO public.appointment (patient_id, doctor_id, date, slot) VALUES (390, 135, '2016-03-16', '11:00');
INSERT INTO public.appointment (patient_id, doctor_id, date, slot) VALUES (181, 98, '2012-04-17', '5:00');
INSERT INTO public.appointment (patient_id, doctor_id, date, slot) VALUES (95, 140, '2016-10-16', '16:00');
INSERT INTO public.appointment (patient_id, doctor_id, date, slot) VALUES (348, 16, '2013-09-21', '16:00');
INSERT INTO public.appointment (patient_id, doctor_id, date, slot) VALUES (348, 367, '2012-05-05', '16:00');
INSERT INTO public.appointment (patient_id, doctor_id, date, slot) VALUES (53, 310, '2017-03-23', '1:00');
INSERT INTO public.appointment (patient_id, doctor_id, date, slot) VALUES (327, 102, '2018-05-27', '16:00');
INSERT INTO public.appointment (patient_id, doctor_id, date, slot) VALUES (254, 16, '2019-09-11', '17:00');
INSERT INTO public.appointment (patient_id, doctor_id, date, slot) VALUES (214, 75, '2012-07-14', '20:00');
INSERT INTO public.appointment (patient_id, doctor_id, date, slot) VALUES (53, 101, '2011-07-19', '10:00');
INSERT INTO public.appointment (patient_id, doctor_id, date, slot) VALUES (81, 35, '2013-11-24', '11:00');
INSERT INTO public.appointment (patient_id, doctor_id, date, slot) VALUES (17, 238, '2017-01-14', '2:00');
INSERT INTO public.appointment (patient_id, doctor_id, date, slot) VALUES (149, 310, '2014-12-28', '15:00');
INSERT INTO public.appointment (patient_id, doctor_id, date, slot) VALUES (305, 16, '2010-10-24', '16:00');
INSERT INTO public.appointment (patient_id, doctor_id, date, slot) VALUES (353, 20, '2012-08-21', '21:00');
INSERT INTO public.appointment (patient_id, doctor_id, date, slot) VALUES (254, 75, '2017-04-13', '16:00');
INSERT INTO public.appointment (patient_id, doctor_id, date, slot) VALUES (353, 16, '2017-11-15', '18:00');
INSERT INTO public.appointment (patient_id, doctor_id, date, slot) VALUES (130, 91, '2019-11-06', '13:00');
INSERT INTO public.appointment (patient_id, doctor_id, date, slot) VALUES (284, 16, '2015-10-19', '21:00');
INSERT INTO public.appointment (patient_id, doctor_id, date, slot) VALUES (42, 101, '2017-01-21', '21:00');
INSERT INTO public.appointment (patient_id, doctor_id, date, slot) VALUES (198, 16, '2015-01-06', '17:00');
INSERT INTO public.appointment (patient_id, doctor_id, date, slot) VALUES (95, 99, '2019-10-03', '12:00');
INSERT INTO public.appointment (patient_id, doctor_id, date, slot) VALUES (269, 91, '2017-06-24', '13:00');
INSERT INTO public.appointment (patient_id, doctor_id, date, slot) VALUES (181, 310, '2010-03-18', '5:00');
INSERT INTO public.appointment (patient_id, doctor_id, date, slot) VALUES (112, 135, '2019-08-21', '14:00');
INSERT INTO public.appointment (patient_id, doctor_id, date, slot) VALUES (284, 35, '2010-11-20', '14:00');
INSERT INTO public.appointment (patient_id, doctor_id, date, slot) VALUES (42, 103, '2013-06-18', '23:00');
INSERT INTO public.appointment (patient_id, doctor_id, date, slot) VALUES (125, 50, '2014-08-04', '7:00');
INSERT INTO public.appointment (patient_id, doctor_id, date, slot) VALUES (81, 140, '2015-05-02', '4:00');
INSERT INTO public.appointment (patient_id, doctor_id, date, slot) VALUES (130, 98, '2017-09-24', '21:00');
INSERT INTO public.appointment (patient_id, doctor_id, date, slot) VALUES (131, 11, '2012-08-05', '14:00');
INSERT INTO public.appointment (patient_id, doctor_id, date, slot) VALUES (95, 378, '2017-02-13', '17:00');
INSERT INTO public.appointment (patient_id, doctor_id, date, slot) VALUES (278, 91, '2019-05-26', '18:00');
INSERT INTO public.appointment (patient_id, doctor_id, date, slot) VALUES (381, 103, '2018-10-14', '20:00');
INSERT INTO public.appointment (patient_id, doctor_id, date, slot) VALUES (130, 258, '2016-11-08', '12:00');
INSERT INTO public.appointment (patient_id, doctor_id, date, slot) VALUES (214, 135, '2013-06-28', '4:00');
INSERT INTO public.appointment (patient_id, doctor_id, date, slot) VALUES (27, 367, '2010-01-22', '17:00');
INSERT INTO public.appointment (patient_id, doctor_id, date, slot) VALUES (381, 378, '2012-02-09', '21:00');
INSERT INTO public.appointment (patient_id, doctor_id, date, slot) VALUES (278, 135, '2011-04-18', '0:00');
INSERT INTO public.appointment (patient_id, doctor_id, date, slot) VALUES (125, 99, '2012-04-20', '7:00');
INSERT INTO public.appointment (patient_id, doctor_id, date, slot) VALUES (390, 135, '2015-05-15', '17:00');
INSERT INTO public.appointment (patient_id, doctor_id, date, slot) VALUES (278, 20, '2010-12-11', '2:00');
INSERT INTO public.appointment (patient_id, doctor_id, date, slot) VALUES (359, 135, '2015-08-22', '13:00');
INSERT INTO public.appointment (patient_id, doctor_id, date, slot) VALUES (95, 103, '2013-06-26', '0:00');
INSERT INTO public.appointment (patient_id, doctor_id, date, slot) VALUES (42, 35, '2013-06-22', '12:00');
INSERT INTO public.appointment (patient_id, doctor_id, date, slot) VALUES (330, 140, '2013-03-13', '1:00');
INSERT INTO public.appointment (patient_id, doctor_id, date, slot) VALUES (17, 378, '2017-11-22', '1:00');
INSERT INTO public.appointment (patient_id, doctor_id, date, slot) VALUES (390, 16, '2018-10-01', '11:00');
INSERT INTO public.appointment (patient_id, doctor_id, date, slot) VALUES (389, 35, '2017-06-07', '17:00');
INSERT INTO public.appointment (patient_id, doctor_id, date, slot) VALUES (390, 75, '2019-05-03', '6:00');
INSERT INTO public.appointment (patient_id, doctor_id, date, slot) VALUES (146, 50, '2016-10-26', '8:00');
INSERT INTO public.appointment (patient_id, doctor_id, date, slot) VALUES (305, 50, '2016-08-20', '1:00');
INSERT INTO public.appointment (patient_id, doctor_id, date, slot) VALUES (393, 140, '2019-09-10', '13:00');
INSERT INTO public.appointment (patient_id, doctor_id, date, slot) VALUES (359, 11, '2017-08-12', '1:00');
INSERT INTO public.appointment (patient_id, doctor_id, date, slot) VALUES (359, 103, '2011-09-01', '14:00');
INSERT INTO public.appointment (patient_id, doctor_id, date, slot) VALUES (95, 367, '2014-05-09', '1:00');
INSERT INTO public.appointment (patient_id, doctor_id, date, slot) VALUES (53, 102, '2017-04-22', '10:00');
INSERT INTO public.appointment (patient_id, doctor_id, date, slot) VALUES (181, 101, '2013-08-14', '13:00');
INSERT INTO public.appointment (patient_id, doctor_id, date, slot) VALUES (269, 77, '2011-08-09', '23:00');
INSERT INTO public.appointment (patient_id, doctor_id, date, slot) VALUES (348, 367, '2014-04-07', '21:00');
INSERT INTO public.appointment (patient_id, doctor_id, date, slot) VALUES (353, 293, '2019-03-18', '6:00');
INSERT INTO public.appointment (patient_id, doctor_id, date, slot) VALUES (181, 103, '2016-02-11', '3:00');
INSERT INTO public.appointment (patient_id, doctor_id, date, slot) VALUES (353, 98, '2016-05-17', '14:00');
INSERT INTO public.appointment (patient_id, doctor_id, date, slot) VALUES (303, 75, '2017-03-13', '0:00');
INSERT INTO public.appointment (patient_id, doctor_id, date, slot) VALUES (278, 16, '2015-09-12', '2:00');
INSERT INTO public.appointment (patient_id, doctor_id, date, slot) VALUES (149, 50, '2016-05-05', '7:00');
INSERT INTO public.appointment (patient_id, doctor_id, date, slot) VALUES (214, 75, '2014-12-08', '8:00');
INSERT INTO public.appointment (patient_id, doctor_id, date, slot) VALUES (390, 103, '2014-09-08', '11:00');
INSERT INTO public.appointment (patient_id, doctor_id, date, slot) VALUES (284, 75, '2013-10-05', '7:00');
INSERT INTO public.appointment (patient_id, doctor_id, date, slot) VALUES (278, 50, '2017-09-04', '11:00');
INSERT INTO public.appointment (patient_id, doctor_id, date, slot) VALUES (284, 16, '2010-12-17', '21:00');
INSERT INTO public.appointment (patient_id, doctor_id, date, slot) VALUES (146, 98, '2017-09-17', '20:00');
INSERT INTO public.appointment (patient_id, doctor_id, date, slot) VALUES (305, 11, '2016-08-16', '3:00');
INSERT INTO public.appointment (patient_id, doctor_id, date, slot) VALUES (275, 75, '2012-03-06', '8:00');
INSERT INTO public.appointment (patient_id, doctor_id, date, slot) VALUES (181, 258, '2013-04-27', '7:00');
INSERT INTO public.appointment (patient_id, doctor_id, date, slot) VALUES (42, 140, '2015-04-05', '12:00');
INSERT INTO public.appointment (patient_id, doctor_id, date, slot) VALUES (275, 50, '2011-12-05', '19:00');
INSERT INTO public.appointment (patient_id, doctor_id, date, slot) VALUES (381, 238, '2012-08-05', '7:00');
INSERT INTO public.appointment (patient_id, doctor_id, date, slot) VALUES (359, 35, '2016-05-24', '1:00');
INSERT INTO public.appointment (patient_id, doctor_id, date, slot) VALUES (381, 99, '2015-02-26', '14:00');
INSERT INTO public.appointment (patient_id, doctor_id, date, slot) VALUES (169, 367, '2015-10-09', '11:00');
INSERT INTO public.appointment (patient_id, doctor_id, date, slot) VALUES (146, 16, '2010-01-21', '17:00');
INSERT INTO public.appointment (patient_id, doctor_id, date, slot) VALUES (112, 77, '2011-12-13', '2:00');
INSERT INTO public.appointment (patient_id, doctor_id, date, slot) VALUES (156, 91, '2011-10-27', '23:00');
INSERT INTO public.appointment (patient_id, doctor_id, date, slot) VALUES (381, 11, '2014-02-11', '23:00');
INSERT INTO public.appointment (patient_id, doctor_id, date, slot) VALUES (214, 102, '2013-03-01', '18:00');
INSERT INTO public.appointment (patient_id, doctor_id, date, slot) VALUES (149, 20, '2011-03-23', '10:00');
INSERT INTO public.appointment (patient_id, doctor_id, date, slot) VALUES (17, 135, '2011-03-13', '13:00');
INSERT INTO public.appointment (patient_id, doctor_id, date, slot) VALUES (331, 293, '2017-07-05', '5:00');
INSERT INTO public.appointment (patient_id, doctor_id, date, slot) VALUES (389, 378, '2012-09-08', '7:00');
INSERT INTO public.appointment (patient_id, doctor_id, date, slot) VALUES (269, 293, '2010-01-02', '3:00');
INSERT INTO public.appointment (patient_id, doctor_id, date, slot) VALUES (93, 75, '2016-05-16', '8:00');
INSERT INTO public.appointment (patient_id, doctor_id, date, slot) VALUES (17, 310, '2010-12-09', '7:00');
INSERT INTO public.appointment (patient_id, doctor_id, date, slot) VALUES (305, 135, '2012-01-14', '15:00');
INSERT INTO public.appointment (patient_id, doctor_id, date, slot) VALUES (303, 98, '2014-06-11', '20:00');
INSERT INTO public.appointment (patient_id, doctor_id, date, slot) VALUES (198, 367, '2012-01-15', '16:00');
INSERT INTO public.appointment (patient_id, doctor_id, date, slot) VALUES (198, 16, '2019-06-16', '20:00');
INSERT INTO public.appointment (patient_id, doctor_id, date, slot) VALUES (198, 238, '2019-01-09', '16:00');
INSERT INTO public.appointment (patient_id, doctor_id, date, slot) VALUES (181, 378, '2012-11-02', '10:00');
INSERT INTO public.appointment (patient_id, doctor_id, date, slot) VALUES (7, 101, '2012-04-16', '15:00');
INSERT INTO public.appointment (patient_id, doctor_id, date, slot) VALUES (359, 16, '2011-10-15', '14:00');
INSERT INTO public.appointment (patient_id, doctor_id, date, slot) VALUES (254, 293, '2010-06-27', '13:00');
INSERT INTO public.appointment (patient_id, doctor_id, date, slot) VALUES (275, 99, '2019-03-16', '11:00');
INSERT INTO public.appointment (patient_id, doctor_id, date, slot) VALUES (330, 91, '2017-09-27', '17:00');
INSERT INTO public.appointment (patient_id, doctor_id, date, slot) VALUES (275, 35, '2018-01-21', '20:00');
INSERT INTO public.appointment (patient_id, doctor_id, date, slot) VALUES (269, 99, '2012-09-22', '19:00');
INSERT INTO public.appointment (patient_id, doctor_id, date, slot) VALUES (79, 98, '2019-07-01', '8:00');
INSERT INTO public.appointment (patient_id, doctor_id, date, slot) VALUES (278, 50, '2013-11-07', '6:00');
INSERT INTO public.appointment (patient_id, doctor_id, date, slot) VALUES (393, 75, '2010-03-13', '6:00');
INSERT INTO public.appointment (patient_id, doctor_id, date, slot) VALUES (81, 75, '2018-05-07', '16:00');
INSERT INTO public.appointment (patient_id, doctor_id, date, slot) VALUES (278, 20, '2017-02-27', '10:00');
INSERT INTO public.appointment (patient_id, doctor_id, date, slot) VALUES (359, 99, '2014-01-02', '14:00');
INSERT INTO public.appointment (patient_id, doctor_id, date, slot) VALUES (198, 91, '2018-12-16', '16:00');
INSERT INTO public.appointment (patient_id, doctor_id, date, slot) VALUES (214, 135, '2013-04-01', '5:00');
INSERT INTO public.appointment (patient_id, doctor_id, date, slot) VALUES (156, 91, '2019-10-12', '3:00');
INSERT INTO public.appointment (patient_id, doctor_id, date, slot) VALUES (327, 293, '2017-09-02', '17:00');
INSERT INTO public.appointment (patient_id, doctor_id, date, slot) VALUES (181, 238, '2017-02-27', '19:00');
INSERT INTO public.appointment (patient_id, doctor_id, date, slot) VALUES (214, 378, '2010-01-13', '15:00');
INSERT INTO public.appointment (patient_id, doctor_id, date, slot) VALUES (149, 50, '2013-07-19', '11:00');
INSERT INTO public.appointment (patient_id, doctor_id, date, slot) VALUES (125, 99, '2018-03-26', '16:00');
INSERT INTO public.appointment (patient_id, doctor_id, date, slot) VALUES (328, 99, '2016-07-14', '14:00');
INSERT INTO public.appointment (patient_id, doctor_id, date, slot) VALUES (79, 75, '2016-04-22', '8:00');
INSERT INTO public.appointment (patient_id, doctor_id, date, slot) VALUES (7, 50, '2010-03-09', '8:00');
INSERT INTO public.appointment (patient_id, doctor_id, date, slot) VALUES (146, 75, '2018-11-13', '14:00');
INSERT INTO public.appointment (patient_id, doctor_id, date, slot) VALUES (359, 91, '2011-12-22', '4:00');
INSERT INTO public.appointment (patient_id, doctor_id, date, slot) VALUES (42, 101, '2017-12-03', '2:00');
INSERT INTO public.appointment (patient_id, doctor_id, date, slot) VALUES (345, 99, '2015-07-03', '5:00');
INSERT INTO public.appointment (patient_id, doctor_id, date, slot) VALUES (125, 258, '2019-07-01', '19:00');
INSERT INTO public.appointment (patient_id, doctor_id, date, slot) VALUES (131, 310, '2013-02-24', '5:00');
INSERT INTO public.appointment (patient_id, doctor_id, date, slot) VALUES (131, 103, '2015-09-24', '3:00');
INSERT INTO public.appointment (patient_id, doctor_id, date, slot) VALUES (214, 16, '2011-07-19', '7:00');
INSERT INTO public.appointment (patient_id, doctor_id, date, slot) VALUES (348, 50, '2015-01-26', '22:00');
INSERT INTO public.appointment (patient_id, doctor_id, date, slot) VALUES (112, 102, '2017-09-05', '12:00');
INSERT INTO public.appointment (patient_id, doctor_id, date, slot) VALUES (389, 140, '2010-07-10', '20:00');
INSERT INTO public.appointment (patient_id, doctor_id, date, slot) VALUES (328, 75, '2011-06-03', '14:00');
INSERT INTO public.appointment (patient_id, doctor_id, date, slot) VALUES (114, 35, '2010-12-16', '14:00');
INSERT INTO public.appointment (patient_id, doctor_id, date, slot) VALUES (198, 135, '2013-04-01', '1:00');
INSERT INTO public.appointment (patient_id, doctor_id, date, slot) VALUES (345, 293, '2010-10-09', '2:00');
INSERT INTO public.appointment (patient_id, doctor_id, date, slot) VALUES (27, 367, '2012-09-08', '22:00');
INSERT INTO public.appointment (patient_id, doctor_id, date, slot) VALUES (393, 258, '2013-05-12', '9:00');
INSERT INTO public.appointment (patient_id, doctor_id, date, slot) VALUES (254, 35, '2017-04-17', '13:00');
INSERT INTO public.appointment (patient_id, doctor_id, date, slot) VALUES (345, 293, '2012-09-05', '9:00');
INSERT INTO public.appointment (patient_id, doctor_id, date, slot) VALUES (359, 367, '2018-11-08', '0:00');
INSERT INTO public.appointment (patient_id, doctor_id, date, slot) VALUES (331, 35, '2017-05-22', '3:00');
INSERT INTO public.appointment (patient_id, doctor_id, date, slot) VALUES (305, 11, '2014-06-22', '6:00');
INSERT INTO public.appointment (patient_id, doctor_id, date, slot) VALUES (330, 75, '2010-07-08', '2:00');
INSERT INTO public.appointment (patient_id, doctor_id, date, slot) VALUES (95, 101, '2015-08-11', '12:00');
INSERT INTO public.appointment (patient_id, doctor_id, date, slot) VALUES (303, 11, '2019-02-16', '8:00');
INSERT INTO public.appointment (patient_id, doctor_id, date, slot) VALUES (169, 101, '2013-04-08', '14:00');
INSERT INTO public.appointment (patient_id, doctor_id, date, slot) VALUES (278, 135, '2019-02-22', '6:00');
INSERT INTO public.appointment (patient_id, doctor_id, date, slot) VALUES (198, 91, '2012-12-28', '13:00');
INSERT INTO public.appointment (patient_id, doctor_id, date, slot) VALUES (359, 103, '2014-11-26', '2:00');
INSERT INTO public.appointment (patient_id, doctor_id, date, slot) VALUES (381, 135, '2017-09-22', '14:00');
INSERT INTO public.appointment (patient_id, doctor_id, date, slot) VALUES (345, 16, '2019-04-10', '9:00');
INSERT INTO public.appointment (patient_id, doctor_id, date, slot) VALUES (146, 140, '2016-05-07', '10:00');
INSERT INTO public.appointment (patient_id, doctor_id, date, slot) VALUES (17, 77, '2011-04-03', '12:00');
INSERT INTO public.appointment (patient_id, doctor_id, date, slot) VALUES (381, 16, '2011-02-26', '8:00');
INSERT INTO public.appointment (patient_id, doctor_id, date, slot) VALUES (156, 16, '2016-12-18', '20:00');
INSERT INTO public.appointment (patient_id, doctor_id, date, slot) VALUES (114, 16, '2012-01-06', '9:00');
INSERT INTO public.appointment (patient_id, doctor_id, date, slot) VALUES (348, 310, '2012-09-05', '14:00');
INSERT INTO public.appointment (patient_id, doctor_id, date, slot) VALUES (345, 140, '2011-04-14', '5:00');
INSERT INTO public.appointment (patient_id, doctor_id, date, slot) VALUES (53, 20, '2012-08-13', '8:00');
INSERT INTO public.appointment (patient_id, doctor_id, date, slot) VALUES (328, 367, '2011-03-09', '23:00');
INSERT INTO public.appointment (patient_id, doctor_id, date, slot) VALUES (81, 102, '2019-07-13', '15:00');
INSERT INTO public.appointment (patient_id, doctor_id, date, slot) VALUES (149, 91, '2016-08-25', '22:00');
INSERT INTO public.appointment (patient_id, doctor_id, date, slot) VALUES (130, 75, '2010-11-21', '5:00');
INSERT INTO public.appointment (patient_id, doctor_id, date, slot) VALUES (156, 135, '2015-04-17', '11:00');
INSERT INTO public.appointment (patient_id, doctor_id, date, slot) VALUES (269, 98, '2011-07-18', '14:00');
INSERT INTO public.appointment (patient_id, doctor_id, date, slot) VALUES (42, 367, '2012-07-01', '19:00');
INSERT INTO public.appointment (patient_id, doctor_id, date, slot) VALUES (345, 102, '2018-10-06', '18:00');
INSERT INTO public.appointment (patient_id, doctor_id, date, slot) VALUES (156, 378, '2010-10-11', '23:00');
INSERT INTO public.appointment (patient_id, doctor_id, date, slot) VALUES (393, 140, '2011-10-27', '12:00');
INSERT INTO public.appointment (patient_id, doctor_id, date, slot) VALUES (112, 99, '2019-05-19', '11:00');
INSERT INTO public.appointment (patient_id, doctor_id, date, slot) VALUES (278, 378, '2013-01-03', '3:00');
INSERT INTO public.appointment (patient_id, doctor_id, date, slot) VALUES (17, 91, '2015-07-28', '21:00');
INSERT INTO public.appointment (patient_id, doctor_id, date, slot) VALUES (284, 98, '2017-07-25', '12:00');
INSERT INTO public.appointment (patient_id, doctor_id, date, slot) VALUES (125, 102, '2014-09-13', '22:00');
INSERT INTO public.appointment (patient_id, doctor_id, date, slot) VALUES (303, 378, '2015-10-19', '19:00');
INSERT INTO public.appointment (patient_id, doctor_id, date, slot) VALUES (254, 367, '2015-01-17', '10:00');
INSERT INTO public.appointment (patient_id, doctor_id, date, slot) VALUES (95, 20, '2011-04-01', '12:00');
INSERT INTO public.appointment (patient_id, doctor_id, date, slot) VALUES (93, 378, '2012-11-23', '3:00');
INSERT INTO public.appointment (patient_id, doctor_id, date, slot) VALUES (269, 50, '2010-07-14', '17:00');
INSERT INTO public.appointment (patient_id, doctor_id, date, slot) VALUES (331, 11, '2018-04-21', '13:00');
INSERT INTO public.appointment (patient_id, doctor_id, date, slot) VALUES (278, 35, '2011-05-05', '6:00');
INSERT INTO public.appointment (patient_id, doctor_id, date, slot) VALUES (345, 101, '2016-04-27', '13:00');
INSERT INTO public.appointment (patient_id, doctor_id, date, slot) VALUES (114, 310, '2017-04-13', '23:00');
INSERT INTO public.appointment (patient_id, doctor_id, date, slot) VALUES (27, 98, '2013-03-22', '10:00');
INSERT INTO public.appointment (patient_id, doctor_id, date, slot) VALUES (169, 77, '2011-12-28', '6:00');
INSERT INTO public.appointment (patient_id, doctor_id, date, slot) VALUES (278, 20, '2015-09-07', '3:00');
INSERT INTO public.appointment (patient_id, doctor_id, date, slot) VALUES (331, 135, '2011-08-22', '4:00');
INSERT INTO public.appointment (patient_id, doctor_id, date, slot) VALUES (393, 101, '2010-09-23', '12:00');
INSERT INTO public.appointment (patient_id, doctor_id, date, slot) VALUES (149, 238, '2011-05-10', '12:00');
INSERT INTO public.appointment (patient_id, doctor_id, date, slot) VALUES (146, 20, '2013-09-05', '5:00');
INSERT INTO public.appointment (patient_id, doctor_id, date, slot) VALUES (328, 367, '2019-12-10', '17:00');
INSERT INTO public.appointment (patient_id, doctor_id, date, slot) VALUES (81, 103, '2012-09-11', '2:00');
INSERT INTO public.appointment (patient_id, doctor_id, date, slot) VALUES (254, 103, '2012-06-25', '22:00');
INSERT INTO public.appointment (patient_id, doctor_id, date, slot) VALUES (214, 135, '2018-01-11', '7:00');
INSERT INTO public.appointment (patient_id, doctor_id, date, slot) VALUES (214, 75, '2019-12-27', '0:00');
INSERT INTO public.appointment (patient_id, doctor_id, date, slot) VALUES (27, 258, '2012-10-10', '18:00');
INSERT INTO public.appointment (patient_id, doctor_id, date, slot) VALUES (7, 75, '2012-01-08', '3:00');
INSERT INTO public.appointment (patient_id, doctor_id, date, slot) VALUES (169, 50, '2019-12-22', '11:00');
INSERT INTO public.appointment (patient_id, doctor_id, date, slot) VALUES (93, 50, '2014-12-07', '2:00');
INSERT INTO public.appointment (patient_id, doctor_id, date, slot) VALUES (278, 91, '2015-08-02', '21:00');
INSERT INTO public.appointment (patient_id, doctor_id, date, slot) VALUES (254, 378, '2019-05-23', '0:00');
INSERT INTO public.appointment (patient_id, doctor_id, date, slot) VALUES (198, 135, '2017-09-02', '23:00');
INSERT INTO public.appointment (patient_id, doctor_id, date, slot) VALUES (95, 20, '2014-08-17', '15:00');
INSERT INTO public.appointment (patient_id, doctor_id, date, slot) VALUES (131, 35, '2013-04-06', '9:00');
INSERT INTO public.appointment (patient_id, doctor_id, date, slot) VALUES (42, 258, '2015-04-16', '7:00');
INSERT INTO public.appointment (patient_id, doctor_id, date, slot) VALUES (254, 101, '2012-03-21', '14:00');
INSERT INTO public.appointment (patient_id, doctor_id, date, slot) VALUES (181, 77, '2015-11-16', '9:00');
INSERT INTO public.appointment (patient_id, doctor_id, date, slot) VALUES (95, 50, '2010-06-16', '15:00');
INSERT INTO public.appointment (patient_id, doctor_id, date, slot) VALUES (327, 378, '2012-08-18', '3:00');
INSERT INTO public.appointment (patient_id, doctor_id, date, slot) VALUES (130, 258, '2012-01-12', '2:00');
INSERT INTO public.appointment (patient_id, doctor_id, date, slot) VALUES (156, 238, '2012-10-07', '10:00');
INSERT INTO public.appointment (patient_id, doctor_id, date, slot) VALUES (169, 140, '2017-09-03', '15:00');
INSERT INTO public.appointment (patient_id, doctor_id, date, slot) VALUES (278, 101, '2017-10-21', '9:00');
INSERT INTO public.appointment (patient_id, doctor_id, date, slot) VALUES (303, 35, '2015-01-15', '18:00');
INSERT INTO public.appointment (patient_id, doctor_id, date, slot) VALUES (181, 98, '2010-12-07', '23:00');
INSERT INTO public.appointment (patient_id, doctor_id, date, slot) VALUES (330, 293, '2017-02-21', '7:00');
INSERT INTO public.appointment (patient_id, doctor_id, date, slot) VALUES (7, 91, '2016-11-09', '19:00');
INSERT INTO public.appointment (patient_id, doctor_id, date, slot) VALUES (149, 99, '2016-07-23', '0:00');
INSERT INTO public.appointment (patient_id, doctor_id, date, slot) VALUES (114, 20, '2015-08-19', '8:00');
INSERT INTO public.appointment (patient_id, doctor_id, date, slot) VALUES (331, 101, '2018-02-27', '4:00');
INSERT INTO public.appointment (patient_id, doctor_id, date, slot) VALUES (284, 238, '2018-08-06', '8:00');
INSERT INTO public.appointment (patient_id, doctor_id, date, slot) VALUES (146, 102, '2017-08-15', '23:00');
INSERT INTO public.appointment (patient_id, doctor_id, date, slot) VALUES (17, 91, '2015-01-25', '21:00');
INSERT INTO public.appointment (patient_id, doctor_id, date, slot) VALUES (7, 140, '2015-05-24', '14:00');
INSERT INTO public.appointment (patient_id, doctor_id, date, slot) VALUES (214, 367, '2017-08-28', '18:00');
INSERT INTO public.appointment (patient_id, doctor_id, date, slot) VALUES (198, 293, '2018-07-01', '22:00');
INSERT INTO public.appointment (patient_id, doctor_id, date, slot) VALUES (169, 378, '2015-04-18', '7:00');
INSERT INTO public.appointment (patient_id, doctor_id, date, slot) VALUES (269, 11, '2015-05-10', '10:00');
INSERT INTO public.appointment (patient_id, doctor_id, date, slot) VALUES (198, 75, '2018-08-16', '18:00');
INSERT INTO public.appointment (patient_id, doctor_id, date, slot) VALUES (79, 75, '2016-05-18', '16:00');
INSERT INTO public.appointment (patient_id, doctor_id, date, slot) VALUES (330, 75, '2017-10-18', '18:00');
INSERT INTO public.appointment (patient_id, doctor_id, date, slot) VALUES (114, 135, '2013-01-18', '6:00');
INSERT INTO public.appointment (patient_id, doctor_id, date, slot) VALUES (7, 101, '2017-05-07', '6:00');
INSERT INTO public.appointment (patient_id, doctor_id, date, slot) VALUES (7, 378, '2019-01-18', '22:00');
INSERT INTO public.appointment (patient_id, doctor_id, date, slot) VALUES (390, 367, '2018-10-13', '0:00');
INSERT INTO public.appointment (patient_id, doctor_id, date, slot) VALUES (345, 258, '2012-01-13', '2:00');
INSERT INTO public.appointment (patient_id, doctor_id, date, slot) VALUES (79, 77, '2015-06-08', '12:00');
INSERT INTO public.appointment (patient_id, doctor_id, date, slot) VALUES (328, 16, '2013-07-08', '8:00');
INSERT INTO public.appointment (patient_id, doctor_id, date, slot) VALUES (214, 103, '2017-04-08', '17:00');
INSERT INTO public.appointment (patient_id, doctor_id, date, slot) VALUES (114, 103, '2015-01-21', '15:00');
INSERT INTO public.appointment (patient_id, doctor_id, date, slot) VALUES (348, 140, '2013-10-09', '4:00');
INSERT INTO public.appointment (patient_id, doctor_id, date, slot) VALUES (278, 75, '2015-08-15', '13:00');
INSERT INTO public.appointment (patient_id, doctor_id, date, slot) VALUES (125, 50, '2018-01-20', '3:00');
INSERT INTO public.appointment (patient_id, doctor_id, date, slot) VALUES (149, 35, '2015-01-25', '12:00');
INSERT INTO public.appointment (patient_id, doctor_id, date, slot) VALUES (389, 378, '2013-02-28', '13:00');
INSERT INTO public.appointment (patient_id, doctor_id, date, slot) VALUES (214, 310, '2011-02-20', '0:00');
INSERT INTO public.appointment (patient_id, doctor_id, date, slot) VALUES (305, 75, '2014-12-26', '3:00');
INSERT INTO public.appointment (patient_id, doctor_id, date, slot) VALUES (130, 20, '2015-07-03', '13:00');
INSERT INTO public.appointment (patient_id, doctor_id, date, slot) VALUES (93, 75, '2016-09-04', '18:00');
INSERT INTO public.appointment (patient_id, doctor_id, date, slot) VALUES (353, 98, '2010-09-15', '13:00');
INSERT INTO public.appointment (patient_id, doctor_id, date, slot) VALUES (303, 135, '2011-08-22', '21:00');
INSERT INTO public.appointment (patient_id, doctor_id, date, slot) VALUES (330, 16, '2016-01-17', '17:00');
INSERT INTO public.appointment (patient_id, doctor_id, date, slot) VALUES (214, 91, '2017-10-03', '22:00');
INSERT INTO public.appointment (patient_id, doctor_id, date, slot) VALUES (125, 293, '2013-09-13', '21:00');
INSERT INTO public.appointment (patient_id, doctor_id, date, slot) VALUES (305, 238, '2017-03-01', '13:00');
INSERT INTO public.appointment (patient_id, doctor_id, date, slot) VALUES (114, 91, '2014-01-27', '14:00');
INSERT INTO public.appointment (patient_id, doctor_id, date, slot) VALUES (93, 99, '2017-03-02', '4:00');
INSERT INTO public.appointment (patient_id, doctor_id, date, slot) VALUES (275, 140, '2019-11-18', '11:00');
INSERT INTO public.appointment (patient_id, doctor_id, date, slot) VALUES (390, 293, '2019-02-26', '13:00');
INSERT INTO public.appointment (patient_id, doctor_id, date, slot) VALUES (269, 11, '2016-03-06', '11:00');
INSERT INTO public.appointment (patient_id, doctor_id, date, slot) VALUES (353, 310, '2011-09-06', '18:00');
INSERT INTO public.appointment (patient_id, doctor_id, date, slot) VALUES (79, 75, '2010-10-09', '22:00');
INSERT INTO public.appointment (patient_id, doctor_id, date, slot) VALUES (345, 50, '2019-05-04', '1:00');
INSERT INTO public.appointment (patient_id, doctor_id, date, slot) VALUES (303, 75, '2011-03-11', '11:00');
INSERT INTO public.appointment (patient_id, doctor_id, date, slot) VALUES (17, 20, '2013-12-08', '0:00');
INSERT INTO public.appointment (patient_id, doctor_id, date, slot) VALUES (284, 75, '2017-04-13', '10:00');
INSERT INTO public.appointment (patient_id, doctor_id, date, slot) VALUES (95, 238, '2012-07-27', '21:00');
INSERT INTO public.appointment (patient_id, doctor_id, date, slot) VALUES (381, 103, '2014-01-01', '4:00');
INSERT INTO public.appointment (patient_id, doctor_id, date, slot) VALUES (214, 101, '2018-08-09', '20:00');
INSERT INTO public.appointment (patient_id, doctor_id, date, slot) VALUES (81, 91, '2012-09-16', '22:00');
INSERT INTO public.appointment (patient_id, doctor_id, date, slot) VALUES (146, 11, '2012-09-16', '6:00');
INSERT INTO public.appointment (patient_id, doctor_id, date, slot) VALUES (53, 367, '2013-12-12', '1:00');
INSERT INTO public.appointment (patient_id, doctor_id, date, slot) VALUES (27, 50, '2013-06-22', '12:00');
INSERT INTO public.appointment (patient_id, doctor_id, date, slot) VALUES (389, 11, '2016-05-01', '8:00');
INSERT INTO public.appointment (patient_id, doctor_id, date, slot) VALUES (79, 75, '2012-03-10', '5:00');
INSERT INTO public.appointment (patient_id, doctor_id, date, slot) VALUES (7, 238, '2010-04-04', '8:00');
INSERT INTO public.appointment (patient_id, doctor_id, date, slot) VALUES (330, 11, '2019-06-03', '18:00');
INSERT INTO public.appointment (patient_id, doctor_id, date, slot) VALUES (125, 310, '2012-08-25', '12:00');
INSERT INTO public.appointment (patient_id, doctor_id, date, slot) VALUES (390, 238, '2015-10-26', '4:00');
INSERT INTO public.appointment (patient_id, doctor_id, date, slot) VALUES (330, 99, '2014-08-02', '7:00');
INSERT INTO public.appointment (patient_id, doctor_id, date, slot) VALUES (125, 91, '2017-06-17', '22:00');
INSERT INTO public.appointment (patient_id, doctor_id, date, slot) VALUES (345, 293, '2016-01-20', '18:00');
INSERT INTO public.appointment (patient_id, doctor_id, date, slot) VALUES (156, 367, '2017-04-02', '11:00');
INSERT INTO public.appointment (patient_id, doctor_id, date, slot) VALUES (330, 135, '2019-03-18', '3:00');
INSERT INTO public.appointment (patient_id, doctor_id, date, slot) VALUES (27, 35, '2015-05-18', '0:00');
INSERT INTO public.appointment (patient_id, doctor_id, date, slot) VALUES (169, 20, '2012-09-07', '13:00');
INSERT INTO public.appointment (patient_id, doctor_id, date, slot) VALUES (381, 378, '2013-10-21', '17:00');
INSERT INTO public.appointment (patient_id, doctor_id, date, slot) VALUES (95, 378, '2014-03-01', '0:00');
INSERT INTO public.appointment (patient_id, doctor_id, date, slot) VALUES (328, 238, '2011-12-12', '4:00');
INSERT INTO public.appointment (patient_id, doctor_id, date, slot) VALUES (214, 91, '2010-06-01', '4:00');
INSERT INTO public.appointment (patient_id, doctor_id, date, slot) VALUES (331, 140, '2013-10-28', '2:00');
INSERT INTO public.appointment (patient_id, doctor_id, date, slot) VALUES (169, 310, '2012-05-11', '0:00');
INSERT INTO public.appointment (patient_id, doctor_id, date, slot) VALUES (125, 16, '2010-05-03', '18:00');
INSERT INTO public.appointment (patient_id, doctor_id, date, slot) VALUES (42, 310, '2018-03-26', '6:00');
INSERT INTO public.appointment (patient_id, doctor_id, date, slot) VALUES (359, 367, '2015-07-21', '7:00');
INSERT INTO public.appointment (patient_id, doctor_id, date, slot) VALUES (146, 20, '2011-07-22', '22:00');
INSERT INTO public.appointment (patient_id, doctor_id, date, slot) VALUES (7, 16, '2019-12-20', '21:00');
INSERT INTO public.appointment (patient_id, doctor_id, date, slot) VALUES (114, 99, '2010-04-01', '0:00');
INSERT INTO public.appointment (patient_id, doctor_id, date, slot) VALUES (348, 101, '2015-09-01', '15:00');
INSERT INTO public.appointment (patient_id, doctor_id, date, slot) VALUES (381, 11, '2018-01-22', '17:00');
INSERT INTO public.appointment (patient_id, doctor_id, date, slot) VALUES (330, 238, '2019-03-20', '5:00');
INSERT INTO public.appointment (patient_id, doctor_id, date, slot) VALUES (114, 91, '2010-12-18', '16:00');
INSERT INTO public.appointment (patient_id, doctor_id, date, slot) VALUES (269, 293, '2012-11-21', '15:00');
INSERT INTO public.appointment (patient_id, doctor_id, date, slot) VALUES (390, 103, '2015-01-19', '1:00');
INSERT INTO public.appointment (patient_id, doctor_id, date, slot) VALUES (130, 140, '2016-04-13', '23:00');
INSERT INTO public.appointment (patient_id, doctor_id, date, slot) VALUES (149, 258, '2013-05-02', '19:00');
INSERT INTO public.appointment (patient_id, doctor_id, date, slot) VALUES (114, 102, '2010-10-01', '9:00');
INSERT INTO public.appointment (patient_id, doctor_id, date, slot) VALUES (7, 50, '2011-10-28', '7:00');
INSERT INTO public.appointment (patient_id, doctor_id, date, slot) VALUES (275, 91, '2012-11-18', '21:00');
INSERT INTO public.appointment (patient_id, doctor_id, date, slot) VALUES (214, 11, '2013-12-03', '4:00');
INSERT INTO public.appointment (patient_id, doctor_id, date, slot) VALUES (254, 103, '2019-10-03', '21:00');
INSERT INTO public.appointment (patient_id, doctor_id, date, slot) VALUES (305, 77, '2018-08-28', '7:00');
INSERT INTO public.appointment (patient_id, doctor_id, date, slot) VALUES (330, 135, '2016-12-28', '22:00');
INSERT INTO public.appointment (patient_id, doctor_id, date, slot) VALUES (81, 103, '2018-07-28', '6:00');
INSERT INTO public.appointment (patient_id, doctor_id, date, slot) VALUES (275, 238, '2016-08-01', '21:00');
INSERT INTO public.appointment (patient_id, doctor_id, date, slot) VALUES (198, 310, '2010-03-15', '23:00');
INSERT INTO public.appointment (patient_id, doctor_id, date, slot) VALUES (7, 50, '2013-11-03', '3:00');
INSERT INTO public.appointment (patient_id, doctor_id, date, slot) VALUES (269, 367, '2013-09-18', '6:00');
INSERT INTO public.appointment (patient_id, doctor_id, date, slot) VALUES (181, 35, '2010-01-07', '12:00');
INSERT INTO public.appointment (patient_id, doctor_id, date, slot) VALUES (331, 238, '2011-11-17', '15:00');
INSERT INTO public.appointment (patient_id, doctor_id, date, slot) VALUES (42, 20, '2016-06-10', '22:00');
INSERT INTO public.appointment (patient_id, doctor_id, date, slot) VALUES (169, 378, '2013-06-15', '11:00');
INSERT INTO public.appointment (patient_id, doctor_id, date, slot) VALUES (284, 135, '2015-10-24', '18:00');
INSERT INTO public.appointment (patient_id, doctor_id, date, slot) VALUES (254, 11, '2019-04-16', '1:00');
INSERT INTO public.appointment (patient_id, doctor_id, date, slot) VALUES (345, 75, '2010-05-04', '0:00');
INSERT INTO public.appointment (patient_id, doctor_id, date, slot) VALUES (42, 91, '2018-12-09', '21:00');
INSERT INTO public.appointment (patient_id, doctor_id, date, slot) VALUES (254, 258, '2015-03-02', '23:00');
INSERT INTO public.appointment (patient_id, doctor_id, date, slot) VALUES (303, 367, '2018-03-27', '6:00');
INSERT INTO public.appointment (patient_id, doctor_id, date, slot) VALUES (331, 11, '2011-09-05', '18:00');
INSERT INTO public.appointment (patient_id, doctor_id, date, slot) VALUES (79, 11, '2018-01-08', '0:00');
INSERT INTO public.appointment (patient_id, doctor_id, date, slot) VALUES (345, 16, '2014-05-26', '13:00');
INSERT INTO public.appointment (patient_id, doctor_id, date, slot) VALUES (278, 102, '2019-03-12', '15:00');
INSERT INTO public.appointment (patient_id, doctor_id, date, slot) VALUES (254, 11, '2013-08-09', '18:00');
INSERT INTO public.appointment (patient_id, doctor_id, date, slot) VALUES (17, 16, '2011-11-07', '18:00');
INSERT INTO public.appointment (patient_id, doctor_id, date, slot) VALUES (169, 367, '2010-11-28', '7:00');
INSERT INTO public.appointment (patient_id, doctor_id, date, slot) VALUES (331, 16, '2015-06-05', '13:00');
INSERT INTO public.appointment (patient_id, doctor_id, date, slot) VALUES (27, 103, '2016-11-23', '20:00');
INSERT INTO public.appointment (patient_id, doctor_id, date, slot) VALUES (95, 20, '2017-07-07', '6:00');
INSERT INTO public.appointment (patient_id, doctor_id, date, slot) VALUES (198, 378, '2011-10-17', '20:00');
INSERT INTO public.appointment (patient_id, doctor_id, date, slot) VALUES (81, 16, '2012-05-15', '19:00');
INSERT INTO public.appointment (patient_id, doctor_id, date, slot) VALUES (389, 293, '2012-01-06', '2:00');
INSERT INTO public.appointment (patient_id, doctor_id, date, slot) VALUES (284, 258, '2010-08-16', '5:00');
INSERT INTO public.appointment (patient_id, doctor_id, date, slot) VALUES (198, 77, '2012-10-25', '1:00');
INSERT INTO public.appointment (patient_id, doctor_id, date, slot) VALUES (130, 310, '2018-03-13', '19:00');
INSERT INTO public.appointment (patient_id, doctor_id, date, slot) VALUES (393, 293, '2013-12-16', '6:00');
INSERT INTO public.appointment (patient_id, doctor_id, date, slot) VALUES (169, 50, '2011-09-12', '10:00');
INSERT INTO public.appointment (patient_id, doctor_id, date, slot) VALUES (79, 103, '2017-03-03', '7:00');
INSERT INTO public.appointment (patient_id, doctor_id, date, slot) VALUES (348, 258, '2018-05-08', '0:00');
INSERT INTO public.appointment (patient_id, doctor_id, date, slot) VALUES (95, 103, '2014-03-27', '5:00');
INSERT INTO public.appointment (patient_id, doctor_id, date, slot) VALUES (156, 367, '2019-05-11', '4:00');
INSERT INTO public.appointment (patient_id, doctor_id, date, slot) VALUES (269, 310, '2018-04-05', '21:00');
INSERT INTO public.appointment (patient_id, doctor_id, date, slot) VALUES (284, 35, '2015-07-04', '21:00');
INSERT INTO public.appointment (patient_id, doctor_id, date, slot) VALUES (328, 258, '2017-10-21', '5:00');
INSERT INTO public.appointment (patient_id, doctor_id, date, slot) VALUES (303, 11, '2019-07-13', '11:00');
INSERT INTO public.appointment (patient_id, doctor_id, date, slot) VALUES (269, 135, '2012-11-13', '6:00');
INSERT INTO public.appointment (patient_id, doctor_id, date, slot) VALUES (81, 77, '2012-04-08', '11:00');
INSERT INTO public.appointment (patient_id, doctor_id, date, slot) VALUES (390, 101, '2012-08-03', '5:00');
INSERT INTO public.appointment (patient_id, doctor_id, date, slot) VALUES (146, 103, '2013-10-27', '20:00');
INSERT INTO public.appointment (patient_id, doctor_id, date, slot) VALUES (331, 103, '2019-06-18', '0:00');
INSERT INTO public.appointment (patient_id, doctor_id, date, slot) VALUES (42, 238, '2011-12-23', '12:00');
INSERT INTO public.appointment (patient_id, doctor_id, date, slot) VALUES (7, 101, '2010-06-11', '22:00');
INSERT INTO public.appointment (patient_id, doctor_id, date, slot) VALUES (254, 378, '2016-11-13', '18:00');
INSERT INTO public.appointment (patient_id, doctor_id, date, slot) VALUES (42, 102, '2010-02-18', '23:00');
INSERT INTO public.appointment (patient_id, doctor_id, date, slot) VALUES (17, 135, '2012-06-21', '18:00');
INSERT INTO public.appointment (patient_id, doctor_id, date, slot) VALUES (131, 310, '2012-01-26', '21:00');
INSERT INTO public.appointment (patient_id, doctor_id, date, slot) VALUES (278, 135, '2012-11-03', '23:00');
INSERT INTO public.appointment (patient_id, doctor_id, date, slot) VALUES (93, 99, '2010-04-17', '13:00');
INSERT INTO public.appointment (patient_id, doctor_id, date, slot) VALUES (393, 98, '2010-04-14', '10:00');
INSERT INTO public.appointment (patient_id, doctor_id, date, slot) VALUES (331, 101, '2011-09-04', '17:00');
INSERT INTO public.appointment (patient_id, doctor_id, date, slot) VALUES (125, 103, '2015-04-26', '23:00');
INSERT INTO public.appointment (patient_id, doctor_id, date, slot) VALUES (348, 238, '2012-08-03', '22:00');
INSERT INTO public.appointment (patient_id, doctor_id, date, slot) VALUES (27, 75, '2011-07-24', '9:00');
INSERT INTO public.appointment (patient_id, doctor_id, date, slot) VALUES (112, 135, '2014-01-20', '21:00');
INSERT INTO public.appointment (patient_id, doctor_id, date, slot) VALUES (303, 378, '2014-03-23', '15:00');
INSERT INTO public.appointment (patient_id, doctor_id, date, slot) VALUES (146, 238, '2010-10-17', '8:00');
INSERT INTO public.appointment (patient_id, doctor_id, date, slot) VALUES (156, 101, '2017-11-13', '18:00');
INSERT INTO public.appointment (patient_id, doctor_id, date, slot) VALUES (131, 20, '2010-11-19', '4:00');
INSERT INTO public.appointment (patient_id, doctor_id, date, slot) VALUES (130, 35, '2015-06-17', '11:00');
INSERT INTO public.appointment (patient_id, doctor_id, date, slot) VALUES (305, 77, '2014-03-23', '1:00');
INSERT INTO public.appointment (patient_id, doctor_id, date, slot) VALUES (149, 378, '2012-07-13', '10:00');
INSERT INTO public.appointment (patient_id, doctor_id, date, slot) VALUES (390, 35, '2013-07-15', '23:00');
INSERT INTO public.appointment (patient_id, doctor_id, date, slot) VALUES (389, 135, '2011-10-11', '19:00');
INSERT INTO public.appointment (patient_id, doctor_id, date, slot) VALUES (284, 75, '2011-11-23', '18:00');
INSERT INTO public.appointment (patient_id, doctor_id, date, slot) VALUES (269, 75, '2014-01-19', '9:00');
INSERT INTO public.appointment (patient_id, doctor_id, date, slot) VALUES (328, 135, '2017-03-27', '4:00');
INSERT INTO public.appointment (patient_id, doctor_id, date, slot) VALUES (381, 99, '2012-06-02', '16:00');
INSERT INTO public.appointment (patient_id, doctor_id, date, slot) VALUES (353, 20, '2012-06-16', '16:00');
INSERT INTO public.appointment (patient_id, doctor_id, date, slot) VALUES (181, 103, '2017-06-22', '23:00');
INSERT INTO public.appointment (patient_id, doctor_id, date, slot) VALUES (393, 35, '2018-06-27', '16:00');
INSERT INTO public.appointment (patient_id, doctor_id, date, slot) VALUES (284, 91, '2010-09-20', '9:00');
INSERT INTO public.appointment (patient_id, doctor_id, date, slot) VALUES (156, 50, '2019-11-16', '3:00');
INSERT INTO public.appointment (patient_id, doctor_id, date, slot) VALUES (81, 258, '2010-04-25', '15:00');
INSERT INTO public.appointment (patient_id, doctor_id, date, slot) VALUES (181, 16, '2012-10-05', '12:00');
INSERT INTO public.appointment (patient_id, doctor_id, date, slot) VALUES (348, 378, '2014-04-04', '9:00');
INSERT INTO public.appointment (patient_id, doctor_id, date, slot) VALUES (359, 140, '2010-03-02', '13:00');
INSERT INTO public.appointment (patient_id, doctor_id, date, slot) VALUES (7, 378, '2016-11-26', '15:00');
INSERT INTO public.appointment (patient_id, doctor_id, date, slot) VALUES (393, 20, '2015-07-27', '12:00');
INSERT INTO public.appointment (patient_id, doctor_id, date, slot) VALUES (353, 98, '2014-01-22', '15:00');
INSERT INTO public.appointment (patient_id, doctor_id, date, slot) VALUES (389, 378, '2013-02-04', '22:00');
INSERT INTO public.appointment (patient_id, doctor_id, date, slot) VALUES (275, 140, '2019-08-17', '18:00');
INSERT INTO public.appointment (patient_id, doctor_id, date, slot) VALUES (156, 310, '2015-11-23', '14:00');
INSERT INTO public.appointment (patient_id, doctor_id, date, slot) VALUES (169, 135, '2012-04-24', '8:00');
INSERT INTO public.appointment (patient_id, doctor_id, date, slot) VALUES (330, 102, '2018-08-02', '4:00');
INSERT INTO public.appointment (patient_id, doctor_id, date, slot) VALUES (214, 140, '2014-12-03', '21:00');
INSERT INTO public.appointment (patient_id, doctor_id, date, slot) VALUES (389, 11, '2015-09-01', '19:00');
INSERT INTO public.appointment (patient_id, doctor_id, date, slot) VALUES (7, 238, '2012-02-23', '1:00');
INSERT INTO public.appointment (patient_id, doctor_id, date, slot) VALUES (17, 102, '2019-04-27', '12:00');
INSERT INTO public.appointment (patient_id, doctor_id, date, slot) VALUES (27, 140, '2010-06-17', '20:00');
INSERT INTO public.appointment (patient_id, doctor_id, date, slot) VALUES (327, 238, '2014-01-15', '16:00');
INSERT INTO public.appointment (patient_id, doctor_id, date, slot) VALUES (112, 135, '2016-06-27', '4:00');
INSERT INTO public.appointment (patient_id, doctor_id, date, slot) VALUES (7, 35, '2017-02-12', '6:00');
INSERT INTO public.appointment (patient_id, doctor_id, date, slot) VALUES (390, 77, '2011-07-06', '14:00');
INSERT INTO public.appointment (patient_id, doctor_id, date, slot) VALUES (278, 310, '2018-03-15', '12:00');
INSERT INTO public.appointment (patient_id, doctor_id, date, slot) VALUES (393, 77, '2012-09-26', '6:00');
INSERT INTO public.appointment (patient_id, doctor_id, date, slot) VALUES (125, 50, '2014-01-18', '15:00');
INSERT INTO public.appointment (patient_id, doctor_id, date, slot) VALUES (359, 11, '2014-03-04', '5:00');
INSERT INTO public.appointment (patient_id, doctor_id, date, slot) VALUES (146, 98, '2014-05-20', '16:00');
INSERT INTO public.appointment (patient_id, doctor_id, date, slot) VALUES (348, 135, '2016-03-21', '4:00');
INSERT INTO public.appointment (patient_id, doctor_id, date, slot) VALUES (214, 11, '2018-05-04', '20:00');
INSERT INTO public.appointment (patient_id, doctor_id, date, slot) VALUES (27, 101, '2014-01-25', '22:00');
INSERT INTO public.appointment (patient_id, doctor_id, date, slot) VALUES (81, 91, '2011-12-24', '3:00');
INSERT INTO public.appointment (patient_id, doctor_id, date, slot) VALUES (345, 11, '2015-05-19', '19:00');
INSERT INTO public.appointment (patient_id, doctor_id, date, slot) VALUES (53, 367, '2016-12-13', '6:00');
INSERT INTO public.appointment (patient_id, doctor_id, date, slot) VALUES (275, 98, '2011-02-06', '7:00');
INSERT INTO public.appointment (patient_id, doctor_id, date, slot) VALUES (7, 11, '2016-05-01', '17:00');
INSERT INTO public.appointment (patient_id, doctor_id, date, slot) VALUES (181, 35, '2011-08-20', '22:00');
INSERT INTO public.appointment (patient_id, doctor_id, date, slot) VALUES (348, 91, '2011-01-27', '21:00');
INSERT INTO public.appointment (patient_id, doctor_id, date, slot) VALUES (348, 293, '2019-03-13', '3:00');
INSERT INTO public.appointment (patient_id, doctor_id, date, slot) VALUES (131, 258, '2015-09-15', '4:00');
INSERT INTO public.appointment (patient_id, doctor_id, date, slot) VALUES (95, 140, '2013-07-09', '5:00');
INSERT INTO public.appointment (patient_id, doctor_id, date, slot) VALUES (254, 35, '2014-07-18', '23:00');
INSERT INTO public.appointment (patient_id, doctor_id, date, slot) VALUES (79, 135, '2010-02-27', '14:00');
INSERT INTO public.appointment (patient_id, doctor_id, date, slot) VALUES (305, 75, '2019-08-08', '8:00');
INSERT INTO public.appointment (patient_id, doctor_id, date, slot) VALUES (93, 98, '2010-09-10', '23:00');
INSERT INTO public.appointment (patient_id, doctor_id, date, slot) VALUES (381, 101, '2016-04-06', '11:00');
INSERT INTO public.appointment (patient_id, doctor_id, date, slot) VALUES (303, 98, '2015-11-15', '6:00');
INSERT INTO public.appointment (patient_id, doctor_id, date, slot) VALUES (169, 258, '2010-05-07', '22:00');
INSERT INTO public.appointment (patient_id, doctor_id, date, slot) VALUES (214, 77, '2013-04-23', '23:00');
INSERT INTO public.appointment (patient_id, doctor_id, date, slot) VALUES (53, 75, '2016-11-22', '5:00');
INSERT INTO public.appointment (patient_id, doctor_id, date, slot) VALUES (95, 258, '2010-01-14', '6:00');
INSERT INTO public.appointment (patient_id, doctor_id, date, slot) VALUES (254, 99, '2016-09-15', '15:00');
INSERT INTO public.appointment (patient_id, doctor_id, date, slot) VALUES (130, 367, '2013-11-23', '1:00');
INSERT INTO public.appointment (patient_id, doctor_id, date, slot) VALUES (17, 258, '2015-09-13', '14:00');
INSERT INTO public.appointment (patient_id, doctor_id, date, slot) VALUES (146, 50, '2013-08-07', '5:00');
INSERT INTO public.appointment (patient_id, doctor_id, date, slot) VALUES (125, 378, '2013-01-02', '7:00');
INSERT INTO public.appointment (patient_id, doctor_id, date, slot) VALUES (81, 140, '2013-08-11', '9:00');
INSERT INTO public.appointment (patient_id, doctor_id, date, slot) VALUES (149, 20, '2017-11-17', '0:00');
INSERT INTO public.appointment (patient_id, doctor_id, date, slot) VALUES (79, 258, '2011-06-04', '22:00');
INSERT INTO public.appointment (patient_id, doctor_id, date, slot) VALUES (112, 258, '2013-03-19', '22:00');
INSERT INTO public.appointment (patient_id, doctor_id, date, slot) VALUES (7, 238, '2018-11-19', '7:00');
INSERT INTO public.appointment (patient_id, doctor_id, date, slot) VALUES (381, 140, '2018-08-16', '11:00');
INSERT INTO public.appointment (patient_id, doctor_id, date, slot) VALUES (181, 140, '2017-03-18', '12:00');
INSERT INTO public.appointment (patient_id, doctor_id, date, slot) VALUES (130, 102, '2012-04-03', '9:00');
INSERT INTO public.appointment (patient_id, doctor_id, date, slot) VALUES (27, 101, '2016-04-06', '10:00');
INSERT INTO public.appointment (patient_id, doctor_id, date, slot) VALUES (331, 367, '2013-09-13', '18:00');
INSERT INTO public.appointment (patient_id, doctor_id, date, slot) VALUES (7, 238, '2018-01-09', '9:00');
INSERT INTO public.appointment (patient_id, doctor_id, date, slot) VALUES (305, 258, '2018-01-28', '7:00');
INSERT INTO public.appointment (patient_id, doctor_id, date, slot) VALUES (359, 140, '2011-05-09', '15:00');
INSERT INTO public.appointment (patient_id, doctor_id, date, slot) VALUES (7, 140, '2013-06-24', '7:00');
INSERT INTO public.appointment (patient_id, doctor_id, date, slot) VALUES (393, 101, '2018-01-14', '15:00');
INSERT INTO public.appointment (patient_id, doctor_id, date, slot) VALUES (81, 11, '2017-05-14', '15:00');
INSERT INTO public.appointment (patient_id, doctor_id, date, slot) VALUES (275, 50, '2013-09-11', '18:00');
INSERT INTO public.appointment (patient_id, doctor_id, date, slot) VALUES (181, 50, '2011-11-25', '23:00');
INSERT INTO public.appointment (patient_id, doctor_id, date, slot) VALUES (330, 103, '2015-12-03', '5:00');
INSERT INTO public.appointment (patient_id, doctor_id, date, slot) VALUES (328, 293, '2013-11-04', '5:00');
INSERT INTO public.appointment (patient_id, doctor_id, date, slot) VALUES (130, 102, '2015-06-21', '23:00');
INSERT INTO public.appointment (patient_id, doctor_id, date, slot) VALUES (53, 50, '2013-03-24', '23:00');
INSERT INTO public.appointment (patient_id, doctor_id, date, slot) VALUES (125, 258, '2017-02-05', '9:00');
INSERT INTO public.appointment (patient_id, doctor_id, date, slot) VALUES (27, 140, '2015-06-06', '22:00');
INSERT INTO public.appointment (patient_id, doctor_id, date, slot) VALUES (269, 20, '2018-11-02', '20:00');
INSERT INTO public.appointment (patient_id, doctor_id, date, slot) VALUES (53, 140, '2014-02-08', '15:00');
INSERT INTO public.appointment (patient_id, doctor_id, date, slot) VALUES (17, 101, '2012-06-11', '15:00');
INSERT INTO public.appointment (patient_id, doctor_id, date, slot) VALUES (381, 135, '2018-09-06', '19:00');
INSERT INTO public.appointment (patient_id, doctor_id, date, slot) VALUES (198, 101, '2010-09-04', '17:00');
INSERT INTO public.appointment (patient_id, doctor_id, date, slot) VALUES (42, 258, '2016-07-12', '23:00');
INSERT INTO public.appointment (patient_id, doctor_id, date, slot) VALUES (146, 102, '2014-10-07', '20:00');
INSERT INTO public.appointment (patient_id, doctor_id, date, slot) VALUES (114, 238, '2010-03-21', '20:00');
INSERT INTO public.appointment (patient_id, doctor_id, date, slot) VALUES (79, 367, '2019-11-27', '1:00');
INSERT INTO public.appointment (patient_id, doctor_id, date, slot) VALUES (305, 11, '2015-09-20', '3:00');
INSERT INTO public.appointment (patient_id, doctor_id, date, slot) VALUES (214, 103, '2013-09-06', '0:00');
INSERT INTO public.appointment (patient_id, doctor_id, date, slot) VALUES (269, 135, '2019-10-02', '21:00');
INSERT INTO public.appointment (patient_id, doctor_id, date, slot) VALUES (327, 20, '2011-03-25', '14:00');
INSERT INTO public.appointment (patient_id, doctor_id, date, slot) VALUES (303, 238, '2013-11-22', '8:00');
INSERT INTO public.appointment (patient_id, doctor_id, date, slot) VALUES (53, 102, '2015-09-21', '14:00');
INSERT INTO public.appointment (patient_id, doctor_id, date, slot) VALUES (42, 35, '2012-05-18', '2:00');
INSERT INTO public.appointment (patient_id, doctor_id, date, slot) VALUES (327, 378, '2015-11-07', '16:00');
INSERT INTO public.appointment (patient_id, doctor_id, date, slot) VALUES (93, 258, '2014-07-02', '7:00');
INSERT INTO public.appointment (patient_id, doctor_id, date, slot) VALUES (17, 35, '2019-01-01', '13:00');
INSERT INTO public.appointment (patient_id, doctor_id, date, slot) VALUES (7, 293, '2010-01-28', '10:00');
INSERT INTO public.appointment (patient_id, doctor_id, date, slot) VALUES (17, 91, '2014-07-12', '14:00');
INSERT INTO public.appointment (patient_id, doctor_id, date, slot) VALUES (359, 11, '2011-10-09', '7:00');
INSERT INTO public.appointment (patient_id, doctor_id, date, slot) VALUES (125, 11, '2010-09-01', '2:00');
INSERT INTO public.appointment (patient_id, doctor_id, date, slot) VALUES (331, 140, '2010-12-12', '6:00');
INSERT INTO public.appointment (patient_id, doctor_id, date, slot) VALUES (330, 77, '2018-02-27', '18:00');
INSERT INTO public.appointment (patient_id, doctor_id, date, slot) VALUES (284, 16, '2013-07-09', '19:00');
INSERT INTO public.appointment (patient_id, doctor_id, date, slot) VALUES (130, 50, '2017-12-24', '4:00');
INSERT INTO public.appointment (patient_id, doctor_id, date, slot) VALUES (305, 75, '2017-05-19', '8:00');
INSERT INTO public.appointment (patient_id, doctor_id, date, slot) VALUES (42, 310, '2015-06-24', '8:00');
INSERT INTO public.appointment (patient_id, doctor_id, date, slot) VALUES (125, 238, '2015-06-28', '3:00');
INSERT INTO public.appointment (patient_id, doctor_id, date, slot) VALUES (198, 98, '2011-01-05', '6:00');
INSERT INTO public.appointment (patient_id, doctor_id, date, slot) VALUES (303, 35, '2015-05-15', '19:00');
INSERT INTO public.appointment (patient_id, doctor_id, date, slot) VALUES (389, 103, '2014-05-03', '0:00');
INSERT INTO public.appointment (patient_id, doctor_id, date, slot) VALUES (381, 135, '2011-10-09', '5:00');
INSERT INTO public.appointment (patient_id, doctor_id, date, slot) VALUES (81, 238, '2014-08-20', '3:00');
INSERT INTO public.appointment (patient_id, doctor_id, date, slot) VALUES (269, 16, '2017-06-28', '9:00');
INSERT INTO public.appointment (patient_id, doctor_id, date, slot) VALUES (93, 91, '2018-11-01', '19:00');
INSERT INTO public.appointment (patient_id, doctor_id, date, slot) VALUES (353, 103, '2018-09-02', '8:00');
INSERT INTO public.appointment (patient_id, doctor_id, date, slot) VALUES (327, 103, '2017-11-22', '21:00');
INSERT INTO public.appointment (patient_id, doctor_id, date, slot) VALUES (27, 258, '2015-03-14', '5:00');
INSERT INTO public.appointment (patient_id, doctor_id, date, slot) VALUES (17, 102, '2017-01-23', '22:00');
INSERT INTO public.appointment (patient_id, doctor_id, date, slot) VALUES (353, 103, '2019-10-11', '8:00');
INSERT INTO public.appointment (patient_id, doctor_id, date, slot) VALUES (156, 140, '2013-04-23', '11:00');
INSERT INTO public.appointment (patient_id, doctor_id, date, slot) VALUES (275, 35, '2019-06-03', '2:00');
INSERT INTO public.appointment (patient_id, doctor_id, date, slot) VALUES (79, 310, '2013-07-20', '20:00');
INSERT INTO public.appointment (patient_id, doctor_id, date, slot) VALUES (198, 378, '2017-09-13', '11:00');
INSERT INTO public.appointment (patient_id, doctor_id, date, slot) VALUES (81, 101, '2019-11-27', '8:00');
INSERT INTO public.appointment (patient_id, doctor_id, date, slot) VALUES (198, 135, '2018-02-13', '0:00');
INSERT INTO public.appointment (patient_id, doctor_id, date, slot) VALUES (156, 91, '2012-03-06', '5:00');
INSERT INTO public.appointment (patient_id, doctor_id, date, slot) VALUES (130, 238, '2010-11-10', '14:00');
INSERT INTO public.appointment (patient_id, doctor_id, date, slot) VALUES (7, 35, '2010-10-27', '8:00');
INSERT INTO public.appointment (patient_id, doctor_id, date, slot) VALUES (284, 103, '2018-04-12', '12:00');
INSERT INTO public.appointment (patient_id, doctor_id, date, slot) VALUES (331, 293, '2019-04-12', '7:00');
INSERT INTO public.appointment (patient_id, doctor_id, date, slot) VALUES (254, 75, '2019-05-15', '15:00');
INSERT INTO public.appointment (patient_id, doctor_id, date, slot) VALUES (359, 378, '2010-02-15', '7:00');
INSERT INTO public.appointment (patient_id, doctor_id, date, slot) VALUES (330, 50, '2019-11-04', '8:00');
INSERT INTO public.appointment (patient_id, doctor_id, date, slot) VALUES (390, 75, '2013-04-27', '4:00');
INSERT INTO public.appointment (patient_id, doctor_id, date, slot) VALUES (393, 103, '2010-05-17', '0:00');
INSERT INTO public.appointment (patient_id, doctor_id, date, slot) VALUES (198, 16, '2017-04-07', '21:00');
INSERT INTO public.appointment (patient_id, doctor_id, date, slot) VALUES (348, 77, '2013-08-15', '2:00');
INSERT INTO public.appointment (patient_id, doctor_id, date, slot) VALUES (169, 293, '2012-08-15', '3:00');
INSERT INTO public.appointment (patient_id, doctor_id, date, slot) VALUES (214, 20, '2010-07-13', '12:00');
INSERT INTO public.appointment (patient_id, doctor_id, date, slot) VALUES (93, 102, '2015-12-19', '17:00');
INSERT INTO public.appointment (patient_id, doctor_id, date, slot) VALUES (181, 11, '2019-07-19', '2:00');
INSERT INTO public.appointment (patient_id, doctor_id, date, slot) VALUES (359, 102, '2011-12-10', '18:00');
INSERT INTO public.appointment (patient_id, doctor_id, date, slot) VALUES (381, 91, '2011-02-28', '10:00');
INSERT INTO public.appointment (patient_id, doctor_id, date, slot) VALUES (149, 11, '2016-03-15', '17:00');
INSERT INTO public.appointment (patient_id, doctor_id, date, slot) VALUES (348, 50, '2010-03-01', '9:00');
INSERT INTO public.appointment (patient_id, doctor_id, date, slot) VALUES (81, 103, '2014-08-09', '18:00');
INSERT INTO public.appointment (patient_id, doctor_id, date, slot) VALUES (390, 11, '2010-05-25', '10:00');
INSERT INTO public.appointment (patient_id, doctor_id, date, slot) VALUES (181, 293, '2016-03-12', '23:00');
INSERT INTO public.appointment (patient_id, doctor_id, date, slot) VALUES (27, 35, '2016-04-19', '4:00');
INSERT INTO public.appointment (patient_id, doctor_id, date, slot) VALUES (130, 91, '2014-11-08', '14:00');
INSERT INTO public.appointment (patient_id, doctor_id, date, slot) VALUES (390, 238, '2013-01-24', '22:00');
INSERT INTO public.appointment (patient_id, doctor_id, date, slot) VALUES (17, 293, '2011-06-11', '2:00');
INSERT INTO public.appointment (patient_id, doctor_id, date, slot) VALUES (95, 293, '2014-03-09', '22:00');
INSERT INTO public.appointment (patient_id, doctor_id, date, slot) VALUES (131, 140, '2016-12-17', '8:00');
INSERT INTO public.appointment (patient_id, doctor_id, date, slot) VALUES (198, 50, '2017-01-24', '13:00');
INSERT INTO public.appointment (patient_id, doctor_id, date, slot) VALUES (381, 101, '2010-06-18', '21:00');
INSERT INTO public.appointment (patient_id, doctor_id, date, slot) VALUES (275, 258, '2015-01-25', '5:00');
INSERT INTO public.appointment (patient_id, doctor_id, date, slot) VALUES (79, 35, '2010-02-15', '15:00');
INSERT INTO public.appointment (patient_id, doctor_id, date, slot) VALUES (93, 91, '2014-07-10', '11:00');
INSERT INTO public.appointment (patient_id, doctor_id, date, slot) VALUES (303, 310, '2012-07-06', '13:00');
INSERT INTO public.appointment (patient_id, doctor_id, date, slot) VALUES (112, 293, '2015-03-08', '3:00');
INSERT INTO public.appointment (patient_id, doctor_id, date, slot) VALUES (27, 77, '2016-11-02', '5:00');
INSERT INTO public.appointment (patient_id, doctor_id, date, slot) VALUES (95, 98, '2017-03-03', '4:00');
INSERT INTO public.appointment (patient_id, doctor_id, date, slot) VALUES (17, 35, '2016-02-06', '21:00');
INSERT INTO public.appointment (patient_id, doctor_id, date, slot) VALUES (149, 35, '2013-02-02', '4:00');
INSERT INTO public.appointment (patient_id, doctor_id, date, slot) VALUES (81, 20, '2019-10-27', '15:00');
INSERT INTO public.appointment (patient_id, doctor_id, date, slot) VALUES (81, 310, '2014-09-10', '16:00');
INSERT INTO public.appointment (patient_id, doctor_id, date, slot) VALUES (42, 75, '2016-06-11', '23:00');
INSERT INTO public.appointment (patient_id, doctor_id, date, slot) VALUES (348, 98, '2018-02-17', '18:00');
INSERT INTO public.appointment (patient_id, doctor_id, date, slot) VALUES (328, 310, '2015-11-03', '9:00');
INSERT INTO public.appointment (patient_id, doctor_id, date, slot) VALUES (181, 77, '2016-11-06', '13:00');
INSERT INTO public.appointment (patient_id, doctor_id, date, slot) VALUES (149, 258, '2013-07-12', '18:00');
INSERT INTO public.appointment (patient_id, doctor_id, date, slot) VALUES (269, 140, '2013-09-20', '22:00');
INSERT INTO public.appointment (patient_id, doctor_id, date, slot) VALUES (214, 99, '2015-01-25', '3:00');
INSERT INTO public.appointment (patient_id, doctor_id, date, slot) VALUES (330, 35, '2018-06-17', '14:00');
INSERT INTO public.appointment (patient_id, doctor_id, date, slot) VALUES (390, 258, '2013-05-12', '13:00');
INSERT INTO public.appointment (patient_id, doctor_id, date, slot) VALUES (331, 75, '2015-12-26', '22:00');
INSERT INTO public.appointment (patient_id, doctor_id, date, slot) VALUES (17, 378, '2014-12-26', '10:00');
INSERT INTO public.appointment (patient_id, doctor_id, date, slot) VALUES (275, 77, '2016-04-03', '21:00');
INSERT INTO public.appointment (patient_id, doctor_id, date, slot) VALUES (198, 11, '2015-01-05', '7:00');
INSERT INTO public.appointment (patient_id, doctor_id, date, slot) VALUES (17, 140, '2015-03-24', '10:00');
INSERT INTO public.appointment (patient_id, doctor_id, date, slot) VALUES (125, 98, '2017-11-17', '1:00');
INSERT INTO public.appointment (patient_id, doctor_id, date, slot) VALUES (348, 367, '2015-02-13', '6:00');
INSERT INTO public.appointment (patient_id, doctor_id, date, slot) VALUES (305, 140, '2014-07-13', '10:00');
INSERT INTO public.appointment (patient_id, doctor_id, date, slot) VALUES (305, 378, '2018-02-04', '23:00');
INSERT INTO public.appointment (patient_id, doctor_id, date, slot) VALUES (17, 77, '2014-07-24', '18:00');
INSERT INTO public.appointment (patient_id, doctor_id, date, slot) VALUES (42, 258, '2014-07-18', '16:00');
INSERT INTO public.appointment (patient_id, doctor_id, date, slot) VALUES (389, 11, '2014-03-22', '21:00');
INSERT INTO public.appointment (patient_id, doctor_id, date, slot) VALUES (146, 91, '2016-09-27', '14:00');
INSERT INTO public.appointment (patient_id, doctor_id, date, slot) VALUES (169, 99, '2017-11-02', '0:00');
INSERT INTO public.appointment (patient_id, doctor_id, date, slot) VALUES (305, 310, '2013-10-16', '1:00');
INSERT INTO public.appointment (patient_id, doctor_id, date, slot) VALUES (181, 11, '2015-06-02', '11:00');
INSERT INTO public.appointment (patient_id, doctor_id, date, slot) VALUES (125, 140, '2013-06-04', '23:00');
INSERT INTO public.appointment (patient_id, doctor_id, date, slot) VALUES (303, 99, '2012-09-18', '9:00');
INSERT INTO public.appointment (patient_id, doctor_id, date, slot) VALUES (79, 378, '2018-05-19', '23:00');
INSERT INTO public.appointment (patient_id, doctor_id, date, slot) VALUES (353, 75, '2013-01-13', '22:00');
INSERT INTO public.appointment (patient_id, doctor_id, date, slot) VALUES (146, 101, '2010-10-05', '13:00');
INSERT INTO public.appointment (patient_id, doctor_id, date, slot) VALUES (331, 140, '2010-12-03', '2:00');
INSERT INTO public.appointment (patient_id, doctor_id, date, slot) VALUES (330, 102, '2018-11-17', '4:00');
INSERT INTO public.appointment (patient_id, doctor_id, date, slot) VALUES (112, 77, '2019-11-03', '15:00');
INSERT INTO public.appointment (patient_id, doctor_id, date, slot) VALUES (156, 102, '2010-10-22', '12:00');
INSERT INTO public.appointment (patient_id, doctor_id, date, slot) VALUES (305, 367, '2018-01-28', '3:00');
INSERT INTO public.appointment (patient_id, doctor_id, date, slot) VALUES (284, 367, '2016-04-01', '0:00');
INSERT INTO public.appointment (patient_id, doctor_id, date, slot) VALUES (93, 103, '2012-06-21', '7:00');
INSERT INTO public.appointment (patient_id, doctor_id, date, slot) VALUES (53, 367, '2015-06-08', '17:00');
INSERT INTO public.appointment (patient_id, doctor_id, date, slot) VALUES (131, 99, '2014-07-28', '13:00');
INSERT INTO public.appointment (patient_id, doctor_id, date, slot) VALUES (330, 91, '2015-10-22', '13:00');
INSERT INTO public.appointment (patient_id, doctor_id, date, slot) VALUES (130, 20, '2017-11-22', '23:00');
INSERT INTO public.appointment (patient_id, doctor_id, date, slot) VALUES (269, 35, '2015-06-12', '17:00');
INSERT INTO public.appointment (patient_id, doctor_id, date, slot) VALUES (125, 77, '2013-04-03', '20:00');
INSERT INTO public.appointment (patient_id, doctor_id, date, slot) VALUES (214, 77, '2015-09-07', '19:00');
INSERT INTO public.appointment (patient_id, doctor_id, date, slot) VALUES (331, 77, '2011-02-20', '12:00');
INSERT INTO public.appointment (patient_id, doctor_id, date, slot) VALUES (169, 293, '2011-06-10', '23:00');
INSERT INTO public.appointment (patient_id, doctor_id, date, slot) VALUES (27, 77, '2016-09-28', '11:00');
INSERT INTO public.appointment (patient_id, doctor_id, date, slot) VALUES (125, 102, '2011-01-24', '4:00');
INSERT INTO public.appointment (patient_id, doctor_id, date, slot) VALUES (254, 99, '2010-06-23', '1:00');
INSERT INTO public.appointment (patient_id, doctor_id, date, slot) VALUES (114, 378, '2018-09-18', '23:00');
INSERT INTO public.appointment (patient_id, doctor_id, date, slot) VALUES (131, 75, '2019-09-10', '2:00');
INSERT INTO public.appointment (patient_id, doctor_id, date, slot) VALUES (275, 102, '2013-11-13', '12:00');
INSERT INTO public.appointment (patient_id, doctor_id, date, slot) VALUES (79, 75, '2014-01-11', '15:00');
INSERT INTO public.appointment (patient_id, doctor_id, date, slot) VALUES (393, 101, '2015-07-10', '12:00');
INSERT INTO public.appointment (patient_id, doctor_id, date, slot) VALUES (330, 238, '2019-06-09', '11:00');
INSERT INTO public.appointment (patient_id, doctor_id, date, slot) VALUES (17, 258, '2014-10-27', '3:00');
INSERT INTO public.appointment (patient_id, doctor_id, date, slot) VALUES (305, 98, '2012-08-14', '1:00');
INSERT INTO public.appointment (patient_id, doctor_id, date, slot) VALUES (284, 75, '2016-02-08', '14:00');
INSERT INTO public.appointment (patient_id, doctor_id, date, slot) VALUES (269, 367, '2014-03-06', '15:00');
INSERT INTO public.appointment (patient_id, doctor_id, date, slot) VALUES (95, 310, '2019-02-22', '3:00');
INSERT INTO public.appointment (patient_id, doctor_id, date, slot) VALUES (284, 98, '2015-08-22', '10:00');
INSERT INTO public.appointment (patient_id, doctor_id, date, slot) VALUES (169, 135, '2012-09-01', '16:00');
INSERT INTO public.appointment (patient_id, doctor_id, date, slot) VALUES (125, 77, '2018-01-13', '0:00');
INSERT INTO public.appointment (patient_id, doctor_id, date, slot) VALUES (359, 50, '2013-05-02', '19:00');
INSERT INTO public.appointment (patient_id, doctor_id, date, slot) VALUES (81, 293, '2013-11-01', '11:00');
INSERT INTO public.appointment (patient_id, doctor_id, date, slot) VALUES (130, 77, '2016-12-21', '12:00');
INSERT INTO public.appointment (patient_id, doctor_id, date, slot) VALUES (130, 16, '2010-09-11', '20:00');
INSERT INTO public.appointment (patient_id, doctor_id, date, slot) VALUES (181, 367, '2012-10-23', '8:00');
INSERT INTO public.appointment (patient_id, doctor_id, date, slot) VALUES (214, 378, '2019-03-11', '8:00');
INSERT INTO public.appointment (patient_id, doctor_id, date, slot) VALUES (181, 75, '2015-08-07', '15:00');
INSERT INTO public.appointment (patient_id, doctor_id, date, slot) VALUES (81, 75, '2013-05-11', '12:00');
INSERT INTO public.appointment (patient_id, doctor_id, date, slot) VALUES (95, 35, '2011-01-15', '4:00');
INSERT INTO public.appointment (patient_id, doctor_id, date, slot) VALUES (214, 101, '2013-11-23', '18:00');
INSERT INTO public.appointment (patient_id, doctor_id, date, slot) VALUES (7, 238, '2011-07-13', '9:00');
INSERT INTO public.appointment (patient_id, doctor_id, date, slot) VALUES (130, 140, '2018-10-25', '9:00');
INSERT INTO public.appointment (patient_id, doctor_id, date, slot) VALUES (17, 75, '2010-12-22', '0:00');
INSERT INTO public.appointment (patient_id, doctor_id, date, slot) VALUES (125, 135, '2016-07-24', '0:00');
INSERT INTO public.appointment (patient_id, doctor_id, date, slot) VALUES (53, 103, '2018-06-18', '11:00');
INSERT INTO public.appointment (patient_id, doctor_id, date, slot) VALUES (42, 378, '2013-03-05', '12:00');
INSERT INTO public.appointment (patient_id, doctor_id, date, slot) VALUES (181, 77, '2019-07-19', '16:00');
INSERT INTO public.appointment (patient_id, doctor_id, date, slot) VALUES (353, 91, '2014-04-24', '9:00');
INSERT INTO public.appointment (patient_id, doctor_id, date, slot) VALUES (254, 20, '2015-10-01', '17:00');
INSERT INTO public.appointment (patient_id, doctor_id, date, slot) VALUES (27, 16, '2014-04-08', '12:00');
INSERT INTO public.appointment (patient_id, doctor_id, date, slot) VALUES (359, 103, '2014-12-26', '8:00');
INSERT INTO public.appointment (patient_id, doctor_id, date, slot) VALUES (284, 75, '2010-09-17', '8:00');
INSERT INTO public.appointment (patient_id, doctor_id, date, slot) VALUES (93, 91, '2017-02-09', '4:00');
INSERT INTO public.appointment (patient_id, doctor_id, date, slot) VALUES (149, 35, '2019-06-18', '20:00');
INSERT INTO public.appointment (patient_id, doctor_id, date, slot) VALUES (149, 103, '2017-02-25', '20:00');
INSERT INTO public.appointment (patient_id, doctor_id, date, slot) VALUES (303, 35, '2015-04-02', '18:00');
INSERT INTO public.appointment (patient_id, doctor_id, date, slot) VALUES (269, 101, '2014-04-25', '15:00');
INSERT INTO public.appointment (patient_id, doctor_id, date, slot) VALUES (156, 11, '2015-06-14', '9:00');
INSERT INTO public.appointment (patient_id, doctor_id, date, slot) VALUES (303, 35, '2012-04-02', '12:00');
INSERT INTO public.appointment (patient_id, doctor_id, date, slot) VALUES (389, 11, '2016-01-10', '4:00');
INSERT INTO public.appointment (patient_id, doctor_id, date, slot) VALUES (146, 75, '2013-09-17', '7:00');
INSERT INTO public.appointment (patient_id, doctor_id, date, slot) VALUES (330, 310, '2013-01-26', '2:00');
INSERT INTO public.appointment (patient_id, doctor_id, date, slot) VALUES (254, 293, '2019-07-11', '10:00');
INSERT INTO public.appointment (patient_id, doctor_id, date, slot) VALUES (130, 258, '2016-05-18', '11:00');
INSERT INTO public.appointment (patient_id, doctor_id, date, slot) VALUES (348, 98, '2010-06-25', '12:00');
INSERT INTO public.appointment (patient_id, doctor_id, date, slot) VALUES (169, 101, '2017-11-26', '8:00');
INSERT INTO public.appointment (patient_id, doctor_id, date, slot) VALUES (79, 293, '2019-07-04', '10:00');
INSERT INTO public.appointment (patient_id, doctor_id, date, slot) VALUES (156, 50, '2010-02-17', '3:00');
INSERT INTO public.appointment (patient_id, doctor_id, date, slot) VALUES (269, 103, '2016-08-26', '17:00');
INSERT INTO public.appointment (patient_id, doctor_id, date, slot) VALUES (345, 367, '2017-03-12', '2:00');
INSERT INTO public.appointment (patient_id, doctor_id, date, slot) VALUES (328, 378, '2014-06-01', '16:00');
INSERT INTO public.appointment (patient_id, doctor_id, date, slot) VALUES (93, 50, '2013-12-24', '16:00');
INSERT INTO public.appointment (patient_id, doctor_id, date, slot) VALUES (305, 293, '2012-01-03', '5:00');
INSERT INTO public.appointment (patient_id, doctor_id, date, slot) VALUES (254, 310, '2018-11-04', '2:00');
INSERT INTO public.appointment (patient_id, doctor_id, date, slot) VALUES (303, 101, '2010-05-08', '9:00');
INSERT INTO public.appointment (patient_id, doctor_id, date, slot) VALUES (284, 102, '2011-06-18', '1:00');
INSERT INTO public.appointment (patient_id, doctor_id, date, slot) VALUES (27, 16, '2010-03-16', '14:00');
INSERT INTO public.appointment (patient_id, doctor_id, date, slot) VALUES (275, 238, '2012-03-28', '20:00');
INSERT INTO public.appointment (patient_id, doctor_id, date, slot) VALUES (284, 101, '2019-01-19', '13:00');
INSERT INTO public.appointment (patient_id, doctor_id, date, slot) VALUES (125, 20, '2014-04-21', '23:00');
INSERT INTO public.appointment (patient_id, doctor_id, date, slot) VALUES (17, 367, '2012-11-04', '20:00');
INSERT INTO public.appointment (patient_id, doctor_id, date, slot) VALUES (131, 258, '2017-04-19', '7:00');
INSERT INTO public.appointment (patient_id, doctor_id, date, slot) VALUES (27, 75, '2014-10-23', '12:00');
INSERT INTO public.appointment (patient_id, doctor_id, date, slot) VALUES (381, 35, '2015-05-14', '14:00');
INSERT INTO public.appointment (patient_id, doctor_id, date, slot) VALUES (198, 293, '2015-01-06', '10:00');
INSERT INTO public.appointment (patient_id, doctor_id, date, slot) VALUES (348, 378, '2013-08-06', '17:00');
INSERT INTO public.appointment (patient_id, doctor_id, date, slot) VALUES (381, 11, '2012-03-12', '15:00');
INSERT INTO public.appointment (patient_id, doctor_id, date, slot) VALUES (275, 378, '2016-07-21', '9:00');
INSERT INTO public.appointment (patient_id, doctor_id, date, slot) VALUES (81, 293, '2015-10-14', '14:00');
INSERT INTO public.appointment (patient_id, doctor_id, date, slot) VALUES (53, 20, '2016-04-08', '16:00');
INSERT INTO public.appointment (patient_id, doctor_id, date, slot) VALUES (146, 98, '2011-06-23', '6:00');
INSERT INTO public.appointment (patient_id, doctor_id, date, slot) VALUES (278, 258, '2010-07-28', '14:00');
INSERT INTO public.appointment (patient_id, doctor_id, date, slot) VALUES (169, 238, '2015-03-20', '21:00');
INSERT INTO public.appointment (patient_id, doctor_id, date, slot) VALUES (345, 20, '2015-08-25', '2:00');
INSERT INTO public.appointment (patient_id, doctor_id, date, slot) VALUES (131, 75, '2011-03-14', '2:00');
INSERT INTO public.appointment (patient_id, doctor_id, date, slot) VALUES (284, 35, '2010-01-19', '0:00');
INSERT INTO public.appointment (patient_id, doctor_id, date, slot) VALUES (353, 102, '2013-02-22', '21:00');
INSERT INTO public.appointment (patient_id, doctor_id, date, slot) VALUES (17, 101, '2018-10-25', '13:00');
INSERT INTO public.appointment (patient_id, doctor_id, date, slot) VALUES (331, 238, '2010-12-08', '14:00');
INSERT INTO public.appointment (patient_id, doctor_id, date, slot) VALUES (131, 99, '2016-08-19', '8:00');
INSERT INTO public.appointment (patient_id, doctor_id, date, slot) VALUES (79, 77, '2014-07-07', '7:00');
INSERT INTO public.appointment (patient_id, doctor_id, date, slot) VALUES (284, 50, '2012-03-06', '16:00');
INSERT INTO public.appointment (patient_id, doctor_id, date, slot) VALUES (79, 35, '2012-10-03', '4:00');
INSERT INTO public.appointment (patient_id, doctor_id, date, slot) VALUES (79, 238, '2010-03-27', '0:00');
INSERT INTO public.appointment (patient_id, doctor_id, date, slot) VALUES (345, 35, '2018-09-24', '4:00');
INSERT INTO public.appointment (patient_id, doctor_id, date, slot) VALUES (27, 378, '2019-01-17', '22:00');
INSERT INTO public.appointment (patient_id, doctor_id, date, slot) VALUES (93, 11, '2012-07-26', '6:00');
INSERT INTO public.appointment (patient_id, doctor_id, date, slot) VALUES (254, 20, '2010-12-02', '3:00');
INSERT INTO public.appointment (patient_id, doctor_id, date, slot) VALUES (181, 20, '2015-12-16', '5:00');
INSERT INTO public.appointment (patient_id, doctor_id, date, slot) VALUES (79, 140, '2013-12-15', '3:00');
INSERT INTO public.appointment (patient_id, doctor_id, date, slot) VALUES (95, 99, '2011-05-22', '0:00');
INSERT INTO public.appointment (patient_id, doctor_id, date, slot) VALUES (390, 367, '2011-08-14', '19:00');
INSERT INTO public.appointment (patient_id, doctor_id, date, slot) VALUES (93, 367, '2014-05-10', '21:00');
INSERT INTO public.appointment (patient_id, doctor_id, date, slot) VALUES (303, 140, '2011-12-25', '12:00');
INSERT INTO public.appointment (patient_id, doctor_id, date, slot) VALUES (95, 75, '2016-02-23', '3:00');
INSERT INTO public.appointment (patient_id, doctor_id, date, slot) VALUES (131, 35, '2017-05-10', '19:00');
INSERT INTO public.appointment (patient_id, doctor_id, date, slot) VALUES (254, 238, '2012-08-04', '23:00');
INSERT INTO public.appointment (patient_id, doctor_id, date, slot) VALUES (393, 77, '2017-08-10', '23:00');
INSERT INTO public.appointment (patient_id, doctor_id, date, slot) VALUES (345, 20, '2010-06-28', '15:00');
INSERT INTO public.appointment (patient_id, doctor_id, date, slot) VALUES (156, 238, '2019-08-17', '19:00');
INSERT INTO public.appointment (patient_id, doctor_id, date, slot) VALUES (393, 50, '2013-06-19', '19:00');
INSERT INTO public.appointment (patient_id, doctor_id, date, slot) VALUES (198, 293, '2019-06-24', '11:00');
INSERT INTO public.appointment (patient_id, doctor_id, date, slot) VALUES (214, 11, '2014-07-22', '8:00');
INSERT INTO public.appointment (patient_id, doctor_id, date, slot) VALUES (112, 35, '2019-10-06', '18:00');
INSERT INTO public.appointment (patient_id, doctor_id, date, slot) VALUES (125, 135, '2016-02-27', '11:00');
INSERT INTO public.appointment (patient_id, doctor_id, date, slot) VALUES (149, 50, '2018-10-22', '12:00');
INSERT INTO public.appointment (patient_id, doctor_id, date, slot) VALUES (275, 20, '2016-12-24', '20:00');
INSERT INTO public.appointment (patient_id, doctor_id, date, slot) VALUES (95, 98, '2011-05-12', '16:00');
INSERT INTO public.appointment (patient_id, doctor_id, date, slot) VALUES (275, 101, '2010-05-03', '4:00');
INSERT INTO public.appointment (patient_id, doctor_id, date, slot) VALUES (331, 238, '2016-08-11', '7:00');
INSERT INTO public.appointment (patient_id, doctor_id, date, slot) VALUES (359, 140, '2013-07-22', '2:00');
INSERT INTO public.appointment (patient_id, doctor_id, date, slot) VALUES (278, 310, '2019-08-23', '11:00');
INSERT INTO public.appointment (patient_id, doctor_id, date, slot) VALUES (214, 238, '2011-11-20', '17:00');
INSERT INTO public.appointment (patient_id, doctor_id, date, slot) VALUES (353, 75, '2013-01-12', '23:00');
INSERT INTO public.appointment (patient_id, doctor_id, date, slot) VALUES (131, 75, '2016-05-09', '14:00');
INSERT INTO public.appointment (patient_id, doctor_id, date, slot) VALUES (278, 91, '2010-04-13', '7:00');
INSERT INTO public.appointment (patient_id, doctor_id, date, slot) VALUES (181, 35, '2018-06-24', '13:00');
INSERT INTO public.appointment (patient_id, doctor_id, date, slot) VALUES (275, 103, '2017-06-20', '2:00');
INSERT INTO public.appointment (patient_id, doctor_id, date, slot) VALUES (79, 367, '2018-08-08', '1:00');
INSERT INTO public.appointment (patient_id, doctor_id, date, slot) VALUES (330, 310, '2013-06-14', '15:00');
INSERT INTO public.appointment (patient_id, doctor_id, date, slot) VALUES (381, 103, '2014-11-13', '3:00');
INSERT INTO public.appointment (patient_id, doctor_id, date, slot) VALUES (114, 98, '2012-11-09', '0:00');
INSERT INTO public.appointment (patient_id, doctor_id, date, slot) VALUES (390, 50, '2012-01-03', '11:00');
INSERT INTO public.appointment (patient_id, doctor_id, date, slot) VALUES (389, 98, '2016-05-24', '20:00');
INSERT INTO public.appointment (patient_id, doctor_id, date, slot) VALUES (330, 75, '2011-04-22', '9:00');
INSERT INTO public.appointment (patient_id, doctor_id, date, slot) VALUES (390, 378, '2016-06-25', '8:00');
INSERT INTO public.appointment (patient_id, doctor_id, date, slot) VALUES (131, 101, '2018-12-02', '23:00');
INSERT INTO public.appointment (patient_id, doctor_id, date, slot) VALUES (156, 50, '2014-07-10', '0:00');
INSERT INTO public.appointment (patient_id, doctor_id, date, slot) VALUES (79, 99, '2012-04-12', '22:00');
INSERT INTO public.appointment (patient_id, doctor_id, date, slot) VALUES (81, 99, '2014-10-02', '1:00');
INSERT INTO public.appointment (patient_id, doctor_id, date, slot) VALUES (53, 293, '2013-09-15', '5:00');
INSERT INTO public.appointment (patient_id, doctor_id, date, slot) VALUES (93, 103, '2010-03-14', '5:00');
INSERT INTO public.appointment (patient_id, doctor_id, date, slot) VALUES (17, 378, '2014-11-05', '12:00');
INSERT INTO public.appointment (patient_id, doctor_id, date, slot) VALUES (42, 11, '2016-05-01', '21:00');
INSERT INTO public.appointment (patient_id, doctor_id, date, slot) VALUES (284, 77, '2018-11-12', '15:00');
INSERT INTO public.appointment (patient_id, doctor_id, date, slot) VALUES (269, 103, '2010-07-23', '6:00');
INSERT INTO public.appointment (patient_id, doctor_id, date, slot) VALUES (7, 140, '2018-10-10', '21:00');
INSERT INTO public.appointment (patient_id, doctor_id, date, slot) VALUES (305, 140, '2013-06-04', '1:00');
INSERT INTO public.appointment (patient_id, doctor_id, date, slot) VALUES (156, 293, '2018-03-01', '19:00');
INSERT INTO public.appointment (patient_id, doctor_id, date, slot) VALUES (198, 77, '2018-09-23', '7:00');
INSERT INTO public.appointment (patient_id, doctor_id, date, slot) VALUES (393, 102, '2014-02-07', '15:00');
INSERT INTO public.appointment (patient_id, doctor_id, date, slot) VALUES (156, 99, '2018-10-09', '13:00');
INSERT INTO public.appointment (patient_id, doctor_id, date, slot) VALUES (156, 98, '2014-12-28', '8:00');
INSERT INTO public.appointment (patient_id, doctor_id, date, slot) VALUES (93, 101, '2010-09-21', '18:00');
INSERT INTO public.appointment (patient_id, doctor_id, date, slot) VALUES (348, 98, '2015-04-12', '14:00');
INSERT INTO public.appointment (patient_id, doctor_id, date, slot) VALUES (254, 50, '2012-12-07', '1:00');
INSERT INTO public.appointment (patient_id, doctor_id, date, slot) VALUES (156, 35, '2019-01-06', '21:00');
INSERT INTO public.appointment (patient_id, doctor_id, date, slot) VALUES (345, 98, '2011-04-03', '5:00');
INSERT INTO public.appointment (patient_id, doctor_id, date, slot) VALUES (156, 102, '2013-10-23', '9:00');
INSERT INTO public.appointment (patient_id, doctor_id, date, slot) VALUES (389, 293, '2013-02-02', '11:00');
INSERT INTO public.appointment (patient_id, doctor_id, date, slot) VALUES (345, 135, '2017-03-12', '18:00');
INSERT INTO public.appointment (patient_id, doctor_id, date, slot) VALUES (125, 103, '2010-09-28', '23:00');
INSERT INTO public.appointment (patient_id, doctor_id, date, slot) VALUES (348, 135, '2014-05-16', '12:00');
INSERT INTO public.appointment (patient_id, doctor_id, date, slot) VALUES (348, 101, '2018-12-21', '5:00');
INSERT INTO public.appointment (patient_id, doctor_id, date, slot) VALUES (381, 102, '2012-05-17', '11:00');
INSERT INTO public.appointment (patient_id, doctor_id, date, slot) VALUES (389, 310, '2010-10-07', '14:00');
INSERT INTO public.appointment (patient_id, doctor_id, date, slot) VALUES (198, 20, '2012-02-22', '7:00');
INSERT INTO public.appointment (patient_id, doctor_id, date, slot) VALUES (393, 91, '2017-12-17', '22:00');
INSERT INTO public.appointment (patient_id, doctor_id, date, slot) VALUES (278, 102, '2016-09-05', '16:00');
INSERT INTO public.appointment (patient_id, doctor_id, date, slot) VALUES (348, 101, '2011-11-06', '9:00');
INSERT INTO public.appointment (patient_id, doctor_id, date, slot) VALUES (275, 310, '2019-04-07', '18:00');
INSERT INTO public.appointment (patient_id, doctor_id, date, slot) VALUES (95, 135, '2013-12-15', '6:00');
INSERT INTO public.appointment (patient_id, doctor_id, date, slot) VALUES (328, 102, '2012-03-15', '13:00');
INSERT INTO public.appointment (patient_id, doctor_id, date, slot) VALUES (27, 103, '2010-03-20', '17:00');
INSERT INTO public.appointment (patient_id, doctor_id, date, slot) VALUES (278, 101, '2014-05-03', '20:00');
INSERT INTO public.appointment (patient_id, doctor_id, date, slot) VALUES (327, 50, '2018-04-28', '17:00');
INSERT INTO public.appointment (patient_id, doctor_id, date, slot) VALUES (275, 238, '2015-01-14', '1:00');
INSERT INTO public.appointment (patient_id, doctor_id, date, slot) VALUES (278, 367, '2018-10-27', '8:00');
INSERT INTO public.appointment (patient_id, doctor_id, date, slot) VALUES (330, 50, '2013-04-17', '4:00');
INSERT INTO public.appointment (patient_id, doctor_id, date, slot) VALUES (359, 91, '2018-05-02', '22:00');
INSERT INTO public.appointment (patient_id, doctor_id, date, slot) VALUES (17, 11, '2017-01-13', '16:00');
INSERT INTO public.appointment (patient_id, doctor_id, date, slot) VALUES (42, 102, '2012-12-04', '16:00');
INSERT INTO public.appointment (patient_id, doctor_id, date, slot) VALUES (114, 91, '2019-10-10', '4:00');
INSERT INTO public.appointment (patient_id, doctor_id, date, slot) VALUES (112, 91, '2018-07-25', '17:00');
INSERT INTO public.appointment (patient_id, doctor_id, date, slot) VALUES (156, 50, '2014-03-17', '5:00');
INSERT INTO public.appointment (patient_id, doctor_id, date, slot) VALUES (149, 140, '2013-12-28', '11:00');
INSERT INTO public.appointment (patient_id, doctor_id, date, slot) VALUES (331, 91, '2014-02-12', '20:00');
INSERT INTO public.appointment (patient_id, doctor_id, date, slot) VALUES (93, 50, '2010-11-27', '20:00');
INSERT INTO public.appointment (patient_id, doctor_id, date, slot) VALUES (330, 140, '2018-06-04', '7:00');
INSERT INTO public.appointment (patient_id, doctor_id, date, slot) VALUES (146, 50, '2019-04-14', '6:00');
INSERT INTO public.appointment (patient_id, doctor_id, date, slot) VALUES (345, 16, '2015-01-05', '9:00');
INSERT INTO public.appointment (patient_id, doctor_id, date, slot) VALUES (198, 293, '2016-07-04', '13:00');
INSERT INTO public.appointment (patient_id, doctor_id, date, slot) VALUES (331, 20, '2015-02-24', '1:00');
INSERT INTO public.appointment (patient_id, doctor_id, date, slot) VALUES (327, 140, '2018-08-16', '14:00');
INSERT INTO public.appointment (patient_id, doctor_id, date, slot) VALUES (390, 11, '2010-11-28', '17:00');
INSERT INTO public.appointment (patient_id, doctor_id, date, slot) VALUES (42, 16, '2013-10-25', '12:00');
INSERT INTO public.appointment (patient_id, doctor_id, date, slot) VALUES (125, 101, '2017-07-19', '11:00');
INSERT INTO public.appointment (patient_id, doctor_id, date, slot) VALUES (275, 11, '2018-03-28', '19:00');
INSERT INTO public.appointment (patient_id, doctor_id, date, slot) VALUES (198, 11, '2013-05-01', '10:00');
INSERT INTO public.appointment (patient_id, doctor_id, date, slot) VALUES (198, 378, '2015-09-28', '20:00');
INSERT INTO public.appointment (patient_id, doctor_id, date, slot) VALUES (389, 103, '2019-08-26', '13:00');
INSERT INTO public.appointment (patient_id, doctor_id, date, slot) VALUES (169, 310, '2014-07-15', '21:00');
INSERT INTO public.appointment (patient_id, doctor_id, date, slot) VALUES (130, 50, '2010-12-05', '4:00');
INSERT INTO public.appointment (patient_id, doctor_id, date, slot) VALUES (278, 102, '2012-07-05', '16:00');
INSERT INTO public.appointment (patient_id, doctor_id, date, slot) VALUES (305, 98, '2011-02-03', '22:00');
INSERT INTO public.appointment (patient_id, doctor_id, date, slot) VALUES (17, 135, '2011-04-06', '22:00');
INSERT INTO public.appointment (patient_id, doctor_id, date, slot) VALUES (214, 135, '2017-12-09', '10:00');
INSERT INTO public.appointment (patient_id, doctor_id, date, slot) VALUES (305, 258, '2019-12-20', '5:00');
INSERT INTO public.appointment (patient_id, doctor_id, date, slot) VALUES (328, 98, '2017-09-24', '20:00');
INSERT INTO public.appointment (patient_id, doctor_id, date, slot) VALUES (114, 367, '2019-03-06', '6:00');
INSERT INTO public.appointment (patient_id, doctor_id, date, slot) VALUES (169, 91, '2012-12-24', '0:00');
INSERT INTO public.appointment (patient_id, doctor_id, date, slot) VALUES (114, 238, '2019-11-15', '10:00');
INSERT INTO public.appointment (patient_id, doctor_id, date, slot) VALUES (254, 135, '2015-01-21', '19:00');
INSERT INTO public.appointment (patient_id, doctor_id, date, slot) VALUES (359, 16, '2019-06-08', '21:00');
INSERT INTO public.appointment (patient_id, doctor_id, date, slot) VALUES (156, 367, '2017-11-14', '14:00');
INSERT INTO public.appointment (patient_id, doctor_id, date, slot) VALUES (214, 140, '2012-09-10', '5:00');
INSERT INTO public.appointment (patient_id, doctor_id, date, slot) VALUES (79, 75, '2016-05-11', '21:00');
INSERT INTO public.appointment (patient_id, doctor_id, date, slot) VALUES (125, 16, '2014-11-11', '6:00');
INSERT INTO public.appointment (patient_id, doctor_id, date, slot) VALUES (17, 103, '2016-10-18', '21:00');
INSERT INTO public.appointment (patient_id, doctor_id, date, slot) VALUES (345, 101, '2011-05-27', '17:00');
INSERT INTO public.appointment (patient_id, doctor_id, date, slot) VALUES (389, 101, '2016-10-15', '14:00');
INSERT INTO public.appointment (patient_id, doctor_id, date, slot) VALUES (149, 91, '2019-05-27', '13:00');
INSERT INTO public.appointment (patient_id, doctor_id, date, slot) VALUES (114, 310, '2011-08-11', '1:00');
INSERT INTO public.appointment (patient_id, doctor_id, date, slot) VALUES (181, 77, '2015-07-19', '7:00');
INSERT INTO public.appointment (patient_id, doctor_id, date, slot) VALUES (348, 20, '2019-08-05', '0:00');
INSERT INTO public.appointment (patient_id, doctor_id, date, slot) VALUES (95, 135, '2018-07-11', '10:00');
INSERT INTO public.appointment (patient_id, doctor_id, date, slot) VALUES (331, 50, '2011-04-21', '13:00');
INSERT INTO public.appointment (patient_id, doctor_id, date, slot) VALUES (156, 16, '2012-11-02', '11:00');
INSERT INTO public.appointment (patient_id, doctor_id, date, slot) VALUES (146, 258, '2017-03-15', '0:00');
INSERT INTO public.appointment (patient_id, doctor_id, date, slot) VALUES (125, 20, '2015-06-22', '1:00');
INSERT INTO public.appointment (patient_id, doctor_id, date, slot) VALUES (181, 102, '2018-11-25', '12:00');
INSERT INTO public.appointment (patient_id, doctor_id, date, slot) VALUES (330, 91, '2017-02-20', '7:00');
INSERT INTO public.appointment (patient_id, doctor_id, date, slot) VALUES (353, 99, '2012-02-15', '13:00');
INSERT INTO public.appointment (patient_id, doctor_id, date, slot) VALUES (393, 75, '2015-03-26', '16:00');
INSERT INTO public.appointment (patient_id, doctor_id, date, slot) VALUES (359, 367, '2013-11-26', '18:00');
INSERT INTO public.appointment (patient_id, doctor_id, date, slot) VALUES (254, 16, '2010-06-23', '6:00');
INSERT INTO public.appointment (patient_id, doctor_id, date, slot) VALUES (95, 310, '2011-02-14', '4:00');
INSERT INTO public.appointment (patient_id, doctor_id, date, slot) VALUES (214, 16, '2018-12-21', '14:00');
INSERT INTO public.appointment (patient_id, doctor_id, date, slot) VALUES (125, 378, '2015-11-20', '20:00');
INSERT INTO public.appointment (patient_id, doctor_id, date, slot) VALUES (353, 103, '2011-11-07', '1:00');
INSERT INTO public.appointment (patient_id, doctor_id, date, slot) VALUES (330, 103, '2010-10-04', '8:00');
INSERT INTO public.appointment (patient_id, doctor_id, date, slot) VALUES (27, 102, '2010-03-19', '23:00');
INSERT INTO public.appointment (patient_id, doctor_id, date, slot) VALUES (278, 310, '2016-11-11', '4:00');
INSERT INTO public.appointment (patient_id, doctor_id, date, slot) VALUES (393, 258, '2015-12-06', '0:00');
INSERT INTO public.appointment (patient_id, doctor_id, date, slot) VALUES (149, 367, '2017-10-28', '11:00');
INSERT INTO public.appointment (patient_id, doctor_id, date, slot) VALUES (81, 91, '2016-03-25', '2:00');
INSERT INTO public.appointment (patient_id, doctor_id, date, slot) VALUES (181, 50, '2016-02-07', '19:00');
INSERT INTO public.appointment (patient_id, doctor_id, date, slot) VALUES (303, 258, '2011-10-20', '13:00');
INSERT INTO public.appointment (patient_id, doctor_id, date, slot) VALUES (328, 77, '2017-04-13', '19:00');
INSERT INTO public.appointment (patient_id, doctor_id, date, slot) VALUES (390, 77, '2010-05-20', '6:00');
INSERT INTO public.appointment (patient_id, doctor_id, date, slot) VALUES (254, 367, '2010-09-03', '16:00');
INSERT INTO public.appointment (patient_id, doctor_id, date, slot) VALUES (345, 103, '2017-08-05', '4:00');
INSERT INTO public.appointment (patient_id, doctor_id, date, slot) VALUES (303, 310, '2016-03-04', '4:00');
INSERT INTO public.appointment (patient_id, doctor_id, date, slot) VALUES (303, 99, '2017-08-18', '5:00');
INSERT INTO public.appointment (patient_id, doctor_id, date, slot) VALUES (17, 16, '2014-10-03', '15:00');
INSERT INTO public.appointment (patient_id, doctor_id, date, slot) VALUES (125, 35, '2013-03-07', '19:00');
INSERT INTO public.appointment (patient_id, doctor_id, date, slot) VALUES (275, 35, '2016-03-01', '19:00');
INSERT INTO public.appointment (patient_id, doctor_id, date, slot) VALUES (390, 258, '2015-03-26', '9:00');
INSERT INTO public.appointment (patient_id, doctor_id, date, slot) VALUES (17, 140, '2018-07-14', '7:00');
INSERT INTO public.appointment (patient_id, doctor_id, date, slot) VALUES (156, 135, '2013-02-04', '20:00');
INSERT INTO public.appointment (patient_id, doctor_id, date, slot) VALUES (328, 103, '2012-05-14', '5:00');
INSERT INTO public.appointment (patient_id, doctor_id, date, slot) VALUES (156, 16, '2012-01-22', '19:00');
INSERT INTO public.appointment (patient_id, doctor_id, date, slot) VALUES (125, 77, '2018-03-20', '2:00');
INSERT INTO public.appointment (patient_id, doctor_id, date, slot) VALUES (359, 50, '2013-02-22', '5:00');
INSERT INTO public.appointment (patient_id, doctor_id, date, slot) VALUES (93, 367, '2013-11-03', '21:00');
INSERT INTO public.appointment (patient_id, doctor_id, date, slot) VALUES (353, 367, '2012-12-05', '14:00');
INSERT INTO public.appointment (patient_id, doctor_id, date, slot) VALUES (390, 77, '2018-04-25', '8:00');
INSERT INTO public.appointment (patient_id, doctor_id, date, slot) VALUES (156, 91, '2019-03-19', '9:00');
INSERT INTO public.appointment (patient_id, doctor_id, date, slot) VALUES (278, 238, '2018-06-07', '4:00');
INSERT INTO public.appointment (patient_id, doctor_id, date, slot) VALUES (381, 378, '2017-07-04', '19:00');
INSERT INTO public.appointment (patient_id, doctor_id, date, slot) VALUES (181, 258, '2012-04-15', '5:00');
INSERT INTO public.appointment (patient_id, doctor_id, date, slot) VALUES (156, 367, '2012-01-23', '17:00');
INSERT INTO public.appointment (patient_id, doctor_id, date, slot) VALUES (269, 50, '2012-11-06', '11:00');
INSERT INTO public.appointment (patient_id, doctor_id, date, slot) VALUES (284, 91, '2013-04-13', '9:00');
INSERT INTO public.appointment (patient_id, doctor_id, date, slot) VALUES (348, 91, '2011-06-18', '11:00');
INSERT INTO public.appointment (patient_id, doctor_id, date, slot) VALUES (254, 50, '2015-05-02', '8:00');
INSERT INTO public.appointment (patient_id, doctor_id, date, slot) VALUES (331, 35, '2015-11-11', '23:00');
INSERT INTO public.appointment (patient_id, doctor_id, date, slot) VALUES (130, 77, '2012-10-14', '0:00');
INSERT INTO public.appointment (patient_id, doctor_id, date, slot) VALUES (254, 98, '2019-06-12', '17:00');
INSERT INTO public.appointment (patient_id, doctor_id, date, slot) VALUES (331, 258, '2018-05-02', '14:00');
INSERT INTO public.appointment (patient_id, doctor_id, date, slot) VALUES (7, 293, '2013-04-15', '12:00');
INSERT INTO public.appointment (patient_id, doctor_id, date, slot) VALUES (389, 101, '2013-01-28', '20:00');
INSERT INTO public.appointment (patient_id, doctor_id, date, slot) VALUES (269, 50, '2019-03-01', '11:00');
INSERT INTO public.appointment (patient_id, doctor_id, date, slot) VALUES (53, 102, '2019-08-07', '13:00');
INSERT INTO public.appointment (patient_id, doctor_id, date, slot) VALUES (330, 91, '2015-05-15', '11:00');
INSERT INTO public.appointment (patient_id, doctor_id, date, slot) VALUES (254, 103, '2013-08-01', '5:00');
INSERT INTO public.appointment (patient_id, doctor_id, date, slot) VALUES (330, 310, '2010-09-16', '23:00');
INSERT INTO public.appointment (patient_id, doctor_id, date, slot) VALUES (42, 16, '2017-08-18', '7:00');
INSERT INTO public.appointment (patient_id, doctor_id, date, slot) VALUES (284, 16, '2011-01-23', '5:00');
INSERT INTO public.appointment (patient_id, doctor_id, date, slot) VALUES (131, 20, '2017-11-05', '2:00');
INSERT INTO public.appointment (patient_id, doctor_id, date, slot) VALUES (275, 99, '2019-12-04', '17:00');
INSERT INTO public.appointment (patient_id, doctor_id, date, slot) VALUES (130, 91, '2015-06-22', '9:00');
INSERT INTO public.appointment (patient_id, doctor_id, date, slot) VALUES (254, 258, '2019-02-04', '9:00');
INSERT INTO public.appointment (patient_id, doctor_id, date, slot) VALUES (390, 99, '2013-03-02', '22:00');
INSERT INTO public.appointment (patient_id, doctor_id, date, slot) VALUES (330, 35, '2017-04-11', '17:00');
INSERT INTO public.appointment (patient_id, doctor_id, date, slot) VALUES (269, 75, '2016-11-13', '16:00');
INSERT INTO public.appointment (patient_id, doctor_id, date, slot) VALUES (359, 310, '2010-08-06', '19:00');
INSERT INTO public.appointment (patient_id, doctor_id, date, slot) VALUES (345, 99, '2018-06-19', '11:00');
INSERT INTO public.appointment (patient_id, doctor_id, date, slot) VALUES (42, 35, '2013-09-11', '3:00');
INSERT INTO public.appointment (patient_id, doctor_id, date, slot) VALUES (125, 16, '2011-10-04', '16:00');
INSERT INTO public.appointment (patient_id, doctor_id, date, slot) VALUES (156, 11, '2010-04-11', '3:00');
INSERT INTO public.appointment (patient_id, doctor_id, date, slot) VALUES (214, 91, '2012-01-13', '0:00');
INSERT INTO public.appointment (patient_id, doctor_id, date, slot) VALUES (305, 98, '2019-10-03', '5:00');
INSERT INTO public.appointment (patient_id, doctor_id, date, slot) VALUES (53, 77, '2011-03-07', '22:00');
INSERT INTO public.appointment (patient_id, doctor_id, date, slot) VALUES (381, 50, '2018-01-06', '10:00');
INSERT INTO public.appointment (patient_id, doctor_id, date, slot) VALUES (93, 98, '2017-03-25', '12:00');
INSERT INTO public.appointment (patient_id, doctor_id, date, slot) VALUES (353, 135, '2014-02-12', '10:00');
INSERT INTO public.appointment (patient_id, doctor_id, date, slot) VALUES (284, 50, '2015-12-15', '12:00');
INSERT INTO public.appointment (patient_id, doctor_id, date, slot) VALUES (181, 102, '2011-03-08', '5:00');
INSERT INTO public.appointment (patient_id, doctor_id, date, slot) VALUES (381, 98, '2010-04-11', '2:00');
INSERT INTO public.appointment (patient_id, doctor_id, date, slot) VALUES (275, 77, '2014-04-05', '8:00');
INSERT INTO public.appointment (patient_id, doctor_id, date, slot) VALUES (278, 102, '2013-08-22', '9:00');
INSERT INTO public.appointment (patient_id, doctor_id, date, slot) VALUES (17, 293, '2018-09-10', '21:00');
INSERT INTO public.appointment (patient_id, doctor_id, date, slot) VALUES (389, 238, '2012-05-04', '1:00');
INSERT INTO public.appointment (patient_id, doctor_id, date, slot) VALUES (93, 238, '2011-07-19', '21:00');
INSERT INTO public.appointment (patient_id, doctor_id, date, slot) VALUES (359, 16, '2017-09-05', '19:00');
INSERT INTO public.appointment (patient_id, doctor_id, date, slot) VALUES (149, 135, '2017-03-11', '0:00');
INSERT INTO public.appointment (patient_id, doctor_id, date, slot) VALUES (284, 11, '2017-01-11', '15:00');
INSERT INTO public.appointment (patient_id, doctor_id, date, slot) VALUES (278, 238, '2010-01-05', '16:00');
INSERT INTO public.appointment (patient_id, doctor_id, date, slot) VALUES (389, 310, '2014-10-05', '8:00');
INSERT INTO public.appointment (patient_id, doctor_id, date, slot) VALUES (393, 140, '2013-11-11', '14:00');
INSERT INTO public.appointment (patient_id, doctor_id, date, slot) VALUES (149, 16, '2015-02-25', '17:00');
INSERT INTO public.appointment (patient_id, doctor_id, date, slot) VALUES (214, 16, '2016-04-28', '7:00');
INSERT INTO public.appointment (patient_id, doctor_id, date, slot) VALUES (27, 50, '2017-10-14', '13:00');
INSERT INTO public.appointment (patient_id, doctor_id, date, slot) VALUES (389, 75, '2010-09-04', '13:00');
INSERT INTO public.appointment (patient_id, doctor_id, date, slot) VALUES (93, 103, '2017-09-16', '10:00');
INSERT INTO public.appointment (patient_id, doctor_id, date, slot) VALUES (390, 91, '2015-06-23', '19:00');
INSERT INTO public.appointment (patient_id, doctor_id, date, slot) VALUES (149, 310, '2016-10-08', '18:00');
INSERT INTO public.appointment (patient_id, doctor_id, date, slot) VALUES (114, 310, '2018-03-24', '0:00');
INSERT INTO public.appointment (patient_id, doctor_id, date, slot) VALUES (305, 258, '2012-08-11', '19:00');
INSERT INTO public.appointment (patient_id, doctor_id, date, slot) VALUES (112, 98, '2019-06-28', '10:00');
INSERT INTO public.appointment (patient_id, doctor_id, date, slot) VALUES (393, 238, '2018-04-18', '11:00');
INSERT INTO public.appointment (patient_id, doctor_id, date, slot) VALUES (331, 102, '2010-02-16', '5:00');
INSERT INTO public.appointment (patient_id, doctor_id, date, slot) VALUES (93, 140, '2016-02-16', '2:00');
INSERT INTO public.appointment (patient_id, doctor_id, date, slot) VALUES (149, 77, '2017-05-22', '8:00');
INSERT INTO public.appointment (patient_id, doctor_id, date, slot) VALUES (393, 75, '2013-11-05', '14:00');
INSERT INTO public.appointment (patient_id, doctor_id, date, slot) VALUES (53, 77, '2019-04-13', '15:00');
INSERT INTO public.appointment (patient_id, doctor_id, date, slot) VALUES (393, 140, '2011-02-06', '19:00');
INSERT INTO public.appointment (patient_id, doctor_id, date, slot) VALUES (359, 378, '2010-02-12', '14:00');
INSERT INTO public.appointment (patient_id, doctor_id, date, slot) VALUES (393, 91, '2010-09-22', '1:00');
INSERT INTO public.appointment (patient_id, doctor_id, date, slot) VALUES (169, 238, '2019-08-04', '14:00');
INSERT INTO public.appointment (patient_id, doctor_id, date, slot) VALUES (169, 75, '2019-08-04', '13:00');
INSERT INTO public.appointment (patient_id, doctor_id, date, slot) VALUES (169, 75, '2019-11-25', '8:00');
INSERT INTO public.appointment (patient_id, doctor_id, date, slot) VALUES (169, 75, '2019-11-18', '8:00');
INSERT INTO public.appointment (patient_id, doctor_id, date, slot) VALUES (169, 75, '2019-11-11', '8:00');
INSERT INTO public.appointment (patient_id, doctor_id, date, slot) VALUES (169, 75, '2019-11-04', '8:00');
INSERT INTO public.appointment (patient_id, doctor_id, date, slot) VALUES (169, 75, '2019-11-01', '8:00');
INSERT INTO public.appointment (patient_id, doctor_id, date, slot) VALUES (169, 75, '2019-10-27', '8:00');
INSERT INTO public.appointment (patient_id, doctor_id, date, slot) VALUES (169, 101, '2019-11-25', '9:00');
INSERT INTO public.appointment (patient_id, doctor_id, date, slot) VALUES (169, 101, '2019-11-18', '9:00');
INSERT INTO public.appointment (patient_id, doctor_id, date, slot) VALUES (169, 101, '2019-11-11', '9:00');
INSERT INTO public.appointment (patient_id, doctor_id, date, slot) VALUES (169, 101, '2019-11-04', '9:00');
INSERT INTO public.appointment (patient_id, doctor_id, date, slot) VALUES (169, 101, '2019-11-01', '9:00');
INSERT INTO public.appointment (patient_id, doctor_id, date, slot) VALUES (169, 101, '2019-10-27', '9:00');
INSERT INTO public.bill (id, issued_date, seller_id, patient_id) VALUES (159, '2021-01-13', 397, 17);
INSERT INTO public.bill (id, issued_date, seller_id, patient_id) VALUES (160, '2019-12-01', 223, 327);
INSERT INTO public.bill (id, issued_date, seller_id, patient_id) VALUES (161, '2021-02-27', 73, 7);
INSERT INTO public.bill (id, issued_date, seller_id, patient_id) VALUES (162, '2019-04-02', 397, 156);
INSERT INTO public.bill (id, issued_date, seller_id, patient_id) VALUES (163, '2019-08-05', 143, 125);
INSERT INTO public.bill (id, issued_date, seller_id, patient_id) VALUES (164, '2020-06-13', 318, 348);
INSERT INTO public.bill (id, issued_date, seller_id, patient_id) VALUES (165, '2021-08-06', 85, 303);
INSERT INTO public.bill (id, issued_date, seller_id, patient_id) VALUES (166, '2020-05-19', 132, 359);
INSERT INTO public.bill (id, issued_date, seller_id, patient_id) VALUES (167, '2020-12-07', 201, 269);
INSERT INTO public.bill (id, issued_date, seller_id, patient_id) VALUES (168, '2022-03-20', 201, 130);
INSERT INTO public.bill (id, issued_date, seller_id, patient_id) VALUES (169, '2021-11-13', 223, 393);
INSERT INTO public.bill (id, issued_date, seller_id, patient_id) VALUES (170, '2022-09-17', 315, 95);
INSERT INTO public.bill (id, issued_date, seller_id, patient_id) VALUES (171, '2020-06-02', 165, 327);
INSERT INTO public.bill (id, issued_date, seller_id, patient_id) VALUES (172, '2019-03-10', 201, 345);
INSERT INTO public.bill (id, issued_date, seller_id, patient_id) VALUES (173, '2022-04-13', 165, 79);
INSERT INTO public.bill (id, issued_date, seller_id, patient_id) VALUES (174, '2021-04-05', 19, 149);
INSERT INTO public.bill (id, issued_date, seller_id, patient_id) VALUES (175, '2022-01-24', 85, 269);
INSERT INTO public.bill (id, issued_date, seller_id, patient_id) VALUES (176, '2019-06-08', 119, 381);
INSERT INTO public.bill (id, issued_date, seller_id, patient_id) VALUES (177, '2022-11-08', 143, 146);
INSERT INTO public.bill (id, issued_date, seller_id, patient_id) VALUES (178, '2022-12-28', 226, 390);
INSERT INTO public.bill (id, issued_date, seller_id, patient_id) VALUES (179, '2021-07-13', 251, 125);
INSERT INTO public.bill (id, issued_date, seller_id, patient_id) VALUES (180, '2020-08-15', 279, 393);
INSERT INTO public.bill (id, issued_date, seller_id, patient_id) VALUES (181, '2020-03-12', 351, 130);
INSERT INTO public.bill (id, issued_date, seller_id, patient_id) VALUES (182, '2019-03-28', 141, 390);
INSERT INTO public.bill (id, issued_date, seller_id, patient_id) VALUES (183, '2020-01-11', 132, 393);
INSERT INTO public.bill (id, issued_date, seller_id, patient_id) VALUES (184, '2021-04-01', 315, 198);
INSERT INTO public.bill (id, issued_date, seller_id, patient_id) VALUES (185, '2020-05-25', 19, 393);
INSERT INTO public.bill (id, issued_date, seller_id, patient_id) VALUES (186, '2021-09-07', 223, 114);
INSERT INTO public.bill (id, issued_date, seller_id, patient_id) VALUES (187, '2020-06-10', 395, 53);
INSERT INTO public.bill (id, issued_date, seller_id, patient_id) VALUES (188, '2019-03-18', 226, 81);
INSERT INTO public.bill (id, issued_date, seller_id, patient_id) VALUES (189, '2022-01-03', 226, 275);
INSERT INTO public.bill (id, issued_date, seller_id, patient_id) VALUES (190, '2021-05-28', 315, 114);
INSERT INTO public.bill (id, issued_date, seller_id, patient_id) VALUES (191, '2020-08-02', 276, 131);
INSERT INTO public.bill (id, issued_date, seller_id, patient_id) VALUES (192, '2021-10-24', 165, 81);
INSERT INTO public.bill (id, issued_date, seller_id, patient_id) VALUES (193, '2019-06-16', 223, 27);
INSERT INTO public.bill (id, issued_date, seller_id, patient_id) VALUES (194, '2022-12-04', 395, 181);
INSERT INTO public.bill (id, issued_date, seller_id, patient_id) VALUES (195, '2021-11-16', 251, 254);
INSERT INTO public.bill (id, issued_date, seller_id, patient_id) VALUES (196, '2022-06-12', 119, 42);
INSERT INTO public.bill (id, issued_date, seller_id, patient_id) VALUES (197, '2021-12-10', 251, 327);
INSERT INTO public.bill (id, issued_date, seller_id, patient_id) VALUES (198, '2019-10-27', 143, 53);
INSERT INTO public.bill (id, issued_date, seller_id, patient_id) VALUES (199, '2019-12-04', 318, 284);
INSERT INTO public.bill (id, issued_date, seller_id, patient_id) VALUES (200, '2020-03-28', 73, 181);
INSERT INTO public.bill (id, issued_date, seller_id, patient_id) VALUES (201, '2020-11-01', 223, 278);
INSERT INTO public.bill (id, issued_date, seller_id, patient_id) VALUES (202, '2019-11-01', 251, 79);
INSERT INTO public.bill (id, issued_date, seller_id, patient_id) VALUES (203, '2020-08-14', 315, 169);
INSERT INTO public.bill (id, issued_date, seller_id, patient_id) VALUES (204, '2022-01-02', 395, 95);
INSERT INTO public.bill (id, issued_date, seller_id, patient_id) VALUES (205, '2022-11-23', 397, 125);
INSERT INTO public.bill (id, issued_date, seller_id, patient_id) VALUES (206, '2020-12-27', 19, 42);
INSERT INTO public.bill (id, issued_date, seller_id, patient_id) VALUES (207, '2021-09-13', 361, 381);
INSERT INTO public.bill (id, issued_date, seller_id, patient_id) VALUES (208, '2022-09-09', 119, 146);
INSERT INTO public.bill (id, issued_date, seller_id, patient_id) VALUES (209, '2022-10-04', 397, 149);
INSERT INTO public.bill (id, issued_date, seller_id, patient_id) VALUES (210, '2020-07-08', 226, 27);
INSERT INTO public.bill (id, issued_date, seller_id, patient_id) VALUES (211, '2020-08-27', 223, 330);
INSERT INTO public.bill (id, issued_date, seller_id, patient_id) VALUES (212, '2022-09-01', 153, 284);
INSERT INTO public.bill (id, issued_date, seller_id, patient_id) VALUES (213, '2021-03-11', 323, 305);
INSERT INTO public.bill (id, issued_date, seller_id, patient_id) VALUES (214, '2020-08-19', 318, 27);
INSERT INTO public.bill (id, issued_date, seller_id, patient_id) VALUES (215, '2020-09-05', 318, 53);
INSERT INTO public.bill (id, issued_date, seller_id, patient_id) VALUES (216, '2019-05-21', 226, 7);
INSERT INTO public.bill (id, issued_date, seller_id, patient_id) VALUES (217, '2019-08-25', 165, 7);
INSERT INTO public.bill (id, issued_date, seller_id, patient_id) VALUES (218, '2022-05-02', 227, 114);
INSERT INTO public.bill (id, issued_date, seller_id, patient_id) VALUES (219, '2022-05-12', 132, 114);
INSERT INTO public.bill (id, issued_date, seller_id, patient_id) VALUES (220, '2019-03-28', 397, 214);
INSERT INTO public.bill (id, issued_date, seller_id, patient_id) VALUES (221, '2019-01-22', 141, 131);
INSERT INTO public.bill (id, issued_date, seller_id, patient_id) VALUES (222, '2019-03-09', 143, 303);
INSERT INTO public.bill (id, issued_date, seller_id, patient_id) VALUES (223, '2021-09-02', 19, 156);
INSERT INTO public.bill (id, issued_date, seller_id, patient_id) VALUES (224, '2020-05-24', 279, 303);
INSERT INTO public.bill (id, issued_date, seller_id, patient_id) VALUES (225, '2021-08-23', 397, 130);
INSERT INTO public.bill (id, issued_date, seller_id, patient_id) VALUES (226, '2019-12-04', 227, 330);
INSERT INTO public.bill (id, issued_date, seller_id, patient_id) VALUES (227, '2022-07-15', 395, 303);
INSERT INTO public.bill (id, issued_date, seller_id, patient_id) VALUES (228, '2022-02-14', 119, 149);
INSERT INTO public.bill (id, issued_date, seller_id, patient_id) VALUES (229, '2021-11-09', 351, 93);
INSERT INTO public.bill (id, issued_date, seller_id, patient_id) VALUES (230, '2021-02-14', 351, 17);
INSERT INTO public.bill (id, issued_date, seller_id, patient_id) VALUES (231, '2020-03-19', 201, 149);
INSERT INTO public.bill (id, issued_date, seller_id, patient_id) VALUES (232, '2022-07-27', 276, 130);
INSERT INTO public.bill (id, issued_date, seller_id, patient_id) VALUES (233, '2020-10-23', 279, 328);
INSERT INTO public.bill (id, issued_date, seller_id, patient_id) VALUES (234, '2021-06-24', 205, 389);
INSERT INTO public.bill (id, issued_date, seller_id, patient_id) VALUES (235, '2019-08-22', 76, 169);
INSERT INTO public.bill (id, issued_date, seller_id, patient_id) VALUES (236, '2021-06-21', 227, 345);
INSERT INTO public.bill (id, issued_date, seller_id, patient_id) VALUES (237, '2021-03-23', 318, 181);
INSERT INTO public.billcontainsdrugs (bill_id, drug_id, quantity) VALUES (202, 10, 3);
INSERT INTO public.billcontainsdrugs (bill_id, drug_id, quantity) VALUES (202, 11, 2);
INSERT INTO public.billcontainsdrugs (bill_id, drug_id, quantity) VALUES (202, 9, 2);
INSERT INTO public.billcontainsdrugs (bill_id, drug_id, quantity) VALUES (188, 10, 2);
INSERT INTO public.billcontainsdrugs (bill_id, drug_id, quantity) VALUES (188, 11, 2);
INSERT INTO public.billcontainsdrugs (bill_id, drug_id, quantity) VALUES (188, 12, 2);
INSERT INTO public.billcontainsdrugs (bill_id, drug_id, quantity) VALUES (198, 11, 2);
INSERT INTO public.billcontainsdrugs (bill_id, drug_id, quantity) VALUES (198, 12, 3);
INSERT INTO public.billcontainsdrugs (bill_id, drug_id, quantity) VALUES (198, 9, 3);
INSERT INTO public.billcontainsdrugs (bill_id, drug_id, quantity) VALUES (176, 12, 1);
INSERT INTO public.billcontainsdrugs (bill_id, drug_id, quantity) VALUES (176, 11, 1);
INSERT INTO public.billcontainsdrugs (bill_id, drug_id, quantity) VALUES (176, 10, 1);
INSERT INTO public.billcontainsdrugs (bill_id, drug_id, quantity) VALUES (215, 11, 2);
INSERT INTO public.billcontainsdrugs (bill_id, drug_id, quantity) VALUES (215, 10, 1);
INSERT INTO public.billcontainsdrugs (bill_id, drug_id, quantity) VALUES (215, 12, 1);
INSERT INTO public.billcontainsdrugs (bill_id, drug_id, quantity) VALUES (224, 11, 1);
INSERT INTO public.billcontainsdrugs (bill_id, drug_id, quantity) VALUES (224, 10, 1);
INSERT INTO public.billcontainsdrugs (bill_id, drug_id, quantity) VALUES (224, 9, 1);
INSERT INTO public.billcontainsdrugs (bill_id, drug_id, quantity) VALUES (224, 12, 1);
INSERT INTO public.billcontainsdrugs (bill_id, drug_id, quantity) VALUES (196, 10, 3);
INSERT INTO public.billcontainsdrugs (bill_id, drug_id, quantity) VALUES (196, 12, 1);
INSERT INTO public.billcontainsdrugs (bill_id, drug_id, quantity) VALUES (162, 9, 2);
INSERT INTO public.billcontainsdrugs (bill_id, drug_id, quantity) VALUES (209, 12, 3);
INSERT INTO public.billcontainsdrugs (bill_id, drug_id, quantity) VALUES (209, 10, 1);
INSERT INTO public.billcontainsdrugs (bill_id, drug_id, quantity) VALUES (194, 9, 1);
INSERT INTO public.billcontainsdrugs (bill_id, drug_id, quantity) VALUES (161, 11, 1);
INSERT INTO public.billcontainsdrugs (bill_id, drug_id, quantity) VALUES (161, 10, 3);
INSERT INTO public.billcontainsdrugs (bill_id, drug_id, quantity) VALUES (236, 11, 3);
INSERT INTO public.billcontainsdrugs (bill_id, drug_id, quantity) VALUES (236, 10, 1);
INSERT INTO public.billcontainsdrugs (bill_id, drug_id, quantity) VALUES (193, 10, 2);
INSERT INTO public.billcontainsdrugs (bill_id, drug_id, quantity) VALUES (193, 12, 2);
INSERT INTO public.billcontainsdrugs (bill_id, drug_id, quantity) VALUES (193, 11, 3);
INSERT INTO public.billcontainsdrugs (bill_id, drug_id, quantity) VALUES (193, 9, 1);
INSERT INTO public.billcontainsdrugs (bill_id, drug_id, quantity) VALUES (227, 12, 2);
INSERT INTO public.billcontainsdrugs (bill_id, drug_id, quantity) VALUES (195, 9, 3);
INSERT INTO public.billcontainsdrugs (bill_id, drug_id, quantity) VALUES (195, 12, 1);
INSERT INTO public.billcontainsdrugs (bill_id, drug_id, quantity) VALUES (189, 10, 3);
INSERT INTO public.billcontainsdrugs (bill_id, drug_id, quantity) VALUES (189, 9, 2);
INSERT INTO public.billcontainsdrugs (bill_id, drug_id, quantity) VALUES (189, 12, 2);
INSERT INTO public.billcontainsdrugs (bill_id, drug_id, quantity) VALUES (189, 11, 3);
INSERT INTO public.equipment (id, name, quantity) VALUES (17, 'vacuum cleaner', 7);
INSERT INTO public.equipment (id, name, quantity) VALUES (18, 'stethoscope', 2);
INSERT INTO public.equipment (id, name, quantity) VALUES (19, 'thermometer', 9);
INSERT INTO public.equipment (id, name, quantity) VALUES (20, 'test-tube', 9);
INSERT INTO public.equipment (id, name, quantity) VALUES (21, 'X-Ray', 4);
INSERT INTO public.equipment (id, name, quantity) VALUES (22, 'robe', 9);
INSERT INTO public.equipment (id, name, quantity) VALUES (23, 'defibrillator', 1);
INSERT INTO public.equipment (id, name, quantity) VALUES (24, 'scalpel', 4);
INSERT INTO public.equipmentusedbystaff (equipment_id, staff_ssn, quantity) VALUES (19, 246, 3);
INSERT INTO public.equipmentusedbystaff (equipment_id, staff_ssn, quantity) VALUES (20, 246, 1);
INSERT INTO public.equipmentusedbystaff (equipment_id, staff_ssn, quantity) VALUES (21, 246, 2);
INSERT INTO public.equipmentusedbystaff (equipment_id, staff_ssn, quantity) VALUES (18, 246, 2);
INSERT INTO public.equipmentusedbystaff (equipment_id, staff_ssn, quantity) VALUES (22, 246, 3);
INSERT INTO public.equipmentusedbystaff (equipment_id, staff_ssn, quantity) VALUES (24, 351, 2);
INSERT INTO public.equipmentusedbystaff (equipment_id, staff_ssn, quantity) VALUES (18, 351, 4);
INSERT INTO public.equipmentusedbystaff (equipment_id, staff_ssn, quantity) VALUES (23, 351, 2);
INSERT INTO public.equipmentusedbystaff (equipment_id, staff_ssn, quantity) VALUES (21, 351, 3);
INSERT INTO public.equipmentusedbystaff (equipment_id, staff_ssn, quantity) VALUES (17, 351, 4);
INSERT INTO public.equipmentusedbystaff (equipment_id, staff_ssn, quantity) VALUES (20, 351, 4);
INSERT INTO public.equipmentusedbystaff (equipment_id, staff_ssn, quantity) VALUES (18, 310, 1);
INSERT INTO public.equipmentusedbystaff (equipment_id, staff_ssn, quantity) VALUES (23, 310, 1);
INSERT INTO public.equipmentusedbystaff (equipment_id, staff_ssn, quantity) VALUES (20, 310, 1);
INSERT INTO public.equipmentusedbystaff (equipment_id, staff_ssn, quantity) VALUES (17, 310, 3);
INSERT INTO public.equipmentusedbystaff (equipment_id, staff_ssn, quantity) VALUES (22, 310, 1);
INSERT INTO public.equipmentusedbystaff (equipment_id, staff_ssn, quantity) VALUES (24, 310, 3);
INSERT INTO public.equipmentusedbystaff (equipment_id, staff_ssn, quantity) VALUES (22, 316, 4);
INSERT INTO public.equipmentusedbystaff (equipment_id, staff_ssn, quantity) VALUES (20, 316, 4);
INSERT INTO public.equipmentusedbystaff (equipment_id, staff_ssn, quantity) VALUES (21, 316, 1);
INSERT INTO public.equipmentusedbystaff (equipment_id, staff_ssn, quantity) VALUES (17, 316, 2);
INSERT INTO public.equipmentusedbystaff (equipment_id, staff_ssn, quantity) VALUES (23, 312, 2);
INSERT INTO public.equipmentusedbystaff (equipment_id, staff_ssn, quantity) VALUES (19, 312, 3);
INSERT INTO public.equipmentusedbystaff (equipment_id, staff_ssn, quantity) VALUES (20, 126, 2);
INSERT INTO public.equipmentusedbystaff (equipment_id, staff_ssn, quantity) VALUES (21, 126, 2);
INSERT INTO public.equipmentusedbystaff (equipment_id, staff_ssn, quantity) VALUES (22, 126, 2);
INSERT INTO public.equipmentusedbystaff (equipment_id, staff_ssn, quantity) VALUES (20, 226, 4);
INSERT INTO public.equipmentusedbystaff (equipment_id, staff_ssn, quantity) VALUES (24, 226, 4);
INSERT INTO public.equipmentusedbystaff (equipment_id, staff_ssn, quantity) VALUES (22, 226, 1);
INSERT INTO public.equipmentusedbystaff (equipment_id, staff_ssn, quantity) VALUES (20, 172, 1);
INSERT INTO public.equipmentusedbystaff (equipment_id, staff_ssn, quantity) VALUES (23, 172, 3);
INSERT INTO public.equipmentusedbystaff (equipment_id, staff_ssn, quantity) VALUES (18, 172, 3);
INSERT INTO public.equipmentusedbystaff (equipment_id, staff_ssn, quantity) VALUES (19, 172, 4);
INSERT INTO public.equipmentusedbystaff (equipment_id, staff_ssn, quantity) VALUES (21, 172, 4);
INSERT INTO public.equipmentusedbystaff (equipment_id, staff_ssn, quantity) VALUES (17, 206, 2);
INSERT INTO public.equipmentusedbystaff (equipment_id, staff_ssn, quantity) VALUES (24, 206, 3);
INSERT INTO public.equipmentusedbystaff (equipment_id, staff_ssn, quantity) VALUES (18, 206, 4);
INSERT INTO public.equipmentusedbystaff (equipment_id, staff_ssn, quantity) VALUES (22, 206, 3);
INSERT INTO public.equipmentusedbystaff (equipment_id, staff_ssn, quantity) VALUES (20, 48, 4);
INSERT INTO public.equipmentusedbystaff (equipment_id, staff_ssn, quantity) VALUES (19, 48, 4);
INSERT INTO public.equipmentusedbystaff (equipment_id, staff_ssn, quantity) VALUES (22, 48, 4);
INSERT INTO public.equipmentusedbystaff (equipment_id, staff_ssn, quantity) VALUES (19, 203, 3);
INSERT INTO public.equipmentusedbystaff (equipment_id, staff_ssn, quantity) VALUES (17, 203, 2);
INSERT INTO public.equipmentusedbystaff (equipment_id, staff_ssn, quantity) VALUES (22, 203, 3);
INSERT INTO public.equipmentusedbystaff (equipment_id, staff_ssn, quantity) VALUES (21, 203, 1);
INSERT INTO public.equipmentusedbystaff (equipment_id, staff_ssn, quantity) VALUES (23, 203, 4);
INSERT INTO public.equipmentusedbystaff (equipment_id, staff_ssn, quantity) VALUES (20, 203, 2);
INSERT INTO public.equipmentusedbystaff (equipment_id, staff_ssn, quantity) VALUES (24, 143, 2);
INSERT INTO public.equipmentusedbystaff (equipment_id, staff_ssn, quantity) VALUES (19, 98, 1);
INSERT INTO public.equipmentusedbystaff (equipment_id, staff_ssn, quantity) VALUES (18, 57, 4);
INSERT INTO public.equipmentusedbystaff (equipment_id, staff_ssn, quantity) VALUES (21, 57, 1);
INSERT INTO public.equipmentusedbystaff (equipment_id, staff_ssn, quantity) VALUES (20, 57, 3);
INSERT INTO public.equipmentusedbystaff (equipment_id, staff_ssn, quantity) VALUES (22, 57, 1);
INSERT INTO public.equipmentusedbystaff (equipment_id, staff_ssn, quantity) VALUES (24, 57, 4);
INSERT INTO public.equipmentusedbystaff (equipment_id, staff_ssn, quantity) VALUES (19, 205, 4);
INSERT INTO public.equipmentusedbystaff (equipment_id, staff_ssn, quantity) VALUES (23, 218, 1);
INSERT INTO public.equipmentusedbystaff (equipment_id, staff_ssn, quantity) VALUES (18, 218, 1);
INSERT INTO public.equipmentusedbystaff (equipment_id, staff_ssn, quantity) VALUES (22, 218, 1);
INSERT INTO public.equipmentusedbystaff (equipment_id, staff_ssn, quantity) VALUES (17, 218, 1);
INSERT INTO public.equipmentusedbystaff (equipment_id, staff_ssn, quantity) VALUES (20, 218, 3);
INSERT INTO public.equipmentusedbystaff (equipment_id, staff_ssn, quantity) VALUES (19, 218, 3);
INSERT INTO public.equipmentusedbystaff (equipment_id, staff_ssn, quantity) VALUES (24, 180, 1);
INSERT INTO public.equipmentusedbystaff (equipment_id, staff_ssn, quantity) VALUES (20, 180, 2);
INSERT INTO public.equipmentusedbystaff (equipment_id, staff_ssn, quantity) VALUES (19, 180, 3);
INSERT INTO public.equipmentusedbystaff (equipment_id, staff_ssn, quantity) VALUES (22, 180, 1);
INSERT INTO public.equipmentusedbystaff (equipment_id, staff_ssn, quantity) VALUES (22, 378, 4);
INSERT INTO public.equipmentusedbystaff (equipment_id, staff_ssn, quantity) VALUES (17, 378, 3);
INSERT INTO public.equipmentusedbystaff (equipment_id, staff_ssn, quantity) VALUES (18, 378, 1);
INSERT INTO public.equipmentusedbystaff (equipment_id, staff_ssn, quantity) VALUES (23, 378, 1);
INSERT INTO public.equipmentusedbystaff (equipment_id, staff_ssn, quantity) VALUES (21, 378, 1);
INSERT INTO public.equipmentusedbystaff (equipment_id, staff_ssn, quantity) VALUES (18, 392, 2);
INSERT INTO public.equipmentusedbystaff (equipment_id, staff_ssn, quantity) VALUES (21, 392, 4);
INSERT INTO public.equipmentusedbystaff (equipment_id, staff_ssn, quantity) VALUES (19, 392, 2);
INSERT INTO public.equipmentusedbystaff (equipment_id, staff_ssn, quantity) VALUES (20, 392, 3);
INSERT INTO public.equipmentusedbystaff (equipment_id, staff_ssn, quantity) VALUES (20, 258, 3);
INSERT INTO public.equipmentusedbystaff (equipment_id, staff_ssn, quantity) VALUES (17, 258, 4);
INSERT INTO public.equipmentusedbystaff (equipment_id, staff_ssn, quantity) VALUES (24, 258, 2);
INSERT INTO public.equipmentusedbystaff (equipment_id, staff_ssn, quantity) VALUES (20, 224, 3);
INSERT INTO public.equipmentusedbystaff (equipment_id, staff_ssn, quantity) VALUES (17, 224, 3);
INSERT INTO public.equipmentusedbystaff (equipment_id, staff_ssn, quantity) VALUES (22, 238, 2);
INSERT INTO public.equipmentusedbystaff (equipment_id, staff_ssn, quantity) VALUES (24, 397, 1);
INSERT INTO public.equipmentusedbystaff (equipment_id, staff_ssn, quantity) VALUES (22, 77, 4);
INSERT INTO public.equipmentusedbystaff (equipment_id, staff_ssn, quantity) VALUES (19, 77, 1);
INSERT INTO public.equipmentusedbystaff (equipment_id, staff_ssn, quantity) VALUES (20, 77, 4);
INSERT INTO public.equipmentusedbystaff (equipment_id, staff_ssn, quantity) VALUES (20, 158, 2);
INSERT INTO public.equipmentusedbystaff (equipment_id, staff_ssn, quantity) VALUES (22, 158, 3);
INSERT INTO public.equipmentusedbystaff (equipment_id, staff_ssn, quantity) VALUES (19, 35, 4);
INSERT INTO public.equipmentusedbystaff (equipment_id, staff_ssn, quantity) VALUES (18, 35, 2);
INSERT INTO public.equipmentusedbystaff (equipment_id, staff_ssn, quantity) VALUES (20, 35, 1);
INSERT INTO public.equipmentusedbystaff (equipment_id, staff_ssn, quantity) VALUES (17, 35, 2);
INSERT INTO public.equipmentusedbystaff (equipment_id, staff_ssn, quantity) VALUES (19, 135, 4);
INSERT INTO public.equipmentusedbystaff (equipment_id, staff_ssn, quantity) VALUES (24, 135, 3);
INSERT INTO public.equipmentusedbystaff (equipment_id, staff_ssn, quantity) VALUES (22, 135, 2);
INSERT INTO public.equipmentusedbystaff (equipment_id, staff_ssn, quantity) VALUES (18, 135, 1);
INSERT INTO public.equipmentusedbystaff (equipment_id, staff_ssn, quantity) VALUES (19, 317, 4);
INSERT INTO public.equipmentusedbystaff (equipment_id, staff_ssn, quantity) VALUES (18, 317, 2);
INSERT INTO public.equipmentusedbystaff (equipment_id, staff_ssn, quantity) VALUES (22, 317, 2);
INSERT INTO public.equipmentusedbystaff (equipment_id, staff_ssn, quantity) VALUES (21, 255, 4);
INSERT INTO public.equipmentusedbystaff (equipment_id, staff_ssn, quantity) VALUES (18, 255, 1);
INSERT INTO public.equipmentusedbystaff (equipment_id, staff_ssn, quantity) VALUES (22, 255, 4);
INSERT INTO public.equipmentusedbystaff (equipment_id, staff_ssn, quantity) VALUES (19, 255, 2);
INSERT INTO public.equipmentusedbystaff (equipment_id, staff_ssn, quantity) VALUES (22, 117, 2);
INSERT INTO public.equipmentusedbystaff (equipment_id, staff_ssn, quantity) VALUES (20, 117, 2);
INSERT INTO public.equipmentusedbystaff (equipment_id, staff_ssn, quantity) VALUES (19, 117, 2);
INSERT INTO public.equipmentusedbystaff (equipment_id, staff_ssn, quantity) VALUES (23, 117, 3);
INSERT INTO public.equipmentusedbystaff (equipment_id, staff_ssn, quantity) VALUES (24, 117, 1);
INSERT INTO public.equipmentusedbystaff (equipment_id, staff_ssn, quantity) VALUES (20, 69, 1);
INSERT INTO public.equipmentusedbystaff (equipment_id, staff_ssn, quantity) VALUES (18, 69, 3);
INSERT INTO public.equipmentusedbystaff (equipment_id, staff_ssn, quantity) VALUES (17, 69, 3);
INSERT INTO public.equipmentusedbystaff (equipment_id, staff_ssn, quantity) VALUES (22, 69, 1);
INSERT INTO public.equipmentusedbystaff (equipment_id, staff_ssn, quantity) VALUES (21, 69, 1);
INSERT INTO public.equipmentusedbystaff (equipment_id, staff_ssn, quantity) VALUES (24, 69, 2);
INSERT INTO public.equipmentusedbystaff (equipment_id, staff_ssn, quantity) VALUES (19, 19, 4);
INSERT INTO public.equipmentusedbystaff (equipment_id, staff_ssn, quantity) VALUES (23, 19, 2);
INSERT INTO public.equipmentusedbystaff (equipment_id, staff_ssn, quantity) VALUES (21, 19, 2);
INSERT INTO public.equipmentusedbystaff (equipment_id, staff_ssn, quantity) VALUES (21, 20, 1);
INSERT INTO public.equipmentusedbystaff (equipment_id, staff_ssn, quantity) VALUES (23, 20, 1);
INSERT INTO public.equipmentusedbystaff (equipment_id, staff_ssn, quantity) VALUES (17, 20, 4);
INSERT INTO public.equipmentusedbystaff (equipment_id, staff_ssn, quantity) VALUES (24, 75, 1);
INSERT INTO public.equipmentusedbystaff (equipment_id, staff_ssn, quantity) VALUES (21, 75, 4);
INSERT INTO public.equipmentusedbystaff (equipment_id, staff_ssn, quantity) VALUES (22, 75, 4);
INSERT INTO public.equipmentusedbystaff (equipment_id, staff_ssn, quantity) VALUES (23, 75, 3);
INSERT INTO public.equipmentusedbystaff (equipment_id, staff_ssn, quantity) VALUES (21, 227, 4);
INSERT INTO public.equipmentusedbystaff (equipment_id, staff_ssn, quantity) VALUES (19, 227, 3);
INSERT INTO public.equipmentusedbystaff (equipment_id, staff_ssn, quantity) VALUES (17, 227, 4);
INSERT INTO public.equipmentusedbystaff (equipment_id, staff_ssn, quantity) VALUES (24, 227, 2);
INSERT INTO public.equipmentusedbystaff (equipment_id, staff_ssn, quantity) VALUES (20, 227, 3);
INSERT INTO public.equipmentusedbystaff (equipment_id, staff_ssn, quantity) VALUES (22, 227, 4);
INSERT INTO public.equipmentusedbystaff (equipment_id, staff_ssn, quantity) VALUES (18, 367, 4);
INSERT INTO public.equipmentusedbystaff (equipment_id, staff_ssn, quantity) VALUES (23, 367, 1);
INSERT INTO public.equipmentusedbystaff (equipment_id, staff_ssn, quantity) VALUES (17, 16, 2);
INSERT INTO public.equipmentusedbystaff (equipment_id, staff_ssn, quantity) VALUES (21, 16, 4);
INSERT INTO public.equipmentusedbystaff (equipment_id, staff_ssn, quantity) VALUES (19, 16, 1);
INSERT INTO public.equipmentusedbystaff (equipment_id, staff_ssn, quantity) VALUES (22, 16, 2);
INSERT INTO public.equipmentusedbystaff (equipment_id, staff_ssn, quantity) VALUES (18, 16, 1);
INSERT INTO public.equipmentusedbystaff (equipment_id, staff_ssn, quantity) VALUES (24, 119, 2);
INSERT INTO public.equipmentusedbystaff (equipment_id, staff_ssn, quantity) VALUES (21, 119, 2);
INSERT INTO public.equipmentusedbystaff (equipment_id, staff_ssn, quantity) VALUES (17, 119, 2);
INSERT INTO public.equipmentusedbystaff (equipment_id, staff_ssn, quantity) VALUES (23, 119, 2);
INSERT INTO public.equipmentusedbystaff (equipment_id, staff_ssn, quantity) VALUES (22, 119, 1);
INSERT INTO public.equipmentusedbystaff (equipment_id, staff_ssn, quantity) VALUES (20, 119, 2);
INSERT INTO public.equipmentusedbystaff (equipment_id, staff_ssn, quantity) VALUES (20, 189, 3);
INSERT INTO public.equipmentusedbystaff (equipment_id, staff_ssn, quantity) VALUES (21, 189, 4);
INSERT INTO public.equipmentusedbystaff (equipment_id, staff_ssn, quantity) VALUES (22, 289, 3);
INSERT INTO public.equipmentusedbystaff (equipment_id, staff_ssn, quantity) VALUES (23, 289, 3);
INSERT INTO public.equipmentusedbystaff (equipment_id, staff_ssn, quantity) VALUES (17, 289, 3);
INSERT INTO public.equipmentusedbystaff (equipment_id, staff_ssn, quantity) VALUES (20, 289, 1);
INSERT INTO public.equipmentusedbystaff (equipment_id, staff_ssn, quantity) VALUES (19, 289, 1);
INSERT INTO public.equipmentusedbystaff (equipment_id, staff_ssn, quantity) VALUES (24, 289, 1);
INSERT INTO public.equipmentusedbystaff (equipment_id, staff_ssn, quantity) VALUES (17, 191, 2);
INSERT INTO public.equipmentusedbystaff (equipment_id, staff_ssn, quantity) VALUES (23, 102, 1);
INSERT INTO public.equipmentusedbystaff (equipment_id, staff_ssn, quantity) VALUES (24, 102, 3);
INSERT INTO public.equipmentusedbystaff (equipment_id, staff_ssn, quantity) VALUES (21, 58, 1);
INSERT INTO public.equipmentusedbystaff (equipment_id, staff_ssn, quantity) VALUES (19, 58, 1);
INSERT INTO public.equipmentusedbystaff (equipment_id, staff_ssn, quantity) VALUES (22, 58, 3);
INSERT INTO public.equipmentusedbystaff (equipment_id, staff_ssn, quantity) VALUES (23, 58, 1);
INSERT INTO public.equipmentusedbystaff (equipment_id, staff_ssn, quantity) VALUES (17, 58, 4);
INSERT INTO public.equipmentusedbystaff (equipment_id, staff_ssn, quantity) VALUES (19, 320, 3);
INSERT INTO public.equipmentusedbystaff (equipment_id, staff_ssn, quantity) VALUES (23, 320, 3);
INSERT INTO public.equipmentusedbystaff (equipment_id, staff_ssn, quantity) VALUES (20, 320, 2);
INSERT INTO public.equipmentusedbystaff (equipment_id, staff_ssn, quantity) VALUES (17, 171, 2);
INSERT INTO public.equipmentusedbystaff (equipment_id, staff_ssn, quantity) VALUES (18, 171, 1);
INSERT INTO public.equipmentusedbystaff (equipment_id, staff_ssn, quantity) VALUES (22, 321, 1);
INSERT INTO public.equipmentusedbystaff (equipment_id, staff_ssn, quantity) VALUES (21, 321, 1);
INSERT INTO public.equipmentusedbystaff (equipment_id, staff_ssn, quantity) VALUES (17, 321, 3);
INSERT INTO public.equipmentusedbystaff (equipment_id, staff_ssn, quantity) VALUES (22, 103, 3);
INSERT INTO public.equipmentusedbystaff (equipment_id, staff_ssn, quantity) VALUES (23, 103, 2);
INSERT INTO public.equipmentusedbystaff (equipment_id, staff_ssn, quantity) VALUES (24, 103, 4);
INSERT INTO public.equipmentusedbystaff (equipment_id, staff_ssn, quantity) VALUES (19, 103, 2);
INSERT INTO public.equipmentusedbystaff (equipment_id, staff_ssn, quantity) VALUES (17, 339, 3);
INSERT INTO public.equipmentusedbystaff (equipment_id, staff_ssn, quantity) VALUES (19, 339, 2);
INSERT INTO public.equipmentusedbystaff (equipment_id, staff_ssn, quantity) VALUES (20, 339, 1);
INSERT INTO public.equipmentusedbystaff (equipment_id, staff_ssn, quantity) VALUES (23, 339, 1);
INSERT INTO public.equipmentusedbystaff (equipment_id, staff_ssn, quantity) VALUES (19, 318, 2);
INSERT INTO public.equipmentusedbystaff (equipment_id, staff_ssn, quantity) VALUES (20, 318, 4);
INSERT INTO public.equipmentusedbystaff (equipment_id, staff_ssn, quantity) VALUES (23, 318, 1);
INSERT INTO public.equipmentusedbystaff (equipment_id, staff_ssn, quantity) VALUES (17, 318, 2);
INSERT INTO public.equipmentusedbystaff (equipment_id, staff_ssn, quantity) VALUES (21, 318, 3);
INSERT INTO public.equipmentusedbystaff (equipment_id, staff_ssn, quantity) VALUES (22, 279, 2);
INSERT INTO public.equipmentusedbystaff (equipment_id, staff_ssn, quantity) VALUES (17, 279, 3);
INSERT INTO public.equipmentusedbystaff (equipment_id, staff_ssn, quantity) VALUES (20, 279, 2);
INSERT INTO public.equipmentusedbystaff (equipment_id, staff_ssn, quantity) VALUES (19, 279, 2);
INSERT INTO public.equipmentusedbystaff (equipment_id, staff_ssn, quantity) VALUES (24, 279, 2);
INSERT INTO public.equipmentusedbystaff (equipment_id, staff_ssn, quantity) VALUES (17, 76, 4);
INSERT INTO public.equipmentusedbystaff (equipment_id, staff_ssn, quantity) VALUES (21, 76, 3);
INSERT INTO public.equipmentusedbystaff (equipment_id, staff_ssn, quantity) VALUES (22, 76, 3);
INSERT INTO public.equipmentusedbystaff (equipment_id, staff_ssn, quantity) VALUES (20, 76, 4);
INSERT INTO public.equipmentusedbystaff (equipment_id, staff_ssn, quantity) VALUES (23, 395, 2);
INSERT INTO public.equipmentusedbystaff (equipment_id, staff_ssn, quantity) VALUES (19, 395, 1);
INSERT INTO public.equipmentusedbystaff (equipment_id, staff_ssn, quantity) VALUES (24, 395, 4);
INSERT INTO public.equipmentusedbystaff (equipment_id, staff_ssn, quantity) VALUES (17, 261, 4);
INSERT INTO public.equipmentusedbystaff (equipment_id, staff_ssn, quantity) VALUES (19, 261, 4);
INSERT INTO public.equipmentusedbystaff (equipment_id, staff_ssn, quantity) VALUES (22, 261, 2);
INSERT INTO public.equipmentusedbystaff (equipment_id, staff_ssn, quantity) VALUES (20, 261, 2);
INSERT INTO public.equipmentusedbystaff (equipment_id, staff_ssn, quantity) VALUES (24, 261, 2);
INSERT INTO public.equipmentusedbystaff (equipment_id, staff_ssn, quantity) VALUES (23, 261, 2);
INSERT INTO public.equipmentusedbystaff (equipment_id, staff_ssn, quantity) VALUES (24, 260, 2);
INSERT INTO public.equipmentusedbystaff (equipment_id, staff_ssn, quantity) VALUES (18, 260, 2);
INSERT INTO public.equipmentusedbystaff (equipment_id, staff_ssn, quantity) VALUES (19, 260, 3);
INSERT INTO public.equipmentusedbystaff (equipment_id, staff_ssn, quantity) VALUES (19, 67, 3);
INSERT INTO public.equipmentusedbystaff (equipment_id, staff_ssn, quantity) VALUES (21, 67, 2);
INSERT INTO public.equipmentusedbystaff (equipment_id, staff_ssn, quantity) VALUES (17, 67, 3);
INSERT INTO public.equipmentusedbystaff (equipment_id, staff_ssn, quantity) VALUES (18, 293, 2);
INSERT INTO public.equipmentusedbystaff (equipment_id, staff_ssn, quantity) VALUES (20, 194, 2);
INSERT INTO public.equipmentusedbystaff (equipment_id, staff_ssn, quantity) VALUES (24, 194, 4);
INSERT INTO public.equipmentusedbystaff (equipment_id, staff_ssn, quantity) VALUES (23, 194, 1);
INSERT INTO public.equipmentusedbystaff (equipment_id, staff_ssn, quantity) VALUES (18, 64, 2);
INSERT INTO public.equipmentusedbystaff (equipment_id, staff_ssn, quantity) VALUES (24, 64, 3);
INSERT INTO public.equipmentusedbystaff (equipment_id, staff_ssn, quantity) VALUES (17, 64, 3);
INSERT INTO public.equipmentusedbystaff (equipment_id, staff_ssn, quantity) VALUES (22, 64, 2);
INSERT INTO public.equipmentusedbystaff (equipment_id, staff_ssn, quantity) VALUES (21, 64, 1);
INSERT INTO public.equipmentusedbystaff (equipment_id, staff_ssn, quantity) VALUES (20, 64, 1);
INSERT INTO public.equipmentusedbystaff (equipment_id, staff_ssn, quantity) VALUES (19, 94, 2);
INSERT INTO public.equipmentusedbystaff (equipment_id, staff_ssn, quantity) VALUES (23, 251, 4);
INSERT INTO public.equipmentusedbystaff (equipment_id, staff_ssn, quantity) VALUES (21, 251, 3);
INSERT INTO public.equipmentusedbystaff (equipment_id, staff_ssn, quantity) VALUES (20, 251, 3);
INSERT INTO public.equipmentusedbystaff (equipment_id, staff_ssn, quantity) VALUES (17, 251, 2);
INSERT INTO public.equipmentusedbystaff (equipment_id, staff_ssn, quantity) VALUES (22, 251, 2);
INSERT INTO public.equipmentusedbystaff (equipment_id, staff_ssn, quantity) VALUES (21, 24, 2);
INSERT INTO public.equipmentusedbystaff (equipment_id, staff_ssn, quantity) VALUES (22, 24, 3);
INSERT INTO public.equipmentusedbystaff (equipment_id, staff_ssn, quantity) VALUES (17, 24, 4);
INSERT INTO public.equipmentusedbystaff (equipment_id, staff_ssn, quantity) VALUES (20, 73, 2);
INSERT INTO public.equipmentusedbystaff (equipment_id, staff_ssn, quantity) VALUES (24, 73, 1);
INSERT INTO public.equipmentusedbystaff (equipment_id, staff_ssn, quantity) VALUES (17, 73, 1);
INSERT INTO public.equipmentusedbystaff (equipment_id, staff_ssn, quantity) VALUES (22, 73, 2);
INSERT INTO public.equipmentusedbystaff (equipment_id, staff_ssn, quantity) VALUES (23, 335, 4);
INSERT INTO public.equipmentusedbystaff (equipment_id, staff_ssn, quantity) VALUES (20, 335, 2);
INSERT INTO public.equipmentusedbystaff (equipment_id, staff_ssn, quantity) VALUES (21, 335, 2);
INSERT INTO public.equipmentusedbystaff (equipment_id, staff_ssn, quantity) VALUES (22, 335, 1);
INSERT INTO public.equipmentusedbystaff (equipment_id, staff_ssn, quantity) VALUES (18, 335, 3);
INSERT INTO public.equipmentusedbystaff (equipment_id, staff_ssn, quantity) VALUES (24, 335, 2);
INSERT INTO public.equipmentusedbystaff (equipment_id, staff_ssn, quantity) VALUES (23, 99, 4);
INSERT INTO public.equipmentusedbystaff (equipment_id, staff_ssn, quantity) VALUES (23, 91, 2);
INSERT INTO public.equipmentusedbystaff (equipment_id, staff_ssn, quantity) VALUES (17, 91, 4);
INSERT INTO public.equipmentusedbystaff (equipment_id, staff_ssn, quantity) VALUES (20, 91, 4);
INSERT INTO public.equipmentusedbystaff (equipment_id, staff_ssn, quantity) VALUES (22, 91, 3);
INSERT INTO public.equipmentusedbystaff (equipment_id, staff_ssn, quantity) VALUES (19, 91, 3);
INSERT INTO public.equipmentusedbystaff (equipment_id, staff_ssn, quantity) VALUES (18, 319, 4);
INSERT INTO public.equipmentusedbystaff (equipment_id, staff_ssn, quantity) VALUES (21, 319, 4);
INSERT INTO public.equipmentusedbystaff (equipment_id, staff_ssn, quantity) VALUES (22, 319, 1);
INSERT INTO public.equipmentusedbystaff (equipment_id, staff_ssn, quantity) VALUES (19, 319, 3);
INSERT INTO public.equipmentusedbystaff (equipment_id, staff_ssn, quantity) VALUES (17, 276, 3);
INSERT INTO public.equipmentusedbystaff (equipment_id, staff_ssn, quantity) VALUES (24, 276, 2);
INSERT INTO public.equipmentusedbystaff (equipment_id, staff_ssn, quantity) VALUES (21, 276, 4);
INSERT INTO public.equipmentusedbystaff (equipment_id, staff_ssn, quantity) VALUES (23, 276, 4);
INSERT INTO public.equipmentusedbystaff (equipment_id, staff_ssn, quantity) VALUES (22, 276, 4);
INSERT INTO public.equipmentusedbystaff (equipment_id, staff_ssn, quantity) VALUES (21, 285, 2);
INSERT INTO public.equipmentusedbystaff (equipment_id, staff_ssn, quantity) VALUES (23, 285, 3);
INSERT INTO public.equipmentusedbystaff (equipment_id, staff_ssn, quantity) VALUES (24, 28, 3);
INSERT INTO public.equipmentusedbystaff (equipment_id, staff_ssn, quantity) VALUES (17, 28, 3);
INSERT INTO public.equipmentusedbystaff (equipment_id, staff_ssn, quantity) VALUES (19, 28, 4);
INSERT INTO public.equipmentusedbystaff (equipment_id, staff_ssn, quantity) VALUES (23, 28, 2);
INSERT INTO public.equipmentusedbystaff (equipment_id, staff_ssn, quantity) VALUES (24, 1, 2);
INSERT INTO public.equipmentusedbystaff (equipment_id, staff_ssn, quantity) VALUES (23, 140, 1);
INSERT INTO public.equipmentusedbystaff (equipment_id, staff_ssn, quantity) VALUES (21, 140, 1);
INSERT INTO public.equipmentusedbystaff (equipment_id, staff_ssn, quantity) VALUES (17, 140, 2);
INSERT INTO public.equipmentusedbystaff (equipment_id, staff_ssn, quantity) VALUES (19, 8, 3);
INSERT INTO public.equipmentusedbystaff (equipment_id, staff_ssn, quantity) VALUES (23, 8, 3);
INSERT INTO public.equipmentusedbystaff (equipment_id, staff_ssn, quantity) VALUES (17, 8, 1);
INSERT INTO public.equipmentusedbystaff (equipment_id, staff_ssn, quantity) VALUES (24, 8, 2);
INSERT INTO public.equipmentusedbystaff (equipment_id, staff_ssn, quantity) VALUES (20, 8, 4);
INSERT INTO public.equipmentusedbystaff (equipment_id, staff_ssn, quantity) VALUES (21, 8, 4);
INSERT INTO public.equipmentusedbystaff (equipment_id, staff_ssn, quantity) VALUES (24, 100, 1);
INSERT INTO public.equipmentusedbystaff (equipment_id, staff_ssn, quantity) VALUES (18, 100, 4);
INSERT INTO public.equipmentusedbystaff (equipment_id, staff_ssn, quantity) VALUES (22, 100, 4);
INSERT INTO public.equipmentusedbystaff (equipment_id, staff_ssn, quantity) VALUES (19, 100, 3);
INSERT INTO public.equipmentusedbystaff (equipment_id, staff_ssn, quantity) VALUES (17, 100, 3);
INSERT INTO public.equipmentusedbystaff (equipment_id, staff_ssn, quantity) VALUES (23, 100, 3);
INSERT INTO public.equipmentusedbystaff (equipment_id, staff_ssn, quantity) VALUES (24, 355, 2);
INSERT INTO public.equipmentusedbystaff (equipment_id, staff_ssn, quantity) VALUES (22, 355, 3);
INSERT INTO public.equipmentusedbystaff (equipment_id, staff_ssn, quantity) VALUES (19, 147, 4);
INSERT INTO public.equipmentusedbystaff (equipment_id, staff_ssn, quantity) VALUES (18, 147, 3);
INSERT INTO public.equipmentusedbystaff (equipment_id, staff_ssn, quantity) VALUES (22, 147, 4);
INSERT INTO public.equipmentusedbystaff (equipment_id, staff_ssn, quantity) VALUES (24, 147, 4);
INSERT INTO public.equipmentusedbystaff (equipment_id, staff_ssn, quantity) VALUES (20, 12, 1);
INSERT INTO public.equipmentusedbystaff (equipment_id, staff_ssn, quantity) VALUES (23, 12, 4);
INSERT INTO public.equipmentusedbystaff (equipment_id, staff_ssn, quantity) VALUES (24, 12, 1);
INSERT INTO public.equipmentusedbystaff (equipment_id, staff_ssn, quantity) VALUES (22, 12, 1);
INSERT INTO public.equipmentusedbystaff (equipment_id, staff_ssn, quantity) VALUES (17, 12, 2);
INSERT INTO public.equipmentusedbystaff (equipment_id, staff_ssn, quantity) VALUES (22, 132, 4);
INSERT INTO public.equipmentusedbystaff (equipment_id, staff_ssn, quantity) VALUES (18, 132, 1);
INSERT INTO public.equipmentusedbystaff (equipment_id, staff_ssn, quantity) VALUES (19, 132, 1);
INSERT INTO public.equipmentusedbystaff (equipment_id, staff_ssn, quantity) VALUES (23, 153, 2);
INSERT INTO public.equipmentusedbystaff (equipment_id, staff_ssn, quantity) VALUES (18, 153, 4);
INSERT INTO public.equipmentusedbystaff (equipment_id, staff_ssn, quantity) VALUES (19, 153, 3);
INSERT INTO public.equipmentusedbystaff (equipment_id, staff_ssn, quantity) VALUES (21, 153, 3);
INSERT INTO public.equipmentusedbystaff (equipment_id, staff_ssn, quantity) VALUES (17, 153, 3);
INSERT INTO public.equipmentusedbystaff (equipment_id, staff_ssn, quantity) VALUES (22, 153, 1);
INSERT INTO public.equipmentusedbystaff (equipment_id, staff_ssn, quantity) VALUES (23, 234, 1);
INSERT INTO public.equipmentusedbystaff (equipment_id, staff_ssn, quantity) VALUES (20, 234, 4);
INSERT INTO public.equipmentusedbystaff (equipment_id, staff_ssn, quantity) VALUES (20, 0, 1);
INSERT INTO public.equipmentusedbystaff (equipment_id, staff_ssn, quantity) VALUES (22, 0, 3);
INSERT INTO public.equipmentusedbystaff (equipment_id, staff_ssn, quantity) VALUES (17, 0, 3);
INSERT INTO public.equipmentusedbystaff (equipment_id, staff_ssn, quantity) VALUES (18, 0, 3);
INSERT INTO public.equipmentusedbystaff (equipment_id, staff_ssn, quantity) VALUES (20, 290, 3);
INSERT INTO public.equipmentusedbystaff (equipment_id, staff_ssn, quantity) VALUES (22, 290, 1);
INSERT INTO public.equipmentusedbystaff (equipment_id, staff_ssn, quantity) VALUES (24, 50, 2);
INSERT INTO public.equipmentusedbystaff (equipment_id, staff_ssn, quantity) VALUES (23, 50, 2);
INSERT INTO public.equipmentusedbystaff (equipment_id, staff_ssn, quantity) VALUES (17, 50, 4);
INSERT INTO public.equipmentusedbystaff (equipment_id, staff_ssn, quantity) VALUES (20, 50, 1);
INSERT INTO public.equipmentusedbystaff (equipment_id, staff_ssn, quantity) VALUES (18, 50, 4);
INSERT INTO public.equipmentusedbystaff (equipment_id, staff_ssn, quantity) VALUES (20, 85, 3);
INSERT INTO public.equipmentusedbystaff (equipment_id, staff_ssn, quantity) VALUES (18, 85, 1);
INSERT INTO public.equipmentusedbystaff (equipment_id, staff_ssn, quantity) VALUES (19, 85, 1);
INSERT INTO public.equipmentusedbystaff (equipment_id, staff_ssn, quantity) VALUES (20, 287, 4);
INSERT INTO public.equipmentusedbystaff (equipment_id, staff_ssn, quantity) VALUES (17, 287, 4);
INSERT INTO public.equipmentusedbystaff (equipment_id, staff_ssn, quantity) VALUES (24, 287, 3);
INSERT INTO public.equipmentusedbystaff (equipment_id, staff_ssn, quantity) VALUES (22, 287, 2);
INSERT INTO public.equipmentusedbystaff (equipment_id, staff_ssn, quantity) VALUES (21, 287, 3);
INSERT INTO public.equipmentusedbystaff (equipment_id, staff_ssn, quantity) VALUES (19, 287, 1);
INSERT INTO public.equipmentusedbystaff (equipment_id, staff_ssn, quantity) VALUES (17, 38, 1);
INSERT INTO public.equipmentusedbystaff (equipment_id, staff_ssn, quantity) VALUES (19, 38, 1);
INSERT INTO public.equipmentusedbystaff (equipment_id, staff_ssn, quantity) VALUES (20, 38, 1);
INSERT INTO public.equipmentusedbystaff (equipment_id, staff_ssn, quantity) VALUES (22, 38, 1);
INSERT INTO public.equipmentusedbystaff (equipment_id, staff_ssn, quantity) VALUES (22, 33, 3);
INSERT INTO public.equipmentusedbystaff (equipment_id, staff_ssn, quantity) VALUES (24, 33, 4);
INSERT INTO public.equipmentusedbystaff (equipment_id, staff_ssn, quantity) VALUES (21, 33, 2);
INSERT INTO public.equipmentusedbystaff (equipment_id, staff_ssn, quantity) VALUES (23, 101, 3);
INSERT INTO public.equipmentusedbystaff (equipment_id, staff_ssn, quantity) VALUES (20, 101, 1);
INSERT INTO public.equipmentusedbystaff (equipment_id, staff_ssn, quantity) VALUES (21, 101, 1);
INSERT INTO public.equipmentusedbystaff (equipment_id, staff_ssn, quantity) VALUES (17, 101, 3);
INSERT INTO public.equipmentusedbystaff (equipment_id, staff_ssn, quantity) VALUES (18, 101, 1);
INSERT INTO public.equipmentusedbystaff (equipment_id, staff_ssn, quantity) VALUES (24, 361, 4);
INSERT INTO public.equipmentusedbystaff (equipment_id, staff_ssn, quantity) VALUES (21, 361, 2);
INSERT INTO public.equipmentusedbystaff (equipment_id, staff_ssn, quantity) VALUES (22, 361, 2);
INSERT INTO public.medicalhistoryitem (id, start_of_illness, end_of_illness, symptoms, diagnosis, extra_info, patient_id) VALUES (101, '2000-06-07', null, 'Have a nice day! Try to enjoy it...', 'octohandism', 'Extra info', 130);
INSERT INTO public.medicalhistoryitem (id, start_of_illness, end_of_illness, symptoms, diagnosis, extra_info, patient_id) VALUES (102, '2016-10-23', '2019-05-03', 'Have a nice day! Try to enjoy it...', 'octohandism', 'Extra info', 330);
INSERT INTO public.medicalhistoryitem (id, start_of_illness, end_of_illness, symptoms, diagnosis, extra_info, patient_id) VALUES (103, '2006-11-16', null, 'Have a nice day! Try to enjoy it...', 'not cancer', 'Extra info', 327);
INSERT INTO public.medicalhistoryitem (id, start_of_illness, end_of_illness, symptoms, diagnosis, extra_info, patient_id) VALUES (104, '2014-05-09', null, 'Have a nice day! Try to enjoy it...', 'octohandism', 'Extra info', 389);
INSERT INTO public.medicalhistoryitem (id, start_of_illness, end_of_illness, symptoms, diagnosis, extra_info, patient_id) VALUES (105, '2019-02-05', '2019-04-04', 'Have a nice day! Try to enjoy it...', 'cancer', 'Extra info', 42);
INSERT INTO public.medicalhistoryitem (id, start_of_illness, end_of_illness, symptoms, diagnosis, extra_info, patient_id) VALUES (106, '2013-09-06', null, 'Have a nice day! Try to enjoy it...', 'not cancer', 'Extra info', 269);
INSERT INTO public.medicalhistoryitem (id, start_of_illness, end_of_illness, symptoms, diagnosis, extra_info, patient_id) VALUES (107, '2011-05-05', '2011-04-23', 'Have a nice day! Try to enjoy it...', 'octohandism', 'Extra info', 393);
INSERT INTO public.medicalhistoryitem (id, start_of_illness, end_of_illness, symptoms, diagnosis, extra_info, patient_id) VALUES (108, '2010-10-01', null, 'Have a nice day! Try to enjoy it...', 'not cancer', 'Extra info', 181);
INSERT INTO public.medicalhistoryitem (id, start_of_illness, end_of_illness, symptoms, diagnosis, extra_info, patient_id) VALUES (109, '2008-12-13', null, 'Have a nice day! Try to enjoy it...', 'cancer', 'Extra info', 345);
INSERT INTO public.medicalhistoryitem (id, start_of_illness, end_of_illness, symptoms, diagnosis, extra_info, patient_id) VALUES (110, '2012-06-14', '2017-02-16', 'Have a nice day! Try to enjoy it...', 'not cancer', 'Extra info', 327);
INSERT INTO public.medicalhistoryitem (id, start_of_illness, end_of_illness, symptoms, diagnosis, extra_info, patient_id) VALUES (111, '2002-07-11', '2013-03-07', 'Have a nice day! Try to enjoy it...', 'octohandism', 'Extra info', 130);
INSERT INTO public.medicalhistoryitem (id, start_of_illness, end_of_illness, symptoms, diagnosis, extra_info, patient_id) VALUES (112, '2016-04-22', null, 'Have a nice day! Try to enjoy it...', 'octohandism', 'Extra info', 393);
INSERT INTO public.medicalhistoryitem (id, start_of_illness, end_of_illness, symptoms, diagnosis, extra_info, patient_id) VALUES (113, '2010-08-12', '2017-05-04', 'Have a nice day! Try to enjoy it...', 'cancer', 'Extra info', 330);
INSERT INTO public.medicalhistoryitem (id, start_of_illness, end_of_illness, symptoms, diagnosis, extra_info, patient_id) VALUES (114, '2012-07-16', null, 'Have a nice day! Try to enjoy it...', 'centaurism', 'Extra info', 198);
INSERT INTO public.medicalhistoryitem (id, start_of_illness, end_of_illness, symptoms, diagnosis, extra_info, patient_id) VALUES (115, '2000-09-19', null, 'Have a nice day! Try to enjoy it...', 'centaurism', 'Extra info', 169);
INSERT INTO public.medicalhistoryitem (id, start_of_illness, end_of_illness, symptoms, diagnosis, extra_info, patient_id) VALUES (116, '2010-10-22', null, 'Have a nice day! Try to enjoy it...', 'centaurism', 'Extra info', 330);
INSERT INTO public.medicalhistoryitem (id, start_of_illness, end_of_illness, symptoms, diagnosis, extra_info, patient_id) VALUES (117, '2004-03-07', null, 'Have a nice day! Try to enjoy it...', 'centaurism', 'Extra info', 393);
INSERT INTO public.medicalhistoryitem (id, start_of_illness, end_of_illness, symptoms, diagnosis, extra_info, patient_id) VALUES (118, '2008-02-04', '2018-08-18', 'Have a nice day! Try to enjoy it...', 'cancer', 'Extra info', 284);
INSERT INTO public.medicalhistoryitem (id, start_of_illness, end_of_illness, symptoms, diagnosis, extra_info, patient_id) VALUES (119, '2018-07-12', null, 'Have a nice day! Try to enjoy it...', 'not cancer', 'Extra info', 345);
INSERT INTO public.medicalhistoryitem (id, start_of_illness, end_of_illness, symptoms, diagnosis, extra_info, patient_id) VALUES (120, '2002-08-14', '2002-05-26', 'Have a nice day! Try to enjoy it...', 'not cancer', 'Extra info', 345);
INSERT INTO public.medicalhistoryitem (id, start_of_illness, end_of_illness, symptoms, diagnosis, extra_info, patient_id) VALUES (121, '2017-12-05', '2018-11-11', 'Have a nice day! Try to enjoy it...', 'not cancer', 'Extra info', 269);
INSERT INTO public.medicalhistoryitem (id, start_of_illness, end_of_illness, symptoms, diagnosis, extra_info, patient_id) VALUES (122, '2005-04-03', null, 'Have a nice day! Try to enjoy it...', 'octohandism', 'Extra info', 7);
INSERT INTO public.medicalhistoryitem (id, start_of_illness, end_of_illness, symptoms, diagnosis, extra_info, patient_id) VALUES (123, '2003-06-22', '2005-04-22', 'Have a nice day! Try to enjoy it...', 'crab-hands', 'Extra info', 125);
INSERT INTO public.medicalhistoryitem (id, start_of_illness, end_of_illness, symptoms, diagnosis, extra_info, patient_id) VALUES (124, '2003-02-06', '2004-12-28', 'Have a nice day! Try to enjoy it...', 'imaginary illness', 'Extra info', 330);
INSERT INTO public.medicalhistoryitem (id, start_of_illness, end_of_illness, symptoms, diagnosis, extra_info, patient_id) VALUES (125, '2006-01-25', '2006-02-04', 'Have a nice day! Try to enjoy it...', 'imaginary illness', 'Extra info', 7);
INSERT INTO public.medicalhistoryitem (id, start_of_illness, end_of_illness, symptoms, diagnosis, extra_info, patient_id) VALUES (126, '2019-03-23', null, 'Have a nice day! Try to enjoy it...', 'imaginary illness', 'Extra info', 214);
INSERT INTO public.medicalhistoryitem (id, start_of_illness, end_of_illness, symptoms, diagnosis, extra_info, patient_id) VALUES (127, '2006-02-22', null, 'Have a nice day! Try to enjoy it...', 'cancer', 'Extra info', 198);
INSERT INTO public.medicalhistoryitem (id, start_of_illness, end_of_illness, symptoms, diagnosis, extra_info, patient_id) VALUES (128, '2019-11-02', null, 'Have a nice day! Try to enjoy it...', 'octohandism', 'Extra info', 359);
INSERT INTO public.medicalhistoryitem (id, start_of_illness, end_of_illness, symptoms, diagnosis, extra_info, patient_id) VALUES (129, '2017-10-04', null, 'Have a nice day! Try to enjoy it...', 'octohandism', 'Extra info', 53);
INSERT INTO public.medicalhistoryitem (id, start_of_illness, end_of_illness, symptoms, diagnosis, extra_info, patient_id) VALUES (130, '2006-04-22', null, 'Have a nice day! Try to enjoy it...', 'imaginary illness', 'Extra info', 125);
INSERT INTO public.medicalhistoryitem (id, start_of_illness, end_of_illness, symptoms, diagnosis, extra_info, patient_id) VALUES (131, '2008-02-24', '2018-03-19', 'Have a nice day! Try to enjoy it...', 'not cancer', 'Extra info', 393);
INSERT INTO public.medicalhistoryitem (id, start_of_illness, end_of_illness, symptoms, diagnosis, extra_info, patient_id) VALUES (132, '2014-07-13', null, 'Have a nice day! Try to enjoy it...', 'centaurism', 'Extra info', 130);
INSERT INTO public.medicalhistoryitem (id, start_of_illness, end_of_illness, symptoms, diagnosis, extra_info, patient_id) VALUES (133, '2003-03-23', null, 'Have a nice day! Try to enjoy it...', 'not cancer', 'Extra info', 131);
INSERT INTO public.medicalhistoryitem (id, start_of_illness, end_of_illness, symptoms, diagnosis, extra_info, patient_id) VALUES (134, '2014-10-04', '2015-06-11', 'Have a nice day! Try to enjoy it...', 'not cancer', 'Extra info', 284);
INSERT INTO public.medicalhistoryitem (id, start_of_illness, end_of_illness, symptoms, diagnosis, extra_info, patient_id) VALUES (135, '2001-03-28', null, 'Have a nice day! Try to enjoy it...', 'crab-hands', 'Extra info', 146);
INSERT INTO public.medicalhistoryitem (id, start_of_illness, end_of_illness, symptoms, diagnosis, extra_info, patient_id) VALUES (136, '2016-07-19', null, 'Have a nice day! Try to enjoy it...', 'octohandism', 'Extra info', 330);
INSERT INTO public.medicalhistoryitem (id, start_of_illness, end_of_illness, symptoms, diagnosis, extra_info, patient_id) VALUES (137, '2008-11-22', null, 'Have a nice day! Try to enjoy it...', 'cancer', 'Extra info', 303);
INSERT INTO public.medicalhistoryitem (id, start_of_illness, end_of_illness, symptoms, diagnosis, extra_info, patient_id) VALUES (138, '2000-04-17', null, 'Have a nice day! Try to enjoy it...', 'octohandism', 'Extra info', 275);
INSERT INTO public.medicalhistoryitem (id, start_of_illness, end_of_illness, symptoms, diagnosis, extra_info, patient_id) VALUES (139, '2010-06-17', null, 'Have a nice day! Try to enjoy it...', 'cancer', 'Extra info', 79);
INSERT INTO public.medicalhistoryitem (id, start_of_illness, end_of_illness, symptoms, diagnosis, extra_info, patient_id) VALUES (140, '2011-11-04', null, 'Have a nice day! Try to enjoy it...', 'crab-hands', 'Extra info', 130);
INSERT INTO public.medicalhistoryitem (id, start_of_illness, end_of_illness, symptoms, diagnosis, extra_info, patient_id) VALUES (141, '2014-07-27', '2016-03-01', 'Have a nice day! Try to enjoy it...', 'crab-hands', 'Extra info', 390);
INSERT INTO public.medicalhistoryitem (id, start_of_illness, end_of_illness, symptoms, diagnosis, extra_info, patient_id) VALUES (142, '2016-03-23', '2016-10-12', 'Have a nice day! Try to enjoy it...', 'octohandism', 'Extra info', 53);
INSERT INTO public.medicalhistoryitem (id, start_of_illness, end_of_illness, symptoms, diagnosis, extra_info, patient_id) VALUES (143, '2018-09-26', '2018-06-02', 'Have a nice day! Try to enjoy it...', 'cancer', 'Extra info', 305);
INSERT INTO public.medicalhistoryitem (id, start_of_illness, end_of_illness, symptoms, diagnosis, extra_info, patient_id) VALUES (144, '2019-11-14', null, 'Have a nice day! Try to enjoy it...', 'centaurism', 'Extra info', 381);
INSERT INTO public.medicalhistoryitem (id, start_of_illness, end_of_illness, symptoms, diagnosis, extra_info, patient_id) VALUES (145, '2017-04-19', null, 'Have a nice day! Try to enjoy it...', 'horsehead', 'Extra info', 27);
INSERT INTO public.medicalhistoryitem (id, start_of_illness, end_of_illness, symptoms, diagnosis, extra_info, patient_id) VALUES (146, '2010-02-01', null, 'Have a nice day! Try to enjoy it...', 'crab-hands', 'Extra info', 53);
INSERT INTO public.medicalhistoryitem (id, start_of_illness, end_of_illness, symptoms, diagnosis, extra_info, patient_id) VALUES (147, '2000-11-10', '2014-02-23', 'Have a nice day! Try to enjoy it...', 'octohandism', 'Extra info', 214);
INSERT INTO public.medicalhistoryitem (id, start_of_illness, end_of_illness, symptoms, diagnosis, extra_info, patient_id) VALUES (148, '2013-02-03', null, 'Have a nice day! Try to enjoy it...', 'not cancer', 'Extra info', 331);
INSERT INTO public.medicalhistoryitem (id, start_of_illness, end_of_illness, symptoms, diagnosis, extra_info, patient_id) VALUES (149, '2010-12-08', null, 'Have a nice day! Try to enjoy it...', 'octohandism', 'Extra info', 7);
INSERT INTO public.medicalhistoryitem (id, start_of_illness, end_of_illness, symptoms, diagnosis, extra_info, patient_id) VALUES (150, '2003-05-18', '2014-06-14', 'Have a nice day! Try to enjoy it...', 'crab-hands', 'Extra info', 130);
INSERT INTO public.message (id, datetime, receiver_id, sender_id, content) VALUES (313, '2019-11-26 22:33:57.234084', 203, 387, 'Hey, wanna go to the bar today?');
INSERT INTO public.message (id, datetime, receiver_id, sender_id, content) VALUES (314, '2019-11-26 22:33:57.234084', 101, 101, 'Our life with database became much easier!');
INSERT INTO public.message (id, datetime, receiver_id, sender_id, content) VALUES (315, '2019-11-26 22:33:57.234084', 335, 117, 'Our life with database became much easier!');
INSERT INTO public.message (id, datetime, receiver_id, sender_id, content) VALUES (316, '2019-11-26 22:33:57.234084', 103, 194, 'Our life with database became much easier!');
INSERT INTO public.message (id, datetime, receiver_id, sender_id, content) VALUES (317, '2019-11-26 22:33:57.234084', 387, 194, 'Our life with database became much easier!');
INSERT INTO public.message (id, datetime, receiver_id, sender_id, content) VALUES (318, '2019-11-26 22:33:57.234084', 158, 387, 'Our life with database became much easier!');
INSERT INTO public.message (id, datetime, receiver_id, sender_id, content) VALUES (319, '2019-11-26 22:33:57.234084', 194, 91, 'Our life with database became much easier!');
INSERT INTO public.message (id, datetime, receiver_id, sender_id, content) VALUES (320, '2019-11-26 22:33:57.234084', 48, 335, 'Our life with database became much easier!');
INSERT INTO public.message (id, datetime, receiver_id, sender_id, content) VALUES (321, '2019-11-26 22:33:57.234084', 319, 361, 'Our life with database became much easier!');
INSERT INTO public.message (id, datetime, receiver_id, sender_id, content) VALUES (322, '2019-11-26 22:33:57.234084', 119, 35, 'Hey, wanna go to the bar today?');
INSERT INTO public.message (id, datetime, receiver_id, sender_id, content) VALUES (323, '2019-11-26 22:33:57.234084', 203, 35, 'Our life with database became much easier!');
INSERT INTO public.message (id, datetime, receiver_id, sender_id, content) VALUES (324, '2019-11-26 22:33:57.234084', 101, 319, 'Hey, wanna go to the bar today?');
INSERT INTO public.message (id, datetime, receiver_id, sender_id, content) VALUES (325, '2019-11-26 22:33:57.234084', 103, 335, 'Hey, wanna go to the bar today?');
INSERT INTO public.message (id, datetime, receiver_id, sender_id, content) VALUES (326, '2019-11-26 22:33:57.234084', 351, 361, 'Hey, wanna go to the bar today?');
INSERT INTO public.message (id, datetime, receiver_id, sender_id, content) VALUES (327, '2019-11-26 22:33:57.234084', 158, 319, 'Hey, wanna go to the bar today?');
INSERT INTO public.message (id, datetime, receiver_id, sender_id, content) VALUES (328, '2019-11-26 22:33:57.234084', 351, 35, 'Hey, wanna go to the bar today?');
INSERT INTO public.message (id, datetime, receiver_id, sender_id, content) VALUES (329, '2019-11-26 22:33:57.234084', 158, 158, 'Our life with database became much easier!');
INSERT INTO public.message (id, datetime, receiver_id, sender_id, content) VALUES (330, '2019-11-26 22:33:57.234084', 335, 335, 'Hey, wanna go to the bar today?');
INSERT INTO public.message (id, datetime, receiver_id, sender_id, content) VALUES (331, '2019-11-26 22:33:57.234084', 119, 101, 'Our life with database became much easier!');
INSERT INTO public.message (id, datetime, receiver_id, sender_id, content) VALUES (332, '2019-11-26 22:33:57.234084', 48, 91, 'Our life with database became much easier!');
INSERT INTO public.message (id, datetime, receiver_id, sender_id, content) VALUES (333, '2019-11-26 22:33:57.234084', 48, 103, 'Hey, wanna go to the bar today?');
INSERT INTO public.message (id, datetime, receiver_id, sender_id, content) VALUES (334, '2019-11-26 22:33:57.234084', 35, 117, 'Our life with database became much easier!');
INSERT INTO public.message (id, datetime, receiver_id, sender_id, content) VALUES (335, '2019-11-26 22:33:57.234084', 158, 335, 'Our life with database became much easier!');
INSERT INTO public.message (id, datetime, receiver_id, sender_id, content) VALUES (336, '2019-11-26 22:33:57.234084', 48, 117, 'Our life with database became much easier!');
INSERT INTO public.message (id, datetime, receiver_id, sender_id, content) VALUES (337, '2019-11-26 22:33:57.234084', 103, 103, 'Hey, wanna go to the bar today?');
INSERT INTO public.message (id, datetime, receiver_id, sender_id, content) VALUES (338, '2019-11-26 22:33:57.234084', 35, 103, 'Hey, wanna go to the bar today?');
INSERT INTO public.message (id, datetime, receiver_id, sender_id, content) VALUES (339, '2019-11-26 22:33:57.234084', 103, 351, 'Our life with database became much easier!');
INSERT INTO public.message (id, datetime, receiver_id, sender_id, content) VALUES (340, '2019-11-26 22:33:57.234084', 361, 319, 'Our life with database became much easier!');
INSERT INTO public.message (id, datetime, receiver_id, sender_id, content) VALUES (341, '2019-11-26 22:33:57.234084', 117, 101, 'Our life with database became much easier!');
INSERT INTO public.message (id, datetime, receiver_id, sender_id, content) VALUES (342, '2019-11-26 22:33:57.234084', 103, 203, 'Hey, wanna go to the bar today?');
INSERT INTO public.message (id, datetime, receiver_id, sender_id, content) VALUES (343, '2019-11-26 22:33:57.234084', 119, 387, 'Hey, wanna go to the bar today?');
INSERT INTO public.message (id, datetime, receiver_id, sender_id, content) VALUES (344, '2019-11-26 22:33:57.234084', 387, 361, 'Hey, wanna go to the bar today?');
INSERT INTO public.message (id, datetime, receiver_id, sender_id, content) VALUES (345, '2019-11-26 22:33:57.234084', 387, 101, 'Our life with database became much easier!');
INSERT INTO public.message (id, datetime, receiver_id, sender_id, content) VALUES (346, '2019-11-26 22:33:57.234084', 35, 119, 'Our life with database became much easier!');
INSERT INTO public.message (id, datetime, receiver_id, sender_id, content) VALUES (347, '2019-11-26 22:33:57.234084', 319, 119, 'Hey, wanna go to the bar today?');
INSERT INTO public.message (id, datetime, receiver_id, sender_id, content) VALUES (348, '2019-11-26 22:33:57.234084', 351, 158, 'Hey, wanna go to the bar today?');
INSERT INTO public.message (id, datetime, receiver_id, sender_id, content) VALUES (349, '2019-11-26 22:33:57.234084', 387, 117, 'Our life with database became much easier!');
INSERT INTO public.message (id, datetime, receiver_id, sender_id, content) VALUES (350, '2019-11-26 22:33:57.234084', 103, 101, 'Hey, wanna go to the bar today?');
INSERT INTO public.message (id, datetime, receiver_id, sender_id, content) VALUES (351, '2019-11-26 22:33:57.234084', 351, 48, 'Hey, wanna go to the bar today?');
INSERT INTO public.message (id, datetime, receiver_id, sender_id, content) VALUES (352, '2019-11-26 22:33:57.234084', 119, 117, 'Hey, wanna go to the bar today?');
INSERT INTO public.message (id, datetime, receiver_id, sender_id, content) VALUES (353, '2019-11-26 22:33:57.234084', 101, 158, 'Our life with database became much easier!');
INSERT INTO public.message (id, datetime, receiver_id, sender_id, content) VALUES (354, '2019-11-26 22:33:57.234084', 117, 335, 'Hey, wanna go to the bar today?');
INSERT INTO public.message (id, datetime, receiver_id, sender_id, content) VALUES (355, '2019-11-26 22:33:57.234084', 351, 335, 'Hey, wanna go to the bar today?');
INSERT INTO public.message (id, datetime, receiver_id, sender_id, content) VALUES (356, '2019-11-26 22:33:57.234084', 103, 335, 'Hey, wanna go to the bar today?');
INSERT INTO public.message (id, datetime, receiver_id, sender_id, content) VALUES (357, '2019-11-26 22:33:57.234084', 103, 351, 'Hey, wanna go to the bar today?');
INSERT INTO public.message (id, datetime, receiver_id, sender_id, content) VALUES (358, '2019-11-26 22:33:57.234084', 103, 361, 'Our life with database became much easier!');
INSERT INTO public.message (id, datetime, receiver_id, sender_id, content) VALUES (359, '2019-11-26 22:33:57.234084', 351, 119, 'Our life with database became much easier!');
INSERT INTO public.message (id, datetime, receiver_id, sender_id, content) VALUES (360, '2019-11-26 22:33:57.234084', 91, 335, 'Our life with database became much easier!');
INSERT INTO public.message (id, datetime, receiver_id, sender_id, content) VALUES (361, '2019-11-26 22:33:57.234084', 48, 319, 'Hey, wanna go to the bar today?');
INSERT INTO public.message (id, datetime, receiver_id, sender_id, content) VALUES (362, '2019-11-26 22:33:57.234084', 91, 361, 'Our life with database became much easier!');
INSERT INTO public.message (id, datetime, receiver_id, sender_id, content) VALUES (363, '2019-11-26 22:33:57.234084', 387, 103, 'Our life with database became much easier!');
INSERT INTO public.message (id, datetime, receiver_id, sender_id, content) VALUES (364, '2019-11-26 22:33:57.234084', 119, 35, 'Hey, wanna go to the bar today?');
INSERT INTO public.message (id, datetime, receiver_id, sender_id, content) VALUES (365, '2019-11-26 22:33:57.234084', 91, 203, 'Hey, wanna go to the bar today?');
INSERT INTO public.message (id, datetime, receiver_id, sender_id, content) VALUES (366, '2019-11-26 22:33:57.234084', 35, 119, 'Hey, wanna go to the bar today?');
INSERT INTO public.message (id, datetime, receiver_id, sender_id, content) VALUES (367, '2019-11-26 22:33:57.234084', 194, 351, 'Hey, wanna go to the bar today?');
INSERT INTO public.message (id, datetime, receiver_id, sender_id, content) VALUES (368, '2019-11-26 22:33:57.234084', 35, 119, 'Hey, wanna go to the bar today?');
INSERT INTO public.message (id, datetime, receiver_id, sender_id, content) VALUES (369, '2019-11-26 22:33:57.234084', 351, 203, 'Hey, wanna go to the bar today?');
INSERT INTO public.message (id, datetime, receiver_id, sender_id, content) VALUES (370, '2019-11-26 22:33:57.234084', 387, 319, 'Hey, wanna go to the bar today?');
INSERT INTO public.message (id, datetime, receiver_id, sender_id, content) VALUES (371, '2019-11-26 22:33:57.234084', 351, 91, 'Hey, wanna go to the bar today?');
INSERT INTO public.message (id, datetime, receiver_id, sender_id, content) VALUES (372, '2019-11-26 22:33:57.234084', 103, 203, 'Our life with database became much easier!');
INSERT INTO public.message (id, datetime, receiver_id, sender_id, content) VALUES (373, '2019-11-26 22:33:57.234084', 158, 91, 'Hey, wanna go to the bar today?');
INSERT INTO public.message (id, datetime, receiver_id, sender_id, content) VALUES (374, '2019-11-26 22:33:57.234084', 387, 194, 'Our life with database became much easier!');
INSERT INTO public.message (id, datetime, receiver_id, sender_id, content) VALUES (375, '2019-11-26 22:33:57.234084', 203, 103, 'Our life with database became much easier!');
INSERT INTO public.message (id, datetime, receiver_id, sender_id, content) VALUES (376, '2019-11-26 22:33:57.234084', 91, 103, 'Our life with database became much easier!');
INSERT INTO public.message (id, datetime, receiver_id, sender_id, content) VALUES (377, '2019-11-26 22:33:57.234084', 117, 101, 'Our life with database became much easier!');
INSERT INTO public.message (id, datetime, receiver_id, sender_id, content) VALUES (378, '2019-11-26 22:33:57.234084', 351, 387, 'Our life with database became much easier!');
INSERT INTO public.message (id, datetime, receiver_id, sender_id, content) VALUES (379, '2019-11-26 22:33:57.234084', 91, 101, 'Our life with database became much easier!');
INSERT INTO public.message (id, datetime, receiver_id, sender_id, content) VALUES (380, '2019-11-26 22:33:57.234084', 35, 119, 'Our life with database became much easier!');
INSERT INTO public.message (id, datetime, receiver_id, sender_id, content) VALUES (381, '2019-11-26 22:33:57.234084', 203, 119, 'Hey, wanna go to the bar today?');
INSERT INTO public.message (id, datetime, receiver_id, sender_id, content) VALUES (382, '2019-11-26 22:33:57.234084', 194, 194, 'Our life with database became much easier!');
INSERT INTO public.message (id, datetime, receiver_id, sender_id, content) VALUES (383, '2019-11-26 22:33:57.234084', 194, 35, 'Our life with database became much easier!');
INSERT INTO public.message (id, datetime, receiver_id, sender_id, content) VALUES (384, '2019-11-26 22:33:57.234084', 35, 103, 'Hey, wanna go to the bar today?');
INSERT INTO public.message (id, datetime, receiver_id, sender_id, content) VALUES (385, '2019-11-26 22:33:57.234084', 48, 117, 'Hey, wanna go to the bar today?');
INSERT INTO public.message (id, datetime, receiver_id, sender_id, content) VALUES (386, '2019-11-26 22:33:57.234084', 117, 103, 'Hey, wanna go to the bar today?');
INSERT INTO public.message (id, datetime, receiver_id, sender_id, content) VALUES (387, '2019-11-26 22:33:57.234084', 319, 91, 'Our life with database became much easier!');
INSERT INTO public.message (id, datetime, receiver_id, sender_id, content) VALUES (388, '2019-11-26 22:33:57.234084', 91, 194, 'Hey, wanna go to the bar today?');
INSERT INTO public.message (id, datetime, receiver_id, sender_id, content) VALUES (389, '2019-11-26 22:33:57.234084', 48, 48, 'Hey, wanna go to the bar today?');
INSERT INTO public.message (id, datetime, receiver_id, sender_id, content) VALUES (390, '2019-11-26 22:33:57.234084', 48, 117, 'Our life with database became much easier!');
INSERT INTO public.message (id, datetime, receiver_id, sender_id, content) VALUES (391, '2019-11-26 22:33:57.234084', 194, 91, 'Our life with database became much easier!');
INSERT INTO public.message (id, datetime, receiver_id, sender_id, content) VALUES (392, '2019-11-26 22:33:57.234084', 335, 387, 'Hey, wanna go to the bar today?');
INSERT INTO public.message (id, datetime, receiver_id, sender_id, content) VALUES (393, '2019-11-26 22:33:57.234084', 319, 117, 'Our life with database became much easier!');
INSERT INTO public.message (id, datetime, receiver_id, sender_id, content) VALUES (394, '2019-11-26 22:33:57.234084', 194, 361, 'Our life with database became much easier!');
INSERT INTO public.message (id, datetime, receiver_id, sender_id, content) VALUES (395, '2019-11-26 22:33:57.234084', 117, 119, 'Our life with database became much easier!');
INSERT INTO public.message (id, datetime, receiver_id, sender_id, content) VALUES (396, '2019-11-26 22:33:57.234084', 194, 117, 'Hey, wanna go to the bar today?');
INSERT INTO public.message (id, datetime, receiver_id, sender_id, content) VALUES (397, '2019-11-26 22:33:57.234084', 35, 119, 'Hey, wanna go to the bar today?');
INSERT INTO public.message (id, datetime, receiver_id, sender_id, content) VALUES (398, '2019-11-26 22:33:57.234084', 387, 203, 'Our life with database became much easier!');
INSERT INTO public.message (id, datetime, receiver_id, sender_id, content) VALUES (399, '2019-11-26 22:33:57.234084', 101, 48, 'Our life with database became much easier!');
INSERT INTO public.message (id, datetime, receiver_id, sender_id, content) VALUES (400, '2019-11-26 22:33:57.234084', 203, 101, 'Hey, wanna go to the bar today?');
INSERT INTO public.message (id, datetime, receiver_id, sender_id, content) VALUES (401, '2019-11-26 22:33:57.234084', 335, 101, 'Our life with database became much easier!');
INSERT INTO public.message (id, datetime, receiver_id, sender_id, content) VALUES (402, '2019-11-26 22:33:57.234084', 387, 48, 'Hey, wanna go to the bar today?');
INSERT INTO public.message (id, datetime, receiver_id, sender_id, content) VALUES (403, '2019-11-26 22:33:57.234084', 351, 91, 'Our life with database became much easier!');
INSERT INTO public.message (id, datetime, receiver_id, sender_id, content) VALUES (404, '2019-11-26 22:33:57.234084', 91, 158, 'Hey, wanna go to the bar today?');
INSERT INTO public.message (id, datetime, receiver_id, sender_id, content) VALUES (405, '2019-11-26 22:33:57.234084', 119, 194, 'Our life with database became much easier!');
INSERT INTO public.message (id, datetime, receiver_id, sender_id, content) VALUES (406, '2019-11-26 22:33:57.234084', 48, 103, 'Hey, wanna go to the bar today?');
INSERT INTO public.message (id, datetime, receiver_id, sender_id, content) VALUES (407, '2019-11-26 22:33:57.234084', 387, 387, 'Our life with database became much easier!');
INSERT INTO public.message (id, datetime, receiver_id, sender_id, content) VALUES (408, '2019-11-26 22:33:57.234084', 361, 351, 'Hey, wanna go to the bar today?');
INSERT INTO public.message (id, datetime, receiver_id, sender_id, content) VALUES (409, '2019-11-26 22:33:57.234084', 119, 158, 'Our life with database became much easier!');
INSERT INTO public.message (id, datetime, receiver_id, sender_id, content) VALUES (410, '2019-11-26 22:33:57.234084', 361, 194, 'Hey, wanna go to the bar today?');
INSERT INTO public.message (id, datetime, receiver_id, sender_id, content) VALUES (411, '2019-11-26 22:33:57.234084', 203, 361, 'Hey, wanna go to the bar today?');
INSERT INTO public.message (id, datetime, receiver_id, sender_id, content) VALUES (412, '2019-11-26 22:33:57.234084', 351, 48, 'Our life with database became much easier!');
INSERT INTO public.message (id, datetime, receiver_id, sender_id, content) VALUES (413, '2019-11-26 22:33:57.234084', 35, 35, 'Hey, wanna go to the bar today?');
INSERT INTO public.message (id, datetime, receiver_id, sender_id, content) VALUES (414, '2019-11-26 22:33:57.234084', 103, 203, 'Hey, wanna go to the bar today?');
INSERT INTO public.message (id, datetime, receiver_id, sender_id, content) VALUES (415, '2019-11-26 22:33:57.234084', 351, 91, 'Our life with database became much easier!');
INSERT INTO public.message (id, datetime, receiver_id, sender_id, content) VALUES (416, '2019-11-26 22:33:57.234084', 91, 35, 'Our life with database became much easier!');
INSERT INTO public.message (id, datetime, receiver_id, sender_id, content) VALUES (417, '2019-11-26 22:33:57.234084', 103, 119, 'Our life with database became much easier!');
INSERT INTO public.message (id, datetime, receiver_id, sender_id, content) VALUES (418, '2019-11-26 22:33:57.234084', 387, 351, 'Hey, wanna go to the bar today?');
INSERT INTO public.message (id, datetime, receiver_id, sender_id, content) VALUES (419, '2019-11-26 22:33:57.234084', 117, 387, 'Hey, wanna go to the bar today?');
INSERT INTO public.message (id, datetime, receiver_id, sender_id, content) VALUES (420, '2019-11-26 22:33:57.234084', 158, 119, 'Our life with database became much easier!');
INSERT INTO public.message (id, datetime, receiver_id, sender_id, content) VALUES (421, '2019-11-26 22:33:57.234084', 101, 335, 'Hey, wanna go to the bar today?');
INSERT INTO public.message (id, datetime, receiver_id, sender_id, content) VALUES (422, '2019-11-26 22:33:57.234084', 194, 361, 'Our life with database became much easier!');
INSERT INTO public.message (id, datetime, receiver_id, sender_id, content) VALUES (423, '2019-11-26 22:33:57.234084', 158, 203, 'Our life with database became much easier!');
INSERT INTO public.message (id, datetime, receiver_id, sender_id, content) VALUES (424, '2019-11-26 22:33:57.234084', 387, 101, 'Hey, wanna go to the bar today?');
INSERT INTO public.message (id, datetime, receiver_id, sender_id, content) VALUES (425, '2019-11-26 22:33:57.234084', 91, 103, 'Hey, wanna go to the bar today?');
INSERT INTO public.message (id, datetime, receiver_id, sender_id, content) VALUES (426, '2019-11-26 22:33:57.234084', 203, 194, 'Hey, wanna go to the bar today?');
INSERT INTO public.message (id, datetime, receiver_id, sender_id, content) VALUES (427, '2019-11-26 22:33:57.234084', 119, 335, 'Hey, wanna go to the bar today?');
INSERT INTO public.message (id, datetime, receiver_id, sender_id, content) VALUES (428, '2019-11-26 22:33:57.234084', 194, 387, 'Our life with database became much easier!');
INSERT INTO public.message (id, datetime, receiver_id, sender_id, content) VALUES (429, '2019-11-26 22:33:57.234084', 335, 351, 'Hey, wanna go to the bar today?');
INSERT INTO public.message (id, datetime, receiver_id, sender_id, content) VALUES (430, '2019-11-26 22:33:57.234084', 35, 203, 'Our life with database became much easier!');
INSERT INTO public.message (id, datetime, receiver_id, sender_id, content) VALUES (431, '2019-11-26 22:33:57.234084', 158, 319, 'Our life with database became much easier!');
INSERT INTO public.message (id, datetime, receiver_id, sender_id, content) VALUES (432, '2019-11-26 22:33:57.234084', 194, 35, 'Our life with database became much easier!');
INSERT INTO public.message (id, datetime, receiver_id, sender_id, content) VALUES (433, '2019-11-26 22:33:57.234084', 91, 119, 'Our life with database became much easier!');
INSERT INTO public.message (id, datetime, receiver_id, sender_id, content) VALUES (434, '2019-11-26 22:33:57.234084', 119, 48, 'Our life with database became much easier!');
INSERT INTO public.message (id, datetime, receiver_id, sender_id, content) VALUES (435, '2019-11-26 22:33:57.234084', 91, 117, 'Hey, wanna go to the bar today?');
INSERT INTO public.message (id, datetime, receiver_id, sender_id, content) VALUES (436, '2019-11-26 22:33:57.234084', 103, 194, 'Hey, wanna go to the bar today?');
INSERT INTO public.message (id, datetime, receiver_id, sender_id, content) VALUES (437, '2019-11-26 22:33:57.234084', 387, 351, 'Hey, wanna go to the bar today?');
INSERT INTO public.message (id, datetime, receiver_id, sender_id, content) VALUES (438, '2019-11-26 22:33:57.234084', 91, 351, 'Hey, wanna go to the bar today?');
INSERT INTO public.message (id, datetime, receiver_id, sender_id, content) VALUES (439, '2019-11-26 22:33:57.234084', 91, 361, 'Our life with database became much easier!');
INSERT INTO public.message (id, datetime, receiver_id, sender_id, content) VALUES (440, '2019-11-26 22:33:57.234084', 351, 361, 'Our life with database became much easier!');
INSERT INTO public.message (id, datetime, receiver_id, sender_id, content) VALUES (441, '2019-11-26 22:33:57.234084', 48, 158, 'Hey, wanna go to the bar today?');
INSERT INTO public.message (id, datetime, receiver_id, sender_id, content) VALUES (442, '2019-11-26 22:33:57.234084', 101, 117, 'Hey, wanna go to the bar today?');
INSERT INTO public.message (id, datetime, receiver_id, sender_id, content) VALUES (443, '2019-11-26 22:33:57.234084', 203, 101, 'Hey, wanna go to the bar today?');
INSERT INTO public.message (id, datetime, receiver_id, sender_id, content) VALUES (444, '2019-11-26 22:33:57.234084', 319, 35, 'Our life with database became much easier!');
INSERT INTO public.message (id, datetime, receiver_id, sender_id, content) VALUES (445, '2019-11-26 22:33:57.234084', 351, 91, 'Our life with database became much easier!');
INSERT INTO public.message (id, datetime, receiver_id, sender_id, content) VALUES (446, '2019-11-26 22:33:57.234084', 387, 387, 'Our life with database became much easier!');
INSERT INTO public.message (id, datetime, receiver_id, sender_id, content) VALUES (447, '2019-11-26 22:33:57.234084', 351, 351, 'Hey, wanna go to the bar today?');
INSERT INTO public.message (id, datetime, receiver_id, sender_id, content) VALUES (448, '2019-11-26 22:33:57.234084', 117, 335, 'Our life with database became much easier!');
INSERT INTO public.message (id, datetime, receiver_id, sender_id, content) VALUES (449, '2019-11-26 22:33:57.234084', 91, 119, 'Our life with database became much easier!');
INSERT INTO public.message (id, datetime, receiver_id, sender_id, content) VALUES (450, '2019-11-26 22:33:57.234084', 203, 35, 'Our life with database became much easier!');
INSERT INTO public.message (id, datetime, receiver_id, sender_id, content) VALUES (451, '2019-11-26 22:33:57.234084', 387, 117, 'Our life with database became much easier!');
INSERT INTO public.message (id, datetime, receiver_id, sender_id, content) VALUES (452, '2019-11-26 22:33:57.234084', 194, 335, 'Hey, wanna go to the bar today?');
INSERT INTO public.message (id, datetime, receiver_id, sender_id, content) VALUES (453, '2019-11-26 22:33:57.234084', 203, 103, 'Our life with database became much easier!');
INSERT INTO public.message (id, datetime, receiver_id, sender_id, content) VALUES (454, '2019-11-26 22:33:57.234084', 361, 361, 'Hey, wanna go to the bar today?');
INSERT INTO public.message (id, datetime, receiver_id, sender_id, content) VALUES (455, '2019-11-26 22:33:57.234084', 101, 91, 'Hey, wanna go to the bar today?');
INSERT INTO public.message (id, datetime, receiver_id, sender_id, content) VALUES (456, '2019-11-26 22:33:57.234084', 203, 351, 'Our life with database became much easier!');
INSERT INTO public.message (id, datetime, receiver_id, sender_id, content) VALUES (457, '2019-11-26 22:33:57.234084', 351, 35, 'Our life with database became much easier!');
INSERT INTO public.message (id, datetime, receiver_id, sender_id, content) VALUES (458, '2019-11-26 22:33:57.234084', 194, 361, 'Hey, wanna go to the bar today?');
INSERT INTO public.message (id, datetime, receiver_id, sender_id, content) VALUES (459, '2019-11-26 22:33:57.234084', 103, 48, 'Hey, wanna go to the bar today?');
INSERT INTO public.message (id, datetime, receiver_id, sender_id, content) VALUES (460, '2019-11-26 22:33:57.234084', 91, 335, 'Hey, wanna go to the bar today?');
INSERT INTO public.message (id, datetime, receiver_id, sender_id, content) VALUES (461, '2019-11-26 22:33:57.234084', 91, 387, 'Our life with database became much easier!');
INSERT INTO public.message (id, datetime, receiver_id, sender_id, content) VALUES (462, '2019-11-26 22:33:57.234084', 351, 119, 'Hey, wanna go to the bar today?');
INSERT INTO public.message (id, datetime, receiver_id, sender_id, content) VALUES (463, '2019-11-26 22:33:57.234084', 319, 351, 'Our life with database became much easier!');
INSERT INTO public.message (id, datetime, receiver_id, sender_id, content) VALUES (464, '2019-11-26 22:33:57.234084', 335, 35, 'Our life with database became much easier!');
INSERT INTO public.message (id, datetime, receiver_id, sender_id, content) VALUES (465, '2019-11-26 22:33:57.234084', 387, 91, 'Our life with database became much easier!');
INSERT INTO public.message (id, datetime, receiver_id, sender_id, content) VALUES (466, '2019-11-26 22:33:57.234084', 335, 101, 'Hey, wanna go to the bar today?');
INSERT INTO public.message (id, datetime, receiver_id, sender_id, content) VALUES (467, '2019-11-26 22:33:57.234084', 101, 91, 'Hey, wanna go to the bar today?');
INSERT INTO public.message (id, datetime, receiver_id, sender_id, content) VALUES (468, '2019-11-26 22:33:57.234084', 361, 103, 'Our life with database became much easier!');
INSERT INTO public.notification (patient_id, receptionist_id, datetime, content) VALUES (305, 158, '2021-12-18 16:29:00.000000', 'You have to do something');
INSERT INTO public.notification (patient_id, receptionist_id, datetime, content) VALUES (330, 24, '2021-05-15 14:58:00.000000', 'You have to do something');
INSERT INTO public.notification (patient_id, receptionist_id, datetime, content) VALUES (79, 321, '2021-10-16 16:47:00.000000', 'You have to do something');
INSERT INTO public.notification (patient_id, receptionist_id, datetime, content) VALUES (359, 194, '2020-03-21 10:03:00.000000', 'You have to do something');
INSERT INTO public.notification (patient_id, receptionist_id, datetime, content) VALUES (328, 321, '2020-01-04 11:48:00.000000', 'You have to do something');
INSERT INTO public.notification (patient_id, receptionist_id, datetime, content) VALUES (17, 158, '2020-06-23 08:32:00.000000', 'You have to do something');
INSERT INTO public.notification (patient_id, receptionist_id, datetime, content) VALUES (328, 289, '2020-09-03 09:23:00.000000', 'You have to do something');
INSERT INTO public.notification (patient_id, receptionist_id, datetime, content) VALUES (331, 12, '2022-03-12 09:27:00.000000', 'You have to do something');
INSERT INTO public.notification (patient_id, receptionist_id, datetime, content) VALUES (27, 180, '2021-05-03 12:59:00.000000', 'You have to do something');
INSERT INTO public.notification (patient_id, receptionist_id, datetime, content) VALUES (359, 180, '2020-05-23 11:13:00.000000', 'You have to do something');
INSERT INTO public.notification (patient_id, receptionist_id, datetime, content) VALUES (112, 224, '2021-12-03 17:03:00.000000', 'You have to do something');
INSERT INTO public.notification (patient_id, receptionist_id, datetime, content) VALUES (156, 289, '2022-03-17 16:48:00.000000', 'You have to do something');
INSERT INTO public.notification (patient_id, receptionist_id, datetime, content) VALUES (254, 58, '2020-05-23 10:32:00.000000', 'You have to do something');
INSERT INTO public.notification (patient_id, receptionist_id, datetime, content) VALUES (353, 319, '2021-02-14 08:02:00.000000', 'You have to do something');
INSERT INTO public.notification (patient_id, receptionist_id, datetime, content) VALUES (198, 24, '2022-01-10 15:08:00.000000', 'You have to do something');
INSERT INTO public.notification (patient_id, receptionist_id, datetime, content) VALUES (381, 126, '2021-01-02 12:07:00.000000', 'You have to do something');
INSERT INTO public.notification (patient_id, receptionist_id, datetime, content) VALUES (275, 180, '2022-05-10 11:27:00.000000', 'You have to do something');
INSERT INTO public.notification (patient_id, receptionist_id, datetime, content) VALUES (348, 194, '2020-04-24 15:48:00.000000', 'You have to do something');
INSERT INTO public.notification (patient_id, receptionist_id, datetime, content) VALUES (303, 321, '2021-07-13 12:12:00.000000', 'You have to do something');
INSERT INTO public.notification (patient_id, receptionist_id, datetime, content) VALUES (114, 289, '2021-06-26 08:50:00.000000', 'You have to do something');
INSERT INTO public.notification (patient_id, receptionist_id, datetime, content) VALUES (284, 12, '2022-05-05 08:19:00.000000', 'You have to do something');
INSERT INTO public.notification (patient_id, receptionist_id, datetime, content) VALUES (112, 24, '2022-10-17 10:16:00.000000', 'You have to do something');
INSERT INTO public.notification (patient_id, receptionist_id, datetime, content) VALUES (284, 319, '2022-12-06 09:36:00.000000', 'You have to do something');
INSERT INTO public.notification (patient_id, receptionist_id, datetime, content) VALUES (149, 289, '2021-07-22 13:26:00.000000', 'You have to do something');
INSERT INTO public.notification (patient_id, receptionist_id, datetime, content) VALUES (327, 319, '2020-06-03 13:45:00.000000', 'You have to do something');
INSERT INTO public.notification (patient_id, receptionist_id, datetime, content) VALUES (7, 180, '2020-12-12 17:41:00.000000', 'You have to do something');
INSERT INTO public.notification (patient_id, receptionist_id, datetime, content) VALUES (53, 24, '2020-12-19 12:24:00.000000', 'You have to do something');
INSERT INTO public.notification (patient_id, receptionist_id, datetime, content) VALUES (284, 289, '2022-03-24 12:35:00.000000', 'You have to do something');
INSERT INTO public.notification (patient_id, receptionist_id, datetime, content) VALUES (359, 58, '2021-12-15 08:13:00.000000', 'You have to do something');
INSERT INTO public.notification (patient_id, receptionist_id, datetime, content) VALUES (169, 58, '2022-05-16 11:00:00.000000', 'You have to do something');
INSERT INTO public.notification (patient_id, receptionist_id, datetime, content) VALUES (359, 126, '2022-06-13 17:36:00.000000', 'You have to do something');
INSERT INTO public.notification (patient_id, receptionist_id, datetime, content) VALUES (278, 180, '2022-08-10 10:25:00.000000', 'You have to do something');
INSERT INTO public.notification (patient_id, receptionist_id, datetime, content) VALUES (27, 12, '2022-07-13 17:56:00.000000', 'You have to do something');
INSERT INTO public.notification (patient_id, receptionist_id, datetime, content) VALUES (284, 24, '2020-01-19 12:35:00.000000', 'You have to do something');
INSERT INTO public.notification (patient_id, receptionist_id, datetime, content) VALUES (393, 33, '2020-08-24 08:47:00.000000', 'You have to do something');
INSERT INTO public.notification (patient_id, receptionist_id, datetime, content) VALUES (95, 180, '2020-09-09 18:46:00.000000', 'You have to do something');
INSERT INTO public.notification (patient_id, receptionist_id, datetime, content) VALUES (254, 224, '2022-04-09 16:31:00.000000', 'You have to do something');
INSERT INTO public.receipt (id, is_used, validity_end_date, patient_id, doctor_id) VALUES (41, false, '2019-12-26', 214, 140);
INSERT INTO public.receipt (id, is_used, validity_end_date, patient_id, doctor_id) VALUES (42, true, '2019-12-26', 17, 258);
INSERT INTO public.receipt (id, is_used, validity_end_date, patient_id, doctor_id) VALUES (43, false, '2019-12-26', 284, 140);
INSERT INTO public.receipt (id, is_used, validity_end_date, patient_id, doctor_id) VALUES (44, false, '2019-12-26', 53, 75);
INSERT INTO public.receipt (id, is_used, validity_end_date, patient_id, doctor_id) VALUES (45, false, '2019-12-26', 156, 367);
INSERT INTO public.receipt (id, is_used, validity_end_date, patient_id, doctor_id) VALUES (46, false, '2019-12-26', 275, 101);
INSERT INTO public.receipt (id, is_used, validity_end_date, patient_id, doctor_id) VALUES (47, false, '2019-12-26', 53, 20);
INSERT INTO public.receipt (id, is_used, validity_end_date, patient_id, doctor_id) VALUES (48, false, '2019-12-26', 393, 75);
INSERT INTO public.receipt (id, is_used, validity_end_date, patient_id, doctor_id) VALUES (49, false, '2019-12-26', 254, 238);
INSERT INTO public.receipt (id, is_used, validity_end_date, patient_id, doctor_id) VALUES (50, false, '2019-12-26', 198, 378);
INSERT INTO public.receipt (id, is_used, validity_end_date, patient_id, doctor_id) VALUES (51, false, '2019-12-26', 146, 99);
INSERT INTO public.receipt (id, is_used, validity_end_date, patient_id, doctor_id) VALUES (52, false, '2019-12-26', 275, 378);
INSERT INTO public.receipt (id, is_used, validity_end_date, patient_id, doctor_id) VALUES (53, true, '2019-12-26', 149, 11);
INSERT INTO public.receipt (id, is_used, validity_end_date, patient_id, doctor_id) VALUES (54, false, '2019-12-26', 169, 77);
INSERT INTO public.receipt (id, is_used, validity_end_date, patient_id, doctor_id) VALUES (55, true, '2019-12-26', 169, 35);
INSERT INTO public.receipt (id, is_used, validity_end_date, patient_id, doctor_id) VALUES (56, true, '2019-12-26', 131, 238);
INSERT INTO public.receipt (id, is_used, validity_end_date, patient_id, doctor_id) VALUES (57, false, '2019-12-26', 198, 35);
INSERT INTO public.receipt (id, is_used, validity_end_date, patient_id, doctor_id) VALUES (58, false, '2019-12-26', 278, 293);
INSERT INTO public.receipt (id, is_used, validity_end_date, patient_id, doctor_id) VALUES (59, true, '2019-12-26', 305, 99);
INSERT INTO public.receipt (id, is_used, validity_end_date, patient_id, doctor_id) VALUES (60, false, '2019-12-26', 125, 258);
INSERT INTO public.receiptcontainsdrugs (receipt_id, drug_id, quantity) VALUES (52, 11, 3);
INSERT INTO public.receiptcontainsdrugs (receipt_id, drug_id, quantity) VALUES (52, 10, 3);
INSERT INTO public.receiptcontainsdrugs (receipt_id, drug_id, quantity) VALUES (52, 9, 1);
INSERT INTO public.receiptcontainsdrugs (receipt_id, drug_id, quantity) VALUES (46, 9, 2);
INSERT INTO public.receiptcontainsdrugs (receipt_id, drug_id, quantity) VALUES (42, 12, 3);
INSERT INTO public.receiptcontainsdrugs (receipt_id, drug_id, quantity) VALUES (49, 10, 2);
INSERT INTO public.receiptcontainsdrugs (receipt_id, drug_id, quantity) VALUES (49, 11, 3);
INSERT INTO public.receiptcontainsdrugs (receipt_id, drug_id, quantity) VALUES (49, 12, 2);
INSERT INTO public.receiptcontainsdrugs (receipt_id, drug_id, quantity) VALUES (57, 9, 2);
INSERT INTO public.receiptcontainsdrugs (receipt_id, drug_id, quantity) VALUES (57, 10, 2);
INSERT INTO public.receiptcontainsdrugs (receipt_id, drug_id, quantity) VALUES (57, 11, 2);
INSERT INTO public.receiptcontainsdrugs (receipt_id, drug_id, quantity) VALUES (57, 12, 3);
INSERT INTO public.receiptcontainsdrugs (receipt_id, drug_id, quantity) VALUES (59, 9, 2);
INSERT INTO public.receiptcontainsdrugs (receipt_id, drug_id, quantity) VALUES (44, 10, 2);
INSERT INTO public.receiptcontainsdrugs (receipt_id, drug_id, quantity) VALUES (44, 12, 2);
INSERT INTO public.receiptcontainsdrugs (receipt_id, drug_id, quantity) VALUES (44, 11, 3);
INSERT INTO public.receiptcontainsdrugs (receipt_id, drug_id, quantity) VALUES (53, 10, 1);
INSERT INTO public.receiptcontainsdrugs (receipt_id, drug_id, quantity) VALUES (53, 11, 1);
INSERT INTO public.receiptcontainsdrugs (receipt_id, drug_id, quantity) VALUES (53, 9, 3);
INSERT INTO public.receiptcontainsdrugs (receipt_id, drug_id, quantity) VALUES (53, 12, 1);
INSERT INTO public.receiptcontainsdrugs (receipt_id, drug_id, quantity) VALUES (58, 11, 2);
INSERT INTO public.receiptcontainsdrugs (receipt_id, drug_id, quantity) VALUES (58, 12, 3);
INSERT INTO public.receiptcontainsdrugs (receipt_id, drug_id, quantity) VALUES (41, 10, 1);
INSERT INTO public.receiptcontainsdrugs (receipt_id, drug_id, quantity) VALUES (56, 11, 1);
INSERT INTO public.receiptcontainsdrugs (receipt_id, drug_id, quantity) VALUES (50, 12, 3);
INSERT INTO public.receiptcontainsdrugs (receipt_id, drug_id, quantity) VALUES (51, 10, 3);
INSERT INTO public.receiptcontainsdrugs (receipt_id, drug_id, quantity) VALUES (51, 12, 2);
INSERT INTO public.receiptcontainsdrugs (receipt_id, drug_id, quantity) VALUES (48, 12, 1);
INSERT INTO public.receiptcontainsdrugs (receipt_id, drug_id, quantity) VALUES (48, 10, 1);
INSERT INTO public.receiptcontainsdrugs (receipt_id, drug_id, quantity) VALUES (60, 9, 2);
INSERT INTO public.receiptcontainsdrugs (receipt_id, drug_id, quantity) VALUES (60, 10, 2);
INSERT INTO public.receiptcontainsdrugs (receipt_id, drug_id, quantity) VALUES (60, 12, 3);
INSERT INTO public.receiptcontainsdrugs (receipt_id, drug_id, quantity) VALUES (54, 12, 3);
INSERT INTO public.receiptcontainsdrugs (receipt_id, drug_id, quantity) VALUES (54, 10, 2);
INSERT INTO public.receiptcontainsdrugs (receipt_id, drug_id, quantity) VALUES (45, 12, 1);
INSERT INTO public.report (id, content, patient_id, medical_history_item_id) VALUES (101, 'This is report about illness', 390, null);
INSERT INTO public.report (id, content, patient_id, medical_history_item_id) VALUES (102, 'This is report about illness', 393, 117);
INSERT INTO public.report (id, content, patient_id, medical_history_item_id) VALUES (103, 'This is report about illness', 393, 107);
INSERT INTO public.report (id, content, patient_id, medical_history_item_id) VALUES (104, 'This is report about illness', 303, 137);
INSERT INTO public.report (id, content, patient_id, medical_history_item_id) VALUES (105, 'This is report about illness', 17, null);
INSERT INTO public.report (id, content, patient_id, medical_history_item_id) VALUES (106, 'This is report about illness', 130, 132);
INSERT INTO public.report (id, content, patient_id, medical_history_item_id) VALUES (107, 'This is report about illness', 345, 109);
INSERT INTO public.report (id, content, patient_id, medical_history_item_id) VALUES (108, 'This is report about illness', 381, 144);
INSERT INTO public.report (id, content, patient_id, medical_history_item_id) VALUES (109, 'This is report about illness', 17, null);
INSERT INTO public.report (id, content, patient_id, medical_history_item_id) VALUES (110, 'This is report about illness', 130, 132);
INSERT INTO public.report (id, content, patient_id, medical_history_item_id) VALUES (111, 'This is report about illness', 345, 119);
INSERT INTO public.report (id, content, patient_id, medical_history_item_id) VALUES (112, 'This is report about illness', 214, 147);
INSERT INTO public.report (id, content, patient_id, medical_history_item_id) VALUES (113, 'This is report about illness', 393, 112);
INSERT INTO public.report (id, content, patient_id, medical_history_item_id) VALUES (114, 'This is report about illness', 53, 129);
INSERT INTO public.report (id, content, patient_id, medical_history_item_id) VALUES (115, 'This is report about illness', 275, null);
INSERT INTO public.report (id, content, patient_id, medical_history_item_id) VALUES (116, 'This is report about illness', 27, 145);
INSERT INTO public.report (id, content, patient_id, medical_history_item_id) VALUES (117, 'This is report about illness', 303, null);
INSERT INTO public.report (id, content, patient_id, medical_history_item_id) VALUES (118, 'This is report about illness', 381, 144);
INSERT INTO public.report (id, content, patient_id, medical_history_item_id) VALUES (119, 'This is report about illness', 27, null);
INSERT INTO public.report (id, content, patient_id, medical_history_item_id) VALUES (120, 'This is report about illness', 149, null);
INSERT INTO public.report (id, content, patient_id, medical_history_item_id) VALUES (121, 'This is report about illness', 284, 134);
INSERT INTO public.report (id, content, patient_id, medical_history_item_id) VALUES (122, 'This is report about illness', 112, null);
INSERT INTO public.report (id, content, patient_id, medical_history_item_id) VALUES (123, 'This is report about illness', 114, null);
INSERT INTO public.report (id, content, patient_id, medical_history_item_id) VALUES (124, 'This is report about illness', 95, null);
INSERT INTO public.report (id, content, patient_id, medical_history_item_id) VALUES (125, 'This is report about illness', 331, null);
INSERT INTO public.report (id, content, patient_id, medical_history_item_id) VALUES (126, 'This is report about illness', 390, 141);
INSERT INTO public.report (id, content, patient_id, medical_history_item_id) VALUES (127, 'This is report about illness', 327, 103);
INSERT INTO public.report (id, content, patient_id, medical_history_item_id) VALUES (128, 'This is report about illness', 131, null);
INSERT INTO public.report (id, content, patient_id, medical_history_item_id) VALUES (129, 'This is report about illness', 278, null);
INSERT INTO public.report (id, content, patient_id, medical_history_item_id) VALUES (130, 'This is report about illness', 169, null);
INSERT INTO public.report (id, content, patient_id, medical_history_item_id) VALUES (131, 'This is report about illness', 198, null);
INSERT INTO public.report (id, content, patient_id, medical_history_item_id) VALUES (132, 'This is report about illness', 17, null);
INSERT INTO public.report (id, content, patient_id, medical_history_item_id) VALUES (133, 'This is report about illness', 156, null);
INSERT INTO public.report (id, content, patient_id, medical_history_item_id) VALUES (134, 'This is report about illness', 114, null);
INSERT INTO public.report (id, content, patient_id, medical_history_item_id) VALUES (135, 'This is report about illness', 254, null);
INSERT INTO public.report (id, content, patient_id, medical_history_item_id) VALUES (136, 'This is report about illness', 353, null);
INSERT INTO public.report (id, content, patient_id, medical_history_item_id) VALUES (137, 'This is report about illness', 389, null);
INSERT INTO public.report (id, content, patient_id, medical_history_item_id) VALUES (138, 'This is report about illness', 7, 122);
INSERT INTO public.report (id, content, patient_id, medical_history_item_id) VALUES (139, 'This is report about illness', 328, null);
INSERT INTO public.report (id, content, patient_id, medical_history_item_id) VALUES (140, 'This is report about illness', 214, null);
INSERT INTO public.report (id, content, patient_id, medical_history_item_id) VALUES (141, 'This is report about illness', 169, 115);
INSERT INTO public.report (id, content, patient_id, medical_history_item_id) VALUES (142, 'This is report about illness', 53, 146);
INSERT INTO public.report (id, content, patient_id, medical_history_item_id) VALUES (143, 'This is report about illness', 81, null);
INSERT INTO public.report (id, content, patient_id, medical_history_item_id) VALUES (144, 'This is report about illness', 17, null);
INSERT INTO public.report (id, content, patient_id, medical_history_item_id) VALUES (145, 'This is report about illness', 254, null);
INSERT INTO public.report (id, content, patient_id, medical_history_item_id) VALUES (146, 'This is report about illness', 214, null);
INSERT INTO public.report (id, content, patient_id, medical_history_item_id) VALUES (147, 'This is report about illness', 53, 129);
INSERT INTO public.report (id, content, patient_id, medical_history_item_id) VALUES (148, 'This is report about illness', 53, 129);
INSERT INTO public.report (id, content, patient_id, medical_history_item_id) VALUES (149, 'This is report about illness', 345, 120);
INSERT INTO public.report (id, content, patient_id, medical_history_item_id) VALUES (150, 'This is report about illness', 146, 135);
INSERT INTO public.weekday (name) VALUES ('monday');
INSERT INTO public.weekday (name) VALUES ('tuesday');
INSERT INTO public.weekday (name) VALUES ('wednesday');
INSERT INTO public.weekday (name) VALUES ('thursday');
INSERT INTO public.weekday (name) VALUES ('friday');
INSERT INTO public.weekday (name) VALUES ('saturday');
INSERT INTO public.weekday (name) VALUES ('sunday');
INSERT INTO public.workdaystaff (day_name, staff_ssn) VALUES ('friday', 206);
INSERT INTO public.workdaystaff (day_name, staff_ssn) VALUES ('thursday', 206);
INSERT INTO public.workdaystaff (day_name, staff_ssn) VALUES ('monday', 206);
INSERT INTO public.workdaystaff (day_name, staff_ssn) VALUES ('tuesday', 206);
INSERT INTO public.workdaystaff (day_name, staff_ssn) VALUES ('friday', 339);
INSERT INTO public.workdaystaff (day_name, staff_ssn) VALUES ('saturday', 339);
INSERT INTO public.workdaystaff (day_name, staff_ssn) VALUES ('tuesday', 339);
INSERT INTO public.workdaystaff (day_name, staff_ssn) VALUES ('wednesday', 339);
INSERT INTO public.workdaystaff (day_name, staff_ssn) VALUES ('saturday', 246);
INSERT INTO public.workdaystaff (day_name, staff_ssn) VALUES ('thursday', 246);
INSERT INTO public.workdaystaff (day_name, staff_ssn) VALUES ('friday', 246);
INSERT INTO public.workdaystaff (day_name, staff_ssn) VALUES ('monday', 246);
INSERT INTO public.workdaystaff (day_name, staff_ssn) VALUES ('sunday', 157);
INSERT INTO public.workdaystaff (day_name, staff_ssn) VALUES ('friday', 157);
INSERT INTO public.workdaystaff (day_name, staff_ssn) VALUES ('monday', 157);
INSERT INTO public.workdaystaff (day_name, staff_ssn) VALUES ('thursday', 157);
INSERT INTO public.workdaystaff (day_name, staff_ssn) VALUES ('friday', 94);
INSERT INTO public.workdaystaff (day_name, staff_ssn) VALUES ('tuesday', 94);
INSERT INTO public.workdaystaff (day_name, staff_ssn) VALUES ('sunday', 94);
INSERT INTO public.workdaystaff (day_name, staff_ssn) VALUES ('monday', 94);
INSERT INTO public.workdaystaff (day_name, staff_ssn) VALUES ('friday', 100);
INSERT INTO public.workdaystaff (day_name, staff_ssn) VALUES ('thursday', 100);
INSERT INTO public.workdaystaff (day_name, staff_ssn) VALUES ('wednesday', 100);
INSERT INTO public.workdaystaff (day_name, staff_ssn) VALUES ('sunday', 100);
INSERT INTO public.workdaystaff (day_name, staff_ssn) VALUES ('saturday', 320);
INSERT INTO public.workdaystaff (day_name, staff_ssn) VALUES ('thursday', 320);
INSERT INTO public.workdaystaff (day_name, staff_ssn) VALUES ('tuesday', 320);
INSERT INTO public.workdaystaff (day_name, staff_ssn) VALUES ('wednesday', 320);
INSERT INTO public.workdaystaff (day_name, staff_ssn) VALUES ('tuesday', 141);
INSERT INTO public.workdaystaff (day_name, staff_ssn) VALUES ('sunday', 141);
INSERT INTO public.workdaystaff (day_name, staff_ssn) VALUES ('thursday', 141);
INSERT INTO public.workdaystaff (day_name, staff_ssn) VALUES ('wednesday', 141);
INSERT INTO public.workdaystaff (day_name, staff_ssn) VALUES ('friday', 117);
INSERT INTO public.workdaystaff (day_name, staff_ssn) VALUES ('monday', 117);
INSERT INTO public.workdaystaff (day_name, staff_ssn) VALUES ('thursday', 117);
INSERT INTO public.workdaystaff (day_name, staff_ssn) VALUES ('tuesday', 117);
INSERT INTO public.workdaystaff (day_name, staff_ssn) VALUES ('wednesday', 234);
INSERT INTO public.workdaystaff (day_name, staff_ssn) VALUES ('thursday', 234);
INSERT INTO public.workdaystaff (day_name, staff_ssn) VALUES ('saturday', 234);
INSERT INTO public.workdaystaff (day_name, staff_ssn) VALUES ('sunday', 234);
INSERT INTO public.workdaystaff (day_name, staff_ssn) VALUES ('sunday', 171);
INSERT INTO public.workdaystaff (day_name, staff_ssn) VALUES ('thursday', 171);
INSERT INTO public.workdaystaff (day_name, staff_ssn) VALUES ('saturday', 171);
INSERT INTO public.workdaystaff (day_name, staff_ssn) VALUES ('friday', 171);
INSERT INTO public.workdaystaff (day_name, staff_ssn) VALUES ('wednesday', 296);
INSERT INTO public.workdaystaff (day_name, staff_ssn) VALUES ('sunday', 296);
INSERT INTO public.workdaystaff (day_name, staff_ssn) VALUES ('monday', 296);
INSERT INTO public.workdaystaff (day_name, staff_ssn) VALUES ('tuesday', 296);
INSERT INTO public.workdaystaff (day_name, staff_ssn) VALUES ('friday', 387);
INSERT INTO public.workdaystaff (day_name, staff_ssn) VALUES ('wednesday', 387);
INSERT INTO public.workdaystaff (day_name, staff_ssn) VALUES ('sunday', 387);
INSERT INTO public.workdaystaff (day_name, staff_ssn) VALUES ('tuesday', 387);
INSERT INTO public.workdaystaff (day_name, staff_ssn) VALUES ('wednesday', 24);
INSERT INTO public.workdaystaff (day_name, staff_ssn) VALUES ('monday', 24);
INSERT INTO public.workdaystaff (day_name, staff_ssn) VALUES ('saturday', 24);
INSERT INTO public.workdaystaff (day_name, staff_ssn) VALUES ('friday', 24);
INSERT INTO public.workdaystaff (day_name, staff_ssn) VALUES ('tuesday', 201);
INSERT INTO public.workdaystaff (day_name, staff_ssn) VALUES ('thursday', 201);
INSERT INTO public.workdaystaff (day_name, staff_ssn) VALUES ('saturday', 201);
INSERT INTO public.workdaystaff (day_name, staff_ssn) VALUES ('wednesday', 201);
INSERT INTO public.workdaystaff (day_name, staff_ssn) VALUES ('thursday', 16);
INSERT INTO public.workdaystaff (day_name, staff_ssn) VALUES ('sunday', 16);
INSERT INTO public.workdaystaff (day_name, staff_ssn) VALUES ('saturday', 16);
INSERT INTO public.workdaystaff (day_name, staff_ssn) VALUES ('wednesday', 16);
INSERT INTO public.workdaystaff (day_name, staff_ssn) VALUES ('wednesday', 8);
INSERT INTO public.workdaystaff (day_name, staff_ssn) VALUES ('saturday', 8);
INSERT INTO public.workdaystaff (day_name, staff_ssn) VALUES ('thursday', 8);
INSERT INTO public.workdaystaff (day_name, staff_ssn) VALUES ('sunday', 8);
INSERT INTO public.workdaystaff (day_name, staff_ssn) VALUES ('wednesday', 316);
INSERT INTO public.workdaystaff (day_name, staff_ssn) VALUES ('saturday', 316);
INSERT INTO public.workdaystaff (day_name, staff_ssn) VALUES ('tuesday', 316);
INSERT INTO public.workdaystaff (day_name, staff_ssn) VALUES ('thursday', 316);
INSERT INTO public.workdaystaff (day_name, staff_ssn) VALUES ('tuesday', 180);
INSERT INTO public.workdaystaff (day_name, staff_ssn) VALUES ('wednesday', 180);
INSERT INTO public.workdaystaff (day_name, staff_ssn) VALUES ('thursday', 180);
INSERT INTO public.workdaystaff (day_name, staff_ssn) VALUES ('saturday', 180);
INSERT INTO public.workdaystaff (day_name, staff_ssn) VALUES ('sunday', 12);
INSERT INTO public.workdaystaff (day_name, staff_ssn) VALUES ('saturday', 12);
INSERT INTO public.workdaystaff (day_name, staff_ssn) VALUES ('tuesday', 12);
INSERT INTO public.workdaystaff (day_name, staff_ssn) VALUES ('monday', 12);
INSERT INTO public.workdaystaff (day_name, staff_ssn) VALUES ('tuesday', 28);
INSERT INTO public.workdaystaff (day_name, staff_ssn) VALUES ('monday', 28);
INSERT INTO public.workdaystaff (day_name, staff_ssn) VALUES ('sunday', 28);
INSERT INTO public.workdaystaff (day_name, staff_ssn) VALUES ('friday', 28);
INSERT INTO public.workdaystaff (day_name, staff_ssn) VALUES ('tuesday', 293);
INSERT INTO public.workdaystaff (day_name, staff_ssn) VALUES ('thursday', 293);
INSERT INTO public.workdaystaff (day_name, staff_ssn) VALUES ('saturday', 293);
INSERT INTO public.workdaystaff (day_name, staff_ssn) VALUES ('friday', 293);
INSERT INTO public.workdaystaff (day_name, staff_ssn) VALUES ('sunday', 251);
INSERT INTO public.workdaystaff (day_name, staff_ssn) VALUES ('wednesday', 251);
INSERT INTO public.workdaystaff (day_name, staff_ssn) VALUES ('friday', 251);
INSERT INTO public.workdaystaff (day_name, staff_ssn) VALUES ('monday', 251);
INSERT INTO public.workdaystaff (day_name, staff_ssn) VALUES ('saturday', 165);
INSERT INTO public.workdaystaff (day_name, staff_ssn) VALUES ('thursday', 165);
INSERT INTO public.workdaystaff (day_name, staff_ssn) VALUES ('tuesday', 165);
INSERT INTO public.workdaystaff (day_name, staff_ssn) VALUES ('sunday', 165);
INSERT INTO public.workdaystaff (day_name, staff_ssn) VALUES ('monday', 38);
INSERT INTO public.workdaystaff (day_name, staff_ssn) VALUES ('thursday', 38);
INSERT INTO public.workdaystaff (day_name, staff_ssn) VALUES ('wednesday', 38);
INSERT INTO public.workdaystaff (day_name, staff_ssn) VALUES ('friday', 38);
INSERT INTO public.workdaystaff (day_name, staff_ssn) VALUES ('friday', 315);
INSERT INTO public.workdaystaff (day_name, staff_ssn) VALUES ('thursday', 315);
INSERT INTO public.workdaystaff (day_name, staff_ssn) VALUES ('saturday', 315);
INSERT INTO public.workdaystaff (day_name, staff_ssn) VALUES ('monday', 315);
INSERT INTO public.workdaystaff (day_name, staff_ssn) VALUES ('wednesday', 75);
INSERT INTO public.workdaystaff (day_name, staff_ssn) VALUES ('thursday', 75);
INSERT INTO public.workdaystaff (day_name, staff_ssn) VALUES ('sunday', 75);
INSERT INTO public.workdaystaff (day_name, staff_ssn) VALUES ('friday', 75);
INSERT INTO public.workdaystaff (day_name, staff_ssn) VALUES ('friday', 203);
INSERT INTO public.workdaystaff (day_name, staff_ssn) VALUES ('sunday', 203);
INSERT INTO public.workdaystaff (day_name, staff_ssn) VALUES ('thursday', 203);
INSERT INTO public.workdaystaff (day_name, staff_ssn) VALUES ('tuesday', 203);
INSERT INTO public.workdaystaff (day_name, staff_ssn) VALUES ('tuesday', 48);
INSERT INTO public.workdaystaff (day_name, staff_ssn) VALUES ('friday', 48);
INSERT INTO public.workdaystaff (day_name, staff_ssn) VALUES ('saturday', 48);
INSERT INTO public.workdaystaff (day_name, staff_ssn) VALUES ('thursday', 48);
INSERT INTO public.workdaystaff (day_name, staff_ssn) VALUES ('thursday', 204);
INSERT INTO public.workdaystaff (day_name, staff_ssn) VALUES ('tuesday', 204);
INSERT INTO public.workdaystaff (day_name, staff_ssn) VALUES ('friday', 204);
INSERT INTO public.workdaystaff (day_name, staff_ssn) VALUES ('saturday', 204);
INSERT INTO public.workdaystaff (day_name, staff_ssn) VALUES ('saturday', 132);
INSERT INTO public.workdaystaff (day_name, staff_ssn) VALUES ('friday', 132);
INSERT INTO public.workdaystaff (day_name, staff_ssn) VALUES ('tuesday', 132);
INSERT INTO public.workdaystaff (day_name, staff_ssn) VALUES ('wednesday', 132);
INSERT INTO public.workdaystaff (day_name, staff_ssn) VALUES ('wednesday', 119);
INSERT INTO public.workdaystaff (day_name, staff_ssn) VALUES ('monday', 119);
INSERT INTO public.workdaystaff (day_name, staff_ssn) VALUES ('friday', 119);
INSERT INTO public.workdaystaff (day_name, staff_ssn) VALUES ('tuesday', 119);
INSERT INTO public.workdaystaff (day_name, staff_ssn) VALUES ('thursday', 140);
INSERT INTO public.workdaystaff (day_name, staff_ssn) VALUES ('wednesday', 140);
INSERT INTO public.workdaystaff (day_name, staff_ssn) VALUES ('tuesday', 140);
INSERT INTO public.workdaystaff (day_name, staff_ssn) VALUES ('sunday', 140);
INSERT INTO public.workdaystaff (day_name, staff_ssn) VALUES ('monday', 258);
INSERT INTO public.workdaystaff (day_name, staff_ssn) VALUES ('saturday', 258);
INSERT INTO public.workdaystaff (day_name, staff_ssn) VALUES ('thursday', 258);
INSERT INTO public.workdaystaff (day_name, staff_ssn) VALUES ('tuesday', 258);
INSERT INTO public.workdaystaff (day_name, staff_ssn) VALUES ('sunday', 153);
INSERT INTO public.workdaystaff (day_name, staff_ssn) VALUES ('saturday', 153);
INSERT INTO public.workdaystaff (day_name, staff_ssn) VALUES ('friday', 153);
INSERT INTO public.workdaystaff (day_name, staff_ssn) VALUES ('wednesday', 153);
INSERT INTO public.workdaystaff (day_name, staff_ssn) VALUES ('wednesday', 103);
INSERT INTO public.workdaystaff (day_name, staff_ssn) VALUES ('tuesday', 103);
INSERT INTO public.workdaystaff (day_name, staff_ssn) VALUES ('thursday', 103);
INSERT INTO public.workdaystaff (day_name, staff_ssn) VALUES ('saturday', 103);
INSERT INTO public.workdaystaff (day_name, staff_ssn) VALUES ('saturday', 378);
INSERT INTO public.workdaystaff (day_name, staff_ssn) VALUES ('thursday', 378);
INSERT INTO public.workdaystaff (day_name, staff_ssn) VALUES ('wednesday', 378);
INSERT INTO public.workdaystaff (day_name, staff_ssn) VALUES ('tuesday', 378);
INSERT INTO public.workdaystaff (day_name, staff_ssn) VALUES ('wednesday', 361);
INSERT INTO public.workdaystaff (day_name, staff_ssn) VALUES ('tuesday', 361);
INSERT INTO public.workdaystaff (day_name, staff_ssn) VALUES ('saturday', 361);
INSERT INTO public.workdaystaff (day_name, staff_ssn) VALUES ('sunday', 361);
INSERT INTO public.workdaystaff (day_name, staff_ssn) VALUES ('thursday', 321);
INSERT INTO public.workdaystaff (day_name, staff_ssn) VALUES ('sunday', 321);
INSERT INTO public.workdaystaff (day_name, staff_ssn) VALUES ('friday', 321);
INSERT INTO public.workdaystaff (day_name, staff_ssn) VALUES ('wednesday', 321);
INSERT INTO public.workdaystaff (day_name, staff_ssn) VALUES ('monday', 355);
INSERT INTO public.workdaystaff (day_name, staff_ssn) VALUES ('sunday', 355);
INSERT INTO public.workdaystaff (day_name, staff_ssn) VALUES ('wednesday', 355);
INSERT INTO public.workdaystaff (day_name, staff_ssn) VALUES ('thursday', 355);
INSERT INTO public.workdaystaff (day_name, staff_ssn) VALUES ('tuesday', 20);
INSERT INTO public.workdaystaff (day_name, staff_ssn) VALUES ('saturday', 20);
INSERT INTO public.workdaystaff (day_name, staff_ssn) VALUES ('sunday', 20);
INSERT INTO public.workdaystaff (day_name, staff_ssn) VALUES ('friday', 20);
INSERT INTO public.workdaystaff (day_name, staff_ssn) VALUES ('friday', 50);
INSERT INTO public.workdaystaff (day_name, staff_ssn) VALUES ('sunday', 50);
INSERT INTO public.workdaystaff (day_name, staff_ssn) VALUES ('wednesday', 50);
INSERT INTO public.workdaystaff (day_name, staff_ssn) VALUES ('thursday', 50);
INSERT INTO public.workdaystaff (day_name, staff_ssn) VALUES ('wednesday', 287);
INSERT INTO public.workdaystaff (day_name, staff_ssn) VALUES ('monday', 287);
INSERT INTO public.workdaystaff (day_name, staff_ssn) VALUES ('tuesday', 287);
INSERT INTO public.workdaystaff (day_name, staff_ssn) VALUES ('saturday', 287);
INSERT INTO public.workdaystaff (day_name, staff_ssn) VALUES ('tuesday', 194);
INSERT INTO public.workdaystaff (day_name, staff_ssn) VALUES ('saturday', 194);
INSERT INTO public.workdaystaff (day_name, staff_ssn) VALUES ('wednesday', 194);
INSERT INTO public.workdaystaff (day_name, staff_ssn) VALUES ('thursday', 194);
INSERT INTO public.workdaystaff (day_name, staff_ssn) VALUES ('saturday', 98);
INSERT INTO public.workdaystaff (day_name, staff_ssn) VALUES ('wednesday', 98);
INSERT INTO public.workdaystaff (day_name, staff_ssn) VALUES ('sunday', 98);
INSERT INTO public.workdaystaff (day_name, staff_ssn) VALUES ('thursday', 98);
INSERT INTO public.workdaystaff (day_name, staff_ssn) VALUES ('sunday', 276);
INSERT INTO public.workdaystaff (day_name, staff_ssn) VALUES ('wednesday', 276);
INSERT INTO public.workdaystaff (day_name, staff_ssn) VALUES ('friday', 276);
INSERT INTO public.workdaystaff (day_name, staff_ssn) VALUES ('saturday', 276);
INSERT INTO public.workdaystaff (day_name, staff_ssn) VALUES ('saturday', 367);
INSERT INTO public.workdaystaff (day_name, staff_ssn) VALUES ('tuesday', 367);
INSERT INTO public.workdaystaff (day_name, staff_ssn) VALUES ('sunday', 367);
INSERT INTO public.workdaystaff (day_name, staff_ssn) VALUES ('monday', 367);
INSERT INTO public.workdaystaff (day_name, staff_ssn) VALUES ('saturday', 205);
INSERT INTO public.workdaystaff (day_name, staff_ssn) VALUES ('tuesday', 205);
INSERT INTO public.workdaystaff (day_name, staff_ssn) VALUES ('friday', 205);
INSERT INTO public.workdaystaff (day_name, staff_ssn) VALUES ('monday', 205);
INSERT INTO public.workdaystaff (day_name, staff_ssn) VALUES ('wednesday', 147);
INSERT INTO public.workdaystaff (day_name, staff_ssn) VALUES ('monday', 147);
INSERT INTO public.workdaystaff (day_name, staff_ssn) VALUES ('friday', 147);
INSERT INTO public.workdaystaff (day_name, staff_ssn) VALUES ('thursday', 147);
INSERT INTO public.workdaystaff (day_name, staff_ssn) VALUES ('tuesday', 58);
INSERT INTO public.workdaystaff (day_name, staff_ssn) VALUES ('wednesday', 58);
INSERT INTO public.workdaystaff (day_name, staff_ssn) VALUES ('saturday', 58);
INSERT INTO public.workdaystaff (day_name, staff_ssn) VALUES ('thursday', 58);
INSERT INTO public.workdaystaff (day_name, staff_ssn) VALUES ('sunday', 189);
INSERT INTO public.workdaystaff (day_name, staff_ssn) VALUES ('saturday', 189);
INSERT INTO public.workdaystaff (day_name, staff_ssn) VALUES ('friday', 189);
INSERT INTO public.workdaystaff (day_name, staff_ssn) VALUES ('wednesday', 189);
INSERT INTO public.workdaystaff (day_name, staff_ssn) VALUES ('sunday', 312);
INSERT INTO public.workdaystaff (day_name, staff_ssn) VALUES ('tuesday', 312);
INSERT INTO public.workdaystaff (day_name, staff_ssn) VALUES ('thursday', 312);
INSERT INTO public.workdaystaff (day_name, staff_ssn) VALUES ('monday', 312);
INSERT INTO public.workdaystaff (day_name, staff_ssn) VALUES ('thursday', 102);
INSERT INTO public.workdaystaff (day_name, staff_ssn) VALUES ('saturday', 102);
INSERT INTO public.workdaystaff (day_name, staff_ssn) VALUES ('friday', 102);
INSERT INTO public.workdaystaff (day_name, staff_ssn) VALUES ('wednesday', 102);
INSERT INTO public.workdaystaff (day_name, staff_ssn) VALUES ('friday', 397);
INSERT INTO public.workdaystaff (day_name, staff_ssn) VALUES ('monday', 397);
INSERT INTO public.workdaystaff (day_name, staff_ssn) VALUES ('saturday', 397);
INSERT INTO public.workdaystaff (day_name, staff_ssn) VALUES ('sunday', 397);
INSERT INTO public.workdaystaff (day_name, staff_ssn) VALUES ('thursday', 255);
INSERT INTO public.workdaystaff (day_name, staff_ssn) VALUES ('saturday', 255);
INSERT INTO public.workdaystaff (day_name, staff_ssn) VALUES ('monday', 255);
INSERT INTO public.workdaystaff (day_name, staff_ssn) VALUES ('friday', 255);
INSERT INTO public.workdaystaff (day_name, staff_ssn) VALUES ('sunday', 35);
INSERT INTO public.workdaystaff (day_name, staff_ssn) VALUES ('monday', 35);
INSERT INTO public.workdaystaff (day_name, staff_ssn) VALUES ('saturday', 35);
INSERT INTO public.workdaystaff (day_name, staff_ssn) VALUES ('wednesday', 35);
INSERT INTO public.workdaystaff (day_name, staff_ssn) VALUES ('friday', 69);
INSERT INTO public.workdaystaff (day_name, staff_ssn) VALUES ('wednesday', 69);
INSERT INTO public.workdaystaff (day_name, staff_ssn) VALUES ('tuesday', 69);
INSERT INTO public.workdaystaff (day_name, staff_ssn) VALUES ('saturday', 69);
INSERT INTO public.workdaystaff (day_name, staff_ssn) VALUES ('friday', 310);
INSERT INTO public.workdaystaff (day_name, staff_ssn) VALUES ('tuesday', 310);
INSERT INTO public.workdaystaff (day_name, staff_ssn) VALUES ('wednesday', 310);
INSERT INTO public.workdaystaff (day_name, staff_ssn) VALUES ('saturday', 310);
INSERT INTO public.workdaystaff (day_name, staff_ssn) VALUES ('thursday', 285);
INSERT INTO public.workdaystaff (day_name, staff_ssn) VALUES ('friday', 285);
INSERT INTO public.workdaystaff (day_name, staff_ssn) VALUES ('saturday', 285);
INSERT INTO public.workdaystaff (day_name, staff_ssn) VALUES ('tuesday', 285);
INSERT INTO public.workdaystaff (day_name, staff_ssn) VALUES ('friday', 318);
INSERT INTO public.workdaystaff (day_name, staff_ssn) VALUES ('monday', 318);
INSERT INTO public.workdaystaff (day_name, staff_ssn) VALUES ('tuesday', 318);
INSERT INTO public.workdaystaff (day_name, staff_ssn) VALUES ('thursday', 318);
INSERT INTO public.workdaystaff (day_name, staff_ssn) VALUES ('saturday', 349);
INSERT INTO public.workdaystaff (day_name, staff_ssn) VALUES ('thursday', 349);
INSERT INTO public.workdaystaff (day_name, staff_ssn) VALUES ('sunday', 349);
INSERT INTO public.workdaystaff (day_name, staff_ssn) VALUES ('wednesday', 349);
INSERT INTO public.workdaystaff (day_name, staff_ssn) VALUES ('tuesday', 64);
INSERT INTO public.workdaystaff (day_name, staff_ssn) VALUES ('monday', 64);
INSERT INTO public.workdaystaff (day_name, staff_ssn) VALUES ('sunday', 64);
INSERT INTO public.workdaystaff (day_name, staff_ssn) VALUES ('saturday', 64);
INSERT INTO public.workdaystaff (day_name, staff_ssn) VALUES ('thursday', 11);
INSERT INTO public.workdaystaff (day_name, staff_ssn) VALUES ('wednesday', 11);
INSERT INTO public.workdaystaff (day_name, staff_ssn) VALUES ('tuesday', 11);
INSERT INTO public.workdaystaff (day_name, staff_ssn) VALUES ('saturday', 11);
INSERT INTO public.workdaystaff (day_name, staff_ssn) VALUES ('friday', 226);
INSERT INTO public.workdaystaff (day_name, staff_ssn) VALUES ('saturday', 226);
INSERT INTO public.workdaystaff (day_name, staff_ssn) VALUES ('monday', 226);
INSERT INTO public.workdaystaff (day_name, staff_ssn) VALUES ('thursday', 226);
INSERT INTO public.workdaystaff (day_name, staff_ssn) VALUES ('friday', 85);
INSERT INTO public.workdaystaff (day_name, staff_ssn) VALUES ('saturday', 85);
INSERT INTO public.workdaystaff (day_name, staff_ssn) VALUES ('thursday', 85);
INSERT INTO public.workdaystaff (day_name, staff_ssn) VALUES ('monday', 85);
INSERT INTO public.workdaystaff (day_name, staff_ssn) VALUES ('friday', 351);
INSERT INTO public.workdaystaff (day_name, staff_ssn) VALUES ('thursday', 351);
INSERT INTO public.workdaystaff (day_name, staff_ssn) VALUES ('wednesday', 351);
INSERT INTO public.workdaystaff (day_name, staff_ssn) VALUES ('saturday', 351);
INSERT INTO public.workdaystaff (day_name, staff_ssn) VALUES ('friday', 395);
INSERT INTO public.workdaystaff (day_name, staff_ssn) VALUES ('monday', 395);
INSERT INTO public.workdaystaff (day_name, staff_ssn) VALUES ('sunday', 395);
INSERT INTO public.workdaystaff (day_name, staff_ssn) VALUES ('saturday', 395);
INSERT INTO public.workdaystaff (day_name, staff_ssn) VALUES ('thursday', 76);
INSERT INTO public.workdaystaff (day_name, staff_ssn) VALUES ('tuesday', 76);
INSERT INTO public.workdaystaff (day_name, staff_ssn) VALUES ('friday', 76);
INSERT INTO public.workdaystaff (day_name, staff_ssn) VALUES ('saturday', 76);
INSERT INTO public.workdaystaff (day_name, staff_ssn) VALUES ('saturday', 99);
INSERT INTO public.workdaystaff (day_name, staff_ssn) VALUES ('wednesday', 99);
INSERT INTO public.workdaystaff (day_name, staff_ssn) VALUES ('thursday', 99);
INSERT INTO public.workdaystaff (day_name, staff_ssn) VALUES ('tuesday', 99);
INSERT INTO public.workdaystaff (day_name, staff_ssn) VALUES ('monday', 158);
INSERT INTO public.workdaystaff (day_name, staff_ssn) VALUES ('tuesday', 158);
INSERT INTO public.workdaystaff (day_name, staff_ssn) VALUES ('friday', 158);
INSERT INTO public.workdaystaff (day_name, staff_ssn) VALUES ('thursday', 158);
INSERT INTO public.workdaystaff (day_name, staff_ssn) VALUES ('friday', 290);
INSERT INTO public.workdaystaff (day_name, staff_ssn) VALUES ('saturday', 290);
INSERT INTO public.workdaystaff (day_name, staff_ssn) VALUES ('sunday', 290);
INSERT INTO public.workdaystaff (day_name, staff_ssn) VALUES ('wednesday', 290);
INSERT INTO public.workdaystaff (day_name, staff_ssn) VALUES ('monday', 392);
INSERT INTO public.workdaystaff (day_name, staff_ssn) VALUES ('sunday', 392);
INSERT INTO public.workdaystaff (day_name, staff_ssn) VALUES ('wednesday', 392);
INSERT INTO public.workdaystaff (day_name, staff_ssn) VALUES ('thursday', 392);
INSERT INTO public.workdaystaff (day_name, staff_ssn) VALUES ('tuesday', 319);
INSERT INTO public.workdaystaff (day_name, staff_ssn) VALUES ('monday', 319);
INSERT INTO public.workdaystaff (day_name, staff_ssn) VALUES ('wednesday', 319);
INSERT INTO public.workdaystaff (day_name, staff_ssn) VALUES ('sunday', 319);
INSERT INTO public.workdaystaff (day_name, staff_ssn) VALUES ('tuesday', 335);
INSERT INTO public.workdaystaff (day_name, staff_ssn) VALUES ('saturday', 335);
INSERT INTO public.workdaystaff (day_name, staff_ssn) VALUES ('monday', 335);
INSERT INTO public.workdaystaff (day_name, staff_ssn) VALUES ('sunday', 335);
INSERT INTO public.workdaystaff (day_name, staff_ssn) VALUES ('wednesday', 135);
INSERT INTO public.workdaystaff (day_name, staff_ssn) VALUES ('sunday', 135);
INSERT INTO public.workdaystaff (day_name, staff_ssn) VALUES ('tuesday', 135);
INSERT INTO public.workdaystaff (day_name, staff_ssn) VALUES ('monday', 135);
INSERT INTO public.workdaystaff (day_name, staff_ssn) VALUES ('friday', 260);
INSERT INTO public.workdaystaff (day_name, staff_ssn) VALUES ('wednesday', 260);
INSERT INTO public.workdaystaff (day_name, staff_ssn) VALUES ('sunday', 260);
INSERT INTO public.workdaystaff (day_name, staff_ssn) VALUES ('tuesday', 260);
INSERT INTO public.workdaystaff (day_name, staff_ssn) VALUES ('friday', 191);
INSERT INTO public.workdaystaff (day_name, staff_ssn) VALUES ('thursday', 191);
INSERT INTO public.workdaystaff (day_name, staff_ssn) VALUES ('saturday', 191);
INSERT INTO public.workdaystaff (day_name, staff_ssn) VALUES ('wednesday', 191);
INSERT INTO public.workdaystaff (day_name, staff_ssn) VALUES ('thursday', 91);
INSERT INTO public.workdaystaff (day_name, staff_ssn) VALUES ('sunday', 91);
INSERT INTO public.workdaystaff (day_name, staff_ssn) VALUES ('tuesday', 91);
INSERT INTO public.workdaystaff (day_name, staff_ssn) VALUES ('friday', 91);
INSERT INTO public.workdaystaff (day_name, staff_ssn) VALUES ('friday', 33);
INSERT INTO public.workdaystaff (day_name, staff_ssn) VALUES ('thursday', 33);
INSERT INTO public.workdaystaff (day_name, staff_ssn) VALUES ('wednesday', 33);
INSERT INTO public.workdaystaff (day_name, staff_ssn) VALUES ('sunday', 33);
INSERT INTO public.workdaystaff (day_name, staff_ssn) VALUES ('sunday', 67);
INSERT INTO public.workdaystaff (day_name, staff_ssn) VALUES ('thursday', 67);
INSERT INTO public.workdaystaff (day_name, staff_ssn) VALUES ('saturday', 67);
INSERT INTO public.workdaystaff (day_name, staff_ssn) VALUES ('friday', 67);
INSERT INTO public.workdaystaff (day_name, staff_ssn) VALUES ('sunday', 143);
INSERT INTO public.workdaystaff (day_name, staff_ssn) VALUES ('monday', 143);
INSERT INTO public.workdaystaff (day_name, staff_ssn) VALUES ('tuesday', 143);
INSERT INTO public.workdaystaff (day_name, staff_ssn) VALUES ('thursday', 143);
INSERT INTO public.workdaystaff (day_name, staff_ssn) VALUES ('thursday', 238);
INSERT INTO public.workdaystaff (day_name, staff_ssn) VALUES ('sunday', 238);
INSERT INTO public.workdaystaff (day_name, staff_ssn) VALUES ('saturday', 238);
INSERT INTO public.workdaystaff (day_name, staff_ssn) VALUES ('tuesday', 238);
INSERT INTO public.workdaystaff (day_name, staff_ssn) VALUES ('saturday', 77);
INSERT INTO public.workdaystaff (day_name, staff_ssn) VALUES ('tuesday', 77);
INSERT INTO public.workdaystaff (day_name, staff_ssn) VALUES ('friday', 77);
INSERT INTO public.workdaystaff (day_name, staff_ssn) VALUES ('wednesday', 77);
INSERT INTO public.workdaystaff (day_name, staff_ssn) VALUES ('tuesday', 126);
INSERT INTO public.workdaystaff (day_name, staff_ssn) VALUES ('saturday', 126);
INSERT INTO public.workdaystaff (day_name, staff_ssn) VALUES ('friday', 126);
INSERT INTO public.workdaystaff (day_name, staff_ssn) VALUES ('wednesday', 126);
INSERT INTO public.workdaystaff (day_name, staff_ssn) VALUES ('sunday', 261);
INSERT INTO public.workdaystaff (day_name, staff_ssn) VALUES ('saturday', 261);
INSERT INTO public.workdaystaff (day_name, staff_ssn) VALUES ('thursday', 261);
INSERT INTO public.workdaystaff (day_name, staff_ssn) VALUES ('wednesday', 261);
INSERT INTO public.workdaystaff (day_name, staff_ssn) VALUES ('thursday', 1);
INSERT INTO public.workdaystaff (day_name, staff_ssn) VALUES ('wednesday', 1);
INSERT INTO public.workdaystaff (day_name, staff_ssn) VALUES ('saturday', 1);
INSERT INTO public.workdaystaff (day_name, staff_ssn) VALUES ('tuesday', 1);
INSERT INTO public.workdaystaff (day_name, staff_ssn) VALUES ('thursday', 279);
INSERT INTO public.workdaystaff (day_name, staff_ssn) VALUES ('saturday', 279);
INSERT INTO public.workdaystaff (day_name, staff_ssn) VALUES ('sunday', 279);
INSERT INTO public.workdaystaff (day_name, staff_ssn) VALUES ('monday', 279);
INSERT INTO public.workdaystaff (day_name, staff_ssn) VALUES ('sunday', 0);
INSERT INTO public.workdaystaff (day_name, staff_ssn) VALUES ('monday', 0);
INSERT INTO public.workdaystaff (day_name, staff_ssn) VALUES ('thursday', 0);
INSERT INTO public.workdaystaff (day_name, staff_ssn) VALUES ('wednesday', 0);
INSERT INTO public.workdaystaff (day_name, staff_ssn) VALUES ('thursday', 317);
INSERT INTO public.workdaystaff (day_name, staff_ssn) VALUES ('monday', 317);
INSERT INTO public.workdaystaff (day_name, staff_ssn) VALUES ('tuesday', 317);
INSERT INTO public.workdaystaff (day_name, staff_ssn) VALUES ('sunday', 317);
INSERT INTO public.workdaystaff (day_name, staff_ssn) VALUES ('tuesday', 227);
INSERT INTO public.workdaystaff (day_name, staff_ssn) VALUES ('sunday', 227);
INSERT INTO public.workdaystaff (day_name, staff_ssn) VALUES ('friday', 227);
INSERT INTO public.workdaystaff (day_name, staff_ssn) VALUES ('saturday', 227);
INSERT INTO public.workdaystaff (day_name, staff_ssn) VALUES ('friday', 323);
INSERT INTO public.workdaystaff (day_name, staff_ssn) VALUES ('tuesday', 323);
INSERT INTO public.workdaystaff (day_name, staff_ssn) VALUES ('saturday', 323);
INSERT INTO public.workdaystaff (day_name, staff_ssn) VALUES ('monday', 323);
INSERT INTO public.workdaystaff (day_name, staff_ssn) VALUES ('sunday', 73);
INSERT INTO public.workdaystaff (day_name, staff_ssn) VALUES ('wednesday', 73);
INSERT INTO public.workdaystaff (day_name, staff_ssn) VALUES ('saturday', 73);
INSERT INTO public.workdaystaff (day_name, staff_ssn) VALUES ('monday', 73);
INSERT INTO public.workdaystaff (day_name, staff_ssn) VALUES ('thursday', 224);
INSERT INTO public.workdaystaff (day_name, staff_ssn) VALUES ('monday', 224);
INSERT INTO public.workdaystaff (day_name, staff_ssn) VALUES ('saturday', 224);
INSERT INTO public.workdaystaff (day_name, staff_ssn) VALUES ('friday', 224);
INSERT INTO public.workdaystaff (day_name, staff_ssn) VALUES ('saturday', 101);
INSERT INTO public.workdaystaff (day_name, staff_ssn) VALUES ('sunday', 101);
INSERT INTO public.workdaystaff (day_name, staff_ssn) VALUES ('monday', 101);
INSERT INTO public.workdaystaff (day_name, staff_ssn) VALUES ('tuesday', 101);
INSERT INTO public.workdaystaff (day_name, staff_ssn) VALUES ('monday', 218);
INSERT INTO public.workdaystaff (day_name, staff_ssn) VALUES ('sunday', 218);
INSERT INTO public.workdaystaff (day_name, staff_ssn) VALUES ('wednesday', 218);
INSERT INTO public.workdaystaff (day_name, staff_ssn) VALUES ('saturday', 218);
INSERT INTO public.workdaystaff (day_name, staff_ssn) VALUES ('wednesday', 172);
INSERT INTO public.workdaystaff (day_name, staff_ssn) VALUES ('friday', 172);
INSERT INTO public.workdaystaff (day_name, staff_ssn) VALUES ('saturday', 172);
INSERT INTO public.workdaystaff (day_name, staff_ssn) VALUES ('sunday', 172);
INSERT INTO public.workdaystaff (day_name, staff_ssn) VALUES ('saturday', 19);
INSERT INTO public.workdaystaff (day_name, staff_ssn) VALUES ('monday', 19);
INSERT INTO public.workdaystaff (day_name, staff_ssn) VALUES ('sunday', 19);
INSERT INTO public.workdaystaff (day_name, staff_ssn) VALUES ('friday', 19);
INSERT INTO public.workdaystaff (day_name, staff_ssn) VALUES ('monday', 223);
INSERT INTO public.workdaystaff (day_name, staff_ssn) VALUES ('wednesday', 223);
INSERT INTO public.workdaystaff (day_name, staff_ssn) VALUES ('sunday', 223);
INSERT INTO public.workdaystaff (day_name, staff_ssn) VALUES ('friday', 223);
INSERT INTO public.workdaystaff (day_name, staff_ssn) VALUES ('saturday', 289);
INSERT INTO public.workdaystaff (day_name, staff_ssn) VALUES ('sunday', 289);
INSERT INTO public.workdaystaff (day_name, staff_ssn) VALUES ('tuesday', 289);
INSERT INTO public.workdaystaff (day_name, staff_ssn) VALUES ('thursday', 289);
INSERT INTO public.workdaystaff (day_name, staff_ssn) VALUES ('wednesday', 57);
INSERT INTO public.workdaystaff (day_name, staff_ssn) VALUES ('saturday', 57);
INSERT INTO public.workdaystaff (day_name, staff_ssn) VALUES ('friday', 57);
INSERT INTO public.workdaystaff (day_name, staff_ssn) VALUES ('thursday', 57);

COMMIT;